{"type": "FeatureCollection", "features": [{"type": "Feature", "geometry": {"type": "Point", "coordinates": [-84.0368745, 33.6762754]}, "properties": {"name": "Pactiv Substation", "power": "substation", "substation": "industrial", "voltage": "46000", "osm_id": "node/9689407940", "gridlock_state": "GA"}}, {"type": "Feature", "geometry": {"type": "Point", "coordinates": [-83.8887848, 33.6346711]}, "properties": {"name": "Martin Marietta Substation", "power": "substation", "substation": "industrial", "voltage": "46000", "osm_id": "node/9689408273", "gridlock_state": "GA"}}, {"type": "Feature", "geometry": {"type": "Point", "coordinates": [-83.0702805, 33.5382323]}, "properties": {"name": "Vulcan Materials Substation", "power": "substation", "substation": "industrial", "voltage": "46000", "osm_id": "node/9695594850", "gridlock_state": "GA"}}, {"type": "Feature", "geometry": {"type": "Point", "coordinates": [-85.1427159, 33.7091924]}, "properties": {"barrier": "fence", "name": "Bremen Primary Substation", "operator": "Georgia Power", "operator:wikidata": "Q5547666", "power": "substation", "substation": "transmission", "voltage": "230000", "osm_id": "way/9307582", "gridlock_state": "GA"}}, {"type": "Feature", "geometry": {"type": "Point", "coordinates": [-82.7919045, 34.7144353]}, "properties": {"barrier": "fence", "location": "outdoor", "name": "Central Tie Substation", "operator": "Duke Energy", "operator:wikidata": "Q1264404", "power": "substation", "start_date": "1960s", "substation": "transmission", "voltage": "230000;100000;44000", "osm_id": "way/27766872", "gridlock_state": "SC"}}, {"type": "Feature", "geometry": {"type": "Point", "coordinates": [-82.9100803, 34.9579882]}, "properties": {"barrier": "fence", "name": "Jocassee Switching Station", "operator": "Duke Energy", "operator:wikidata": "Q1264404", "power": "substation", "substation": "switching", "voltage": "230000", "osm_id": "way/30734833", "gridlock_state": "SC"}}, {"type": "Feature", "geometry": {"type": "Point", "coordinates": [-81.9950205, 33.394723]}, "properties": {"barrier": "fence", "name": "Marvin Griffin Road Substation", "operator": "Georgia Power", "operator:wikidata": "Q5547666", "operator:wikipedia": "en:Georgia Power", "power": "substation", "substation": "distribution", "voltage": "115000", "osm_id": "way/52019564", "gridlock_state": "GA"}}, {"type": "Feature", "geometry": {"type": "Point", "coordinates": [-81.9923534, 33.3598434]}, "properties": {"barrier": "fence", "name": "Mcbean Road Substation", "operator": "Georgia Power", "operator:wikidata": "Q5547666", "operator:wikipedia": "en:Georgia Power", "power": "substation", "substation": "distribution", "voltage": "115000", "osm_id": "way/52019565", "gridlock_state": "GA"}}, {"type": "Feature", "geometry": {"type": "Point", "coordinates": [-81.9953118, 33.3197599]}, "properties": {"barrier": "fence", "name": "Goshen Substation", "operator": "Georgia Power", "operator:wikidata": "Q5547666", "power": "substation", "substation": "transmission", "voltage": "230000;115000;12470", "osm_id": "way/52019569", "gridlock_state": "GA"}}, {"type": "Feature", "geometry": {"type": "Point", "coordinates": [-82.0565464, 33.3276123]}, "properties": {"barrier": "fence", "name": "Peach Orchard Substation", "operator": "Georgia Power", "operator:wikidata": "Q5547666", "power": "substation", "substation": "transmission", "voltage": "230000", "osm_id": "way/52020722", "gridlock_state": "GA"}}, {"type": "Feature", "geometry": {"type": "Point", "coordinates": [-82.1496346, 33.3415889]}, "properties": {"barrier": "fence", "name": "Camp Jose V Substation", "operator": "Georgia Power", "operator:wikidata": "Q5547666", "power": "substation", "substation": "transmission", "voltage": "230000", "osm_id": "way/52020827", "gridlock_state": "GA"}}, {"type": "Feature", "geometry": {"type": "Point", "coordinates": [-81.9952914, 33.4338239]}, "properties": {"barrier": "fence", "name": "South Augusta Substation", "operator": "Georgia Power", "operator:wikidata": "Q5547666", "operator:wikipedia": "en:Georgia Power", "power": "substation", "substation": "distribution", "voltage": "230000", "osm_id": "way/52060780", "gridlock_state": "GA"}}, {"type": "Feature", "geometry": {"type": "Point", "coordinates": [-81.6807807, 31.2934589]}, "properties": {"barrier": "fence", "frequency": "60", "location": "outdoor", "name": "Thalmann Substation", "operator": "Georgia Power", "operator:wikidata": "Q5547666", "power": "substation", "substation": "transmission", "voltage": "500000;230000", "osm_id": "way/52068570", "gridlock_state": "GA"}}, {"type": "Feature", "geometry": {"type": "Point", "coordinates": [-82.1436621, 31.4230725]}, "properties": {"barrier": "fence", "name": "Offerman Substation", "operator": "Georgia Power", "operator:wikidata": "Q5547666", "power": "substation", "substation": "transmission", "voltage": "230000;115000", "osm_id": "way/52069715", "gridlock_state": "GA"}}, {"type": "Feature", "geometry": {"type": "Point", "coordinates": [-82.3992088, 31.2233283]}, "properties": {"barrier": "fence", "location": "outdoor", "name": "Waycross Primary Substation", "operator": "Georgia Power", "operator:wikidata": "Q5547666", "power": "substation", "substation": "transmission", "voltage": "230000;115000", "osm_id": "way/52070901", "gridlock_state": "GA"}}, {"type": "Feature", "geometry": {"type": "Point", "coordinates": [-82.1959307, 33.6601273]}, "properties": {"barrier": "fence", "name": "Thurmond Substation", "operator": "Georgia Power", "operator:wikidata": "Q5547666", "operator:wikipedia": "en:Georgia Power", "power": "substation", "substation": "generation", "voltage": "115000", "osm_id": "way/52102019", "gridlock_state": "SC"}}, {"type": "Feature", "geometry": {"type": "Point", "coordinates": [-82.0532936, 33.5616178]}, "properties": {"barrier": "fence", "name": "Stevens Creek Dam Substation", "power": "substation", "substation": "transmission", "voltage": "115000", "osm_id": "way/52102616", "gridlock_state": "GA"}}, {"type": "Feature", "geometry": {"type": "Point", "coordinates": [-82.1686481, 33.5439942]}, "properties": {"barrier": "fence", "name": "Evans Primary Substation", "operator": "Georgia Power", "operator:wikidata": "Q5547666", "operator:wikipedia": "en:Georgia Power", "power": "substation", "substation": "transmission", "voltage": "230000;115000", "osm_id": "way/52103255", "gridlock_state": "GA"}}, {"type": "Feature", "geometry": {"type": "Point", "coordinates": [-82.1785462, 33.4632484]}, "properties": {"barrier": "fence", "name": "Grovetown Primary Substation", "operator": "Georgia Power", "operator:wikidata": "Q5547666", "operator:wikipedia": "en:Georgia Power", "power": "substation", "substation": "distribution", "voltage": "115000", "osm_id": "way/52113765", "gridlock_state": "GA"}}, {"type": "Feature", "geometry": {"type": "Point", "coordinates": [-82.1381803, 33.5068711]}, "properties": {"barrier": "fence", "name": "Ropers Corner Substation", "operator": "Georgia Power", "operator:wikidata": "Q5547666", "operator:wikipedia": "en:Georgia Power", "power": "substation", "substation": "distribution", "voltage": "230000", "osm_id": "way/52116434", "gridlock_state": "GA"}}, {"type": "Feature", "geometry": {"type": "Point", "coordinates": [-82.4025664, 33.7737153]}, "properties": {"barrier": "fence", "location": "outdoor", "name": "Double Branches Road Substation", "operator": "Georgia Power", "operator:wikidata": "Q5547666", "operator:wikipedia": "en:Georgia Power", "power": "substation", "substation": "distribution", "voltage": "115000;25000;12000", "osm_id": "way/52129260", "gridlock_state": "GA"}}, {"type": "Feature", "geometry": {"type": "Point", "coordinates": [-82.8206727, 34.3552126]}, "properties": {"barrier": "fence", "name": "Hartwell Lake Dam Substation", "operator": "Duke Energy", "operator:wikidata": "Q1264404", "power": "substation", "substation": "distribution", "voltage": "230000", "osm_id": "way/52168409", "gridlock_state": "GA"}}, {"type": "Feature", "geometry": {"type": "Point", "coordinates": [-82.821173, 34.3411567]}, "properties": {"barrier": "fence", "name": "Hartwell Energy Facility Substation", "power": "substation", "substation": "generation", "voltage": "230000", "osm_id": "way/52408419", "gridlock_state": "GA"}}, {"type": "Feature", "geometry": {"type": "Point", "coordinates": [-83.3527341, 34.5809462]}, "properties": {"barrier": "fence", "name": "Toccoa Primary Substation", "operator": "Georgia Power", "operator:wikidata": "Q5547666", "power": "substation", "substation": "transmission", "voltage": "115000", "osm_id": "way/52440914", "gridlock_state": "GA"}}, {"type": "Feature", "geometry": {"type": "Point", "coordinates": [-83.4546781, 34.6474824]}, "properties": {"barrier": "fence", "name": "Hollywood Substation", "power": "substation", "substation": "distribution", "voltage": "115000", "osm_id": "way/52566972", "gridlock_state": "GA"}}, {"type": "Feature", "geometry": {"type": "Point", "coordinates": [-83.3783122, 34.7284806]}, "properties": {"barrier": "fence", "name": "Talulah Falls Substation", "power": "substation", "substation": "transmission", "voltage": "115000", "osm_id": "way/52567096", "gridlock_state": "GA"}}, {"type": "Feature", "geometry": {"type": "Point", "coordinates": [-83.8458821, 34.9469818]}, "properties": {"barrier": "fence", "name": "Young Harris Substation", "power": "substation", "substation": "distribution", "voltage": "69000", "osm_id": "way/53070635", "gridlock_state": "GA"}}, {"type": "Feature", "geometry": {"type": "Point", "coordinates": [-84.3702646, 34.9482493]}, "properties": {"barrier": "fence", "name": "Epworth Substation", "operator": "TVA", "operator:wikidata": "Q1367577", "power": "substation", "substation": "distribution", "voltage": "69000", "osm_id": "way/53153098", "gridlock_state": "GA"}}, {"type": "Feature", "geometry": {"type": "Point", "coordinates": [-83.5491296, 31.4780887]}, "properties": {"barrier": "fence", "frequency": "60", "name": "North Tifton Substation (500kV)", "operator": "Georgia Power", "operator:wikidata": "Q5547666", "power": "substation", "substation": "transmission", "voltage": "500000", "osm_id": "way/53154820", "gridlock_state": "GA"}}, {"type": "Feature", "geometry": {"type": "Point", "coordinates": [-83.5445858, 31.4750098]}, "properties": {"barrier": "fence", "name": "North Tifton Substation (115kV)", "operator": "Georgia Power", "operator:wikidata": "Q5547666", "power": "substation", "substation": "transmission", "voltage": "115000", "osm_id": "way/53154821", "gridlock_state": "GA"}}, {"type": "Feature", "geometry": {"type": "Point", "coordinates": [-85.2645175, 34.9553223]}, "properties": {"barrier": "fence", "name": "Oglethorpe Substation", "operator": "Electric Power Board of Chattanooga", "power": "substation", "start_date": "1955", "substation": "transmission", "voltage": "230000;161000", "osm_id": "way/53159889", "gridlock_state": "GA"}}, {"type": "Feature", "geometry": {"type": "Point", "coordinates": [-85.5355455, 34.8184744]}, "properties": {"barrier": "fence", "location": "outdoor", "name": "Crawfish Creek Substation", "power": "substation", "substation": "transmission", "voltage": "230000;115000", "osm_id": "way/53163235", "gridlock_state": "GA"}}, {"type": "Feature", "geometry": {"type": "Point", "coordinates": [-85.0137434, 34.8570189]}, "properties": {"barrier": "fence", "name": "Tunnel Hill Substation", "power": "substation", "substation": "transmission", "voltage": "230000;115000", "osm_id": "way/53164092", "gridlock_state": "GA"}}, {"type": "Feature", "geometry": {"type": "Point", "coordinates": [-85.279941, 34.8392068]}, "properties": {"barrier": "fence", "name": "Rock Spring Substation", "operator": "TVA", "operator:wikidata": "Q1367577", "power": "substation", "substation": "transmission", "voltage": "230000;161000;115000", "osm_id": "way/53165292", "gridlock_state": "GA"}}, {"type": "Feature", "geometry": {"type": "Point", "coordinates": [-85.5340118, 34.7672379]}, "properties": {"barrier": "fence", "name": "Rising Fawn Substation", "operator": "Georgia Power", "operator:wikidata": "Q5547666", "power": "substation", "substation": "distribution", "voltage": "115000", "osm_id": "way/53209856", "gridlock_state": "GA"}}, {"type": "Feature", "geometry": {"type": "Point", "coordinates": [-85.3892323, 35.0160168]}, "properties": {"barrier": "fence", "name": "Cummings Substation", "operator": "EPB", "operator:wikidata": "Q5323836", "power": "substation", "start_date": "2005", "substation": "distribution", "voltage": "161000", "osm_id": "way/53210862", "gridlock_state": ""}}, {"type": "Feature", "geometry": {"type": "Point", "coordinates": [-84.7797961, 34.7616478]}, "properties": {"barrier": "fence", "name": "Chatsworth Substation", "power": "substation", "substation": "distribution", "voltage": "115000", "osm_id": "way/53266082", "gridlock_state": "GA"}}, {"type": "Feature", "geometry": {"type": "Point", "coordinates": [-84.6737976, 34.6123678]}, "properties": {"barrier": "fence", "landuse": "industrial", "name": "Carters Dam Substation", "power": "substation", "substation": "switching", "voltage": "230000", "osm_id": "way/53270552", "gridlock_state": "GA"}}, {"type": "Feature", "geometry": {"type": "Point", "coordinates": [-84.9081602, 34.7030592]}, "properties": {"barrier": "fence", "frequency": "60", "name": "Conasauga Substation", "power": "substation", "substation": "transmission", "voltage": "500000", "osm_id": "way/53271450", "gridlock_state": "GA"}}, {"type": "Feature", "geometry": {"type": "Point", "coordinates": [-85.0017002, 34.744815]}, "properties": {"barrier": "fence", "name": "Dug Gap Substation", "power": "substation", "substation": "distribution", "voltage": "115000", "osm_id": "way/53271674", "gridlock_state": "GA"}}, {"type": "Feature", "geometry": {"type": "Point", "coordinates": [-84.9227792, 34.7088445]}, "properties": {"barrier": "fence", "name": "Thomas A Energy Switching Station", "power": "substation", "substation": "switching", "voltage": "230000", "osm_id": "way/53271797", "gridlock_state": "GA"}}, {"type": "Feature", "geometry": {"type": "Point", "coordinates": [-85.3375288, 34.4719144]}, "properties": {"barrier": "fence", "name": "Summerville Substation", "power": "substation", "substation": "distribution", "voltage": "115000", "osm_id": "way/53352642", "gridlock_state": "GA"}}, {"type": "Feature", "geometry": {"type": "Point", "coordinates": [-85.2726838, 34.7030304]}, "properties": {"barrier": "fence", "name": "LaFayette Primary Substation", "power": "substation", "substation": "distribution", "voltage": "115000", "osm_id": "way/53352702", "gridlock_state": "GA"}}, {"type": "Feature", "geometry": {"type": "Point", "coordinates": [-84.985235, 34.694411]}, "properties": {"barrier": "fence", "name": "Mohawk Substation", "power": "substation", "substation": "distribution", "voltage": "115000", "osm_id": "way/53368941", "gridlock_state": "GA"}}, {"type": "Feature", "geometry": {"type": "Point", "coordinates": [-85.1788767, 34.9347126]}, "properties": {"barrier": "fence", "name": "Battlefield Substation", "power": "substation", "substation": "distribution", "voltage": "230000", "osm_id": "way/53766672", "gridlock_state": "GA"}}, {"type": "Feature", "geometry": {"type": "Point", "coordinates": [-85.2796888, 34.8822865]}, "properties": {"barrier": "fence", "name": "Chickamauga Substation", "power": "substation", "substation": "distribution", "voltage": "115000", "osm_id": "way/53792748", "gridlock_state": "GA"}}, {"type": "Feature", "geometry": {"type": "Point", "coordinates": [-82.4375894, 34.8901831]}, "properties": {"barrier": "fence", "name": "North Greenville Tie Substation", "operator": "Duke Energy", "operator:wikidata": "Q1264404", "power": "substation", "substation": "transmission", "voltage": "230000;100000", "osm_id": "way/58666669", "gridlock_state": "SC"}}, {"type": "Feature", "geometry": {"type": "Point", "coordinates": [-78.7822206, 34.87883]}, "properties": {"barrier": "fence", "name": "Cumberland Substation", "operator": "Duke Energy Progress", "operator:wikidata": "Q1264404", "power": "substation", "substation": "transmission", "voltage": "500000;230000", "osm_id": "way/80434221", "gridlock_state": ""}}, {"type": "Feature", "geometry": {"type": "Point", "coordinates": [-85.0942209, 35.2270654]}, "properties": {"frequency": "60", "name": "Sequoyah Substation", "power": "substation", "substation": "transmission", "voltage": "500000", "osm_id": "way/80436792", "gridlock_state": ""}}, {"type": "Feature", "geometry": {"type": "Point", "coordinates": [-85.2294726, 35.101144]}, "properties": {"barrier": "fence", "name": "Chickamauga Substation", "operator": "Tennessee Valley Authority", "operator:short": "TVA", "operator:wikidata": "Q1367577", "power": "substation", "substation": "transmission", "voltage": "161000", "osm_id": "way/83115631", "gridlock_state": ""}}, {"type": "Feature", "geometry": {"type": "Point", "coordinates": [-81.4200272, 30.3165122]}, "properties": {"frequency": "60", "location": "outdoor", "name": "Neptune Substation JEA", "operator": "Jacksonville Electric Authority", "operator:short": "JEA", "operator:wikidata": "Q17068270", "power": "substation", "substation": "distribution", "voltage": "138000", "osm_id": "way/85691288", "gridlock_state": ""}}, {"type": "Feature", "geometry": {"type": "Point", "coordinates": [-81.5270565, 30.3017543]}, "properties": {"frequency": "60", "location": "outdoor", "name": "Robinwood Substation JEA", "operator": "Jacksonville Electric Authority", "operator:short": "JEA", "operator:wikidata": "Q17068270", "operator:wikipedia": "en:JEA", "power": "substation", "substation": "transmission", "voltage": "230000;138000;69000", "osm_id": "way/93153974", "gridlock_state": ""}}, {"type": "Feature", "geometry": {"type": "Point", "coordinates": [-85.3332563, 35.0622935]}, "properties": {"barrier": "fence", "name": "Moccassin Substation", "operator": "Tennessee Valley Authority", "operator:short": "TVA", "operator:wikidata": "Q1367577", "power": "substation", "substation": "transmission", "voltage": "161000", "osm_id": "way/98351641", "gridlock_state": ""}}, {"type": "Feature", "geometry": {"type": "Point", "coordinates": [-80.8142572, 35.2443692]}, "properties": {"barrier": "fence", "name": "North Charlotte Substation", "power": "substation", "substation": "distribution", "voltage": "100000", "osm_id": "way/102449967", "gridlock_state": ""}}, {"type": "Feature", "geometry": {"type": "Point", "coordinates": [-81.4998138, 31.8122394]}, "properties": {"barrier": "fence", "name": "Dorchester Substation", "operator": "Georgia Power", "operator:wikidata": "Q5547666", "power": "substation", "substation": "transmission", "voltage": "230000;115000", "osm_id": "way/103024819", "gridlock_state": "GA"}}, {"type": "Feature", "geometry": {"type": "Point", "coordinates": [-81.9249474, 31.6031063]}, "properties": {"barrier": "fence", "name": "Jesup Substation", "operator": "Georgia Power", "operator:wikidata": "Q5547666", "power": "substation", "substation": "distribution", "voltage": "115000", "osm_id": "way/103029795", "gridlock_state": "GA"}}, {"type": "Feature", "geometry": {"type": "Point", "coordinates": [-81.9474481, 30.3188355]}, "properties": {"barrier": "fence", "frequency": "60", "location": "outdoor", "name": "Brandy Branch Substation", "operator": "Jacksonville Electric Authority", "operator:short": "JEA", "operator:wikidata": "Q17068270", "operator:wikipedia": "en:JEA", "power": "substation", "substation": "transmission", "voltage": "230000", "osm_id": "way/103078971", "gridlock_state": ""}}, {"type": "Feature", "geometry": {"type": "Point", "coordinates": [-82.8778738, 31.5307778]}, "properties": {"barrier": "fence", "name": "Douglas Substation", "operator": "Georgia Power", "operator:wikidata": "Q5547666", "operator:wikipedia": "en:Georgia Power", "power": "substation", "substation": "distribution", "voltage": "230000", "osm_id": "way/103123243", "gridlock_state": "GA"}}, {"type": "Feature", "geometry": {"type": "Point", "coordinates": [-85.1508166, 35.0292562]}, "properties": {"barrier": "fence", "name": "Hamilton Substation", "operator": "Electric Power Board of Chattanooga", "power": "substation", "substation": "distribution", "voltage": "161000", "osm_id": "way/107894650", "gridlock_state": ""}}, {"type": "Feature", "geometry": {"type": "Point", "coordinates": [-85.2261658, 34.9652389]}, "properties": {"barrier": "fence", "name": "JC Edwards Substation", "operator": "North Georgia EMC", "power": "substation", "substation": "distribution", "voltage": "161000", "osm_id": "way/113573490", "gridlock_state": "GA"}}, {"type": "Feature", "geometry": {"type": "Point", "coordinates": [-80.8839132, 35.1745506]}, "properties": {"barrier": "fence", "name": "Woodlawn Substation", "operator": "Duke Energy", "operator:wikidata": "Q1264404", "operator:wikipedia": "en:Duke Energy", "power": "substation", "substation": "transmission", "voltage": "230000", "osm_id": "way/120642556", "gridlock_state": ""}}, {"type": "Feature", "geometry": {"type": "Point", "coordinates": [-80.8760798, 35.2499737]}, "properties": {"barrier": "fence", "name": "Lakewood Substation", "operator": "Duke Energy", "operator:wikidata": "Q1264404", "power": "substation", "substation": "transmission", "voltage": "100000", "osm_id": "way/120654569", "gridlock_state": ""}}, {"type": "Feature", "geometry": {"type": "Point", "coordinates": [-81.0110866, 35.1901479]}, "properties": {"name": "Allen Substation", "operator": "Duke Energy", "operator:wikidata": "Q1264404", "power": "substation", "substation": "transmission", "voltage": "230000", "osm_id": "way/120676567", "gridlock_state": ""}}, {"type": "Feature", "geometry": {"type": "Point", "coordinates": [-81.1212684, 34.9978887]}, "properties": {"barrier": "fence", "name": "Newport Tie Substation", "operator": "Duke Energy", "operator:wikidata": "Q1264404", "power": "substation", "substation": "transmission", "voltage": "500000;230000;100000;44000", "osm_id": "way/120865501", "gridlock_state": "SC"}}, {"type": "Feature", "geometry": {"type": "Point", "coordinates": [-81.0746032, 35.051724]}, "properties": {"barrier": "fence", "name": "Catawba 230kV Switching Station", "power": "substation", "substation": "transmission", "voltage": "230000", "osm_id": "way/120865502", "gridlock_state": "SC"}}, {"type": "Feature", "geometry": {"type": "Point", "coordinates": [-81.1903774, 35.2240328]}, "properties": {"barrier": "fence", "name": "Peacock Substation", "operator": "Duke Energy", "operator:wikidata": "Q1264404", "power": "substation", "substation": "transmission", "voltage": "230000;100000;44000;13000", "osm_id": "way/120874146", "gridlock_state": ""}}, {"type": "Feature", "geometry": {"type": "Point", "coordinates": [-81.4336279, 35.1573633]}, "properties": {"barrier": "fence", "name": "Ripp Switching Station", "operator": "Duke Energy", "operator:wikidata": "Q1264404", "power": "substation", "substation": "transmission", "voltage": "230000", "osm_id": "way/120924507", "gridlock_state": "SC"}}, {"type": "Feature", "geometry": {"type": "Point", "coordinates": [-81.7495531, 34.8957677]}, "properties": {"barrier": "fence", "name": "Pacolet Tie Substation", "operator": "Duke Energy", "operator:wikidata": "Q1264404", "power": "substation", "start_date": "1960s", "substation": "transmission", "voltage": "230000;100000", "osm_id": "way/120927150", "gridlock_state": "SC"}}, {"type": "Feature", "geometry": {"type": "Point", "coordinates": [-82.5235032, 34.8280598]}, "properties": {"barrier": "fence", "name": "Shady Grove Tap", "operator": "Duke Energy", "operator:wikidata": "Q1264404", "power": "substation", "substation": "switching", "voltage": "230000", "osm_id": "way/120948277", "gridlock_state": "SC"}}, {"type": "Feature", "geometry": {"type": "Point", "coordinates": [-81.7671527, 35.219813]}, "properties": {"barrier": "fence", "name": "Cliffside Substation", "power": "substation", "substation": "transmission", "voltage": "230000;100000", "osm_id": "way/120956731", "gridlock_state": ""}}, {"type": "Feature", "geometry": {"type": "Point", "coordinates": [-81.5440935, 35.2578916]}, "properties": {"barrier": "fence", "name": "Shelby Tie Substation", "operator": "Duke Energy", "operator:wikidata": "Q1264404", "power": "substation", "substation": "transmission", "voltage": "230000;100000;44000", "osm_id": "way/121166903", "gridlock_state": ""}}, {"type": "Feature", "geometry": {"type": "Point", "coordinates": [-81.0874557, 35.2685586]}, "properties": {"barrier": "fence", "name": "McAdenville Substation", "power": "substation", "substation": "transmission", "voltage": "100000", "osm_id": "way/121216238", "gridlock_state": ""}}, {"type": "Feature", "geometry": {"type": "Point", "coordinates": [-81.3194833, 35.2676803]}, "properties": {"barrier": "fence", "name": "Hilltop Substation", "operator": "Duke Energy", "operator:wikidata": "Q1264404", "power": "substation", "substation": "transmission", "voltage": "100000;44000", "osm_id": "way/121239786", "gridlock_state": ""}}, {"type": "Feature", "geometry": {"type": "Point", "coordinates": [-81.2046812, 35.2960242]}, "properties": {"barrier": "fence", "name": "Rankin Lake Substation", "operator": "Duke Energy", "operator:wikidata": "Q1264404", "power": "substation", "start_date": "2001-07-27", "substation": "distribution", "voltage": "100000", "osm_id": "way/121262338", "gridlock_state": ""}}, {"type": "Feature", "geometry": {"type": "Point", "coordinates": [-81.5742578, 35.0762575]}, "properties": {"barrier": "fence", "name": "Riverview Switching Station", "operator": "Duke Energy", "operator:wikidata": "Q1264404", "power": "substation", "substation": "switching", "voltage": "230000", "osm_id": "way/121329192", "gridlock_state": "SC"}}, {"type": "Feature", "geometry": {"type": "Point", "coordinates": [-81.5132756, 35.1349985]}, "properties": {"barrier": "fence", "name": "Blacksburg Substation", "operator": "Duke Energy", "operator:wikidata": "Q1264404", "power": "substation", "substation": "transmission", "voltage": "100000;44000", "osm_id": "way/121336775", "gridlock_state": "SC"}}, {"type": "Feature", "geometry": {"type": "Point", "coordinates": [-82.5153185, 34.9834796]}, "properties": {"barrier": "fence", "name": "Shiloh Switching Station", "operator": "Duke Energy", "operator:wikidata": "Q1264404", "power": "substation", "substation": "switching", "voltage": "230000", "osm_id": "way/121516573", "gridlock_state": "SC"}}, {"type": "Feature", "geometry": {"type": "Point", "coordinates": [-82.1554737, 34.9527475]}, "properties": {"addr:city": "Duncan", "addr:housenumber": "506", "addr:postcode": "29334", "addr:state": "SC", "addr:street": "Gap Creek Road", "barrier": "fence", "name": "Tiger Tie Substation", "operator": "Duke Energy", "operator:wikidata": "Q1264404", "power": "substation", "substation": "transmission", "voltage": "230000;100000;44000", "osm_id": "way/121520203", "gridlock_state": "SC"}}, {"type": "Feature", "geometry": {"type": "Point", "coordinates": [-81.1751124, 32.3521162]}, "properties": {"barrier": "fence", "frequency": "60", "location": "outdoor", "name": "McIntosh Substation", "operator": "Georgia Power", "operator:wikidata": "Q5547666", "power": "substation", "substation": "transmission", "voltage": "230000", "osm_id": "way/121624352", "gridlock_state": "GA"}}, {"type": "Feature", "geometry": {"type": "Point", "coordinates": [-81.2810986, 32.2790634]}, "properties": {"barrier": "fence", "frequency": "60", "location": "outdoor", "name": "Blandford Substation 230", "power": "substation", "substation": "transmission", "voltage": "230000", "osm_id": "way/121624360", "gridlock_state": "GA"}}, {"type": "Feature", "geometry": {"type": "Point", "coordinates": [-81.368377, 32.1552821]}, "properties": {"barrier": "fence", "frequency": "60", "location": "outdoor", "name": "Meldrim Substation", "operator": "Georgia Power", "operator:wikidata": "Q5547666", "power": "substation", "substation": "transmission", "voltage": "230000;115000;46000", "osm_id": "way/121624363", "gridlock_state": "GA"}}, {"type": "Feature", "geometry": {"type": "Point", "coordinates": [-81.282102, 32.2743844]}, "properties": {"barrier": "fence", "frequency": "60", "location": "outdoor", "name": "Blandford Substation", "operator": "Georgia Power", "operator:wikidata": "Q5547666", "power": "substation", "start_date": "2003", "substation": "transmission", "voltage": "500000", "osm_id": "way/121624368", "gridlock_state": "GA"}}, {"type": "Feature", "geometry": {"type": "Point", "coordinates": [-81.1824528, 32.3543695]}, "properties": {"barrier": "fence", "frequency": "60", "location": "outdoor", "name": "West McIntosh Substation", "operator": "Georgia Power", "operator:wikidata": "Q5547666", "power": "substation", "start_date": "1986", "substation": "transmission", "voltage": "500000", "osm_id": "way/121624371", "gridlock_state": "GA"}}, {"type": "Feature", "geometry": {"type": "Point", "coordinates": [-81.1887223, 32.0835097]}, "properties": {"barrier": "fence", "frequency": "60", "location": "outdoor", "name": "Dean Forest Substation", "operator": "Georgia Power", "operator:wikidata": "Q5547666", "power": "substation", "substation": "transmission", "voltage": "230000;115000;13800", "osm_id": "way/121674829", "gridlock_state": "GA"}}, {"type": "Feature", "geometry": {"type": "Point", "coordinates": [-81.2448582, 32.0019033]}, "properties": {"barrier": "fence", "name": "Grove Point Road Substation", "operator": "Georgia Power", "operator:wikidata": "Q5547666", "power": "substation", "substation": "distribution", "voltage": "115000;13800", "osm_id": "way/121701187", "gridlock_state": "GA"}}, {"type": "Feature", "geometry": {"type": "Point", "coordinates": [-81.2531513, 32.0067859]}, "properties": {"barrier": "fence", "location": "outdoor", "name": "Little Ogeechee Substation", "operator": "Georgia Power", "operator:wikidata": "Q5547666", "power": "substation", "substation": "transmission", "voltage": "230000;115000", "osm_id": "way/121701191", "gridlock_state": "GA"}}, {"type": "Feature", "geometry": {"type": "Point", "coordinates": [-81.1442618, 31.9516501]}, "properties": {"barrier": "fence", "name": "White Bluff Substation", "operator": "Georgia Power", "operator:wikidata": "Q5547666", "power": "substation", "substation": "distribution", "voltage": "115000;13800", "osm_id": "way/121702086", "gridlock_state": "GA"}}, {"type": "Feature", "geometry": {"type": "Point", "coordinates": [-81.2231838, 31.9812983]}, "properties": {"barrier": "fence", "name": "Dutchtown Substation", "operator": "Georgia Power", "operator:wikidata": "Q5547666", "power": "substation", "substation": "distribution", "voltage": "115000;13800", "osm_id": "way/121702088", "gridlock_state": "GA"}}, {"type": "Feature", "geometry": {"type": "Point", "coordinates": [-81.1069409, 31.9496531]}, "properties": {"barrier": "fence", "frequency": "60", "location": "outdoor", "name": "Grove Point Road Substation", "operator": "Georgia Power", "operator:wikidata": "Q5547666", "power": "substation", "substation": "distribution", "voltage": "115000;13800", "osm_id": "way/121702516", "gridlock_state": "GA"}}, {"type": "Feature", "geometry": {"type": "Point", "coordinates": [-81.7627102, 33.1458156]}, "properties": {"barrier": "fence", "name": "Vogtle Substation (500KV/230KV)", "operator": "Georgia Power", "operator:wikidata": "Q5547666", "power": "substation", "substation": "transmission", "voltage": "500000", "osm_id": "way/121812102", "gridlock_state": "GA"}}, {"type": "Feature", "geometry": {"type": "Point", "coordinates": [-81.0861807, 32.0226869]}, "properties": {"barrier": "fence", "frequency": "60", "location": "outdoor", "name": "Magnolia Substation", "operator": "Georgia Power", "operator:wikidata": "Q5547666", "power": "substation", "substation": "distribution", "voltage": "115000;46000;13800", "osm_id": "way/121857248", "gridlock_state": "GA"}}, {"type": "Feature", "geometry": {"type": "Point", "coordinates": [-81.0309053, 31.9585503]}, "properties": {"barrier": "fence", "frequency": "60", "location": "outdoor", "name": "Skidaway Substation", "operator": "Georgia Power", "operator:wikidata": "Q5547666", "power": "substation", "substation": "distribution", "voltage": "115000;25000;13800", "osm_id": "way/121886494", "gridlock_state": "GA"}}, {"type": "Feature", "geometry": {"type": "Point", "coordinates": [-81.151139, 32.1398377]}, "properties": {"barrier": "fence", "name": "Grange Road Substation", "operator": "Georgia Power", "operator:wikidata": "Q5547666", "power": "substation", "substation": "distribution", "voltage": "46000;13800", "osm_id": "way/121986364", "gridlock_state": "GA"}}, {"type": "Feature", "geometry": {"type": "Point", "coordinates": [-81.1271019, 32.1018724]}, "properties": {"barrier": "fence", "name": "Simpson Lumber Substation", "operator": "Georgia Power", "operator:wikidata": "Q5547666", "operator:wikipedia": "en:Georgia Power", "power": "substation", "substation": "industrial", "voltage": "46000", "osm_id": "way/121986366", "gridlock_state": "GA"}}, {"type": "Feature", "geometry": {"type": "Point", "coordinates": [-81.1502657, 32.1390492]}, "properties": {"barrier": "fence", "name": "Georgia Ports Authority Substation", "operator": "Georgia Power", "operator:wikidata": "Q5547666", "power": "substation", "substation": "industrial", "voltage": "46000;13800", "osm_id": "way/121986367", "gridlock_state": "GA"}}, {"type": "Feature", "geometry": {"type": "Point", "coordinates": [-81.1459835, 32.1481353]}, "properties": {"barrier": "fence", "name": "Kraft Substation", "operator": "Georgia Power", "operator:wikidata": "Q5547666", "power": "substation", "substation": "transmission", "voltage": "115000", "osm_id": "way/121986375", "gridlock_state": "GA"}}, {"type": "Feature", "geometry": {"type": "Point", "coordinates": [-81.0907083, 32.0944921]}, "properties": {"barrier": "fence", "name": "Hutchinson Island Substation", "operator": "Georgia Power", "operator:wikidata": "Q5547666", "power": "substation", "substation": "distribution", "voltage": "115000;25000", "osm_id": "way/121986959", "gridlock_state": "GA"}}, {"type": "Feature", "geometry": {"type": "Point", "coordinates": [-81.1106939, 32.0469138]}, "properties": {"barrier": "fence", "name": "52nd Street Substation", "operator": "Georgia Power", "operator:wikidata": "Q5547666", "operator:wikipedia": "en:Georgia Power", "power": "substation", "substation": "distribution", "voltage": "115000", "osm_id": "way/122004701", "gridlock_state": "GA"}}, {"type": "Feature", "geometry": {"type": "Point", "coordinates": [-81.0483845, 32.0668279]}, "properties": {"barrier": "fence", "name": "Deptford Substation", "operator": "Georgia Power", "operator:wikidata": "Q5547666", "power": "substation", "substation": "distribution", "voltage": "115000;46000;13800", "osm_id": "way/122007500", "gridlock_state": "GA"}}, {"type": "Feature", "geometry": {"type": "Point", "coordinates": [-81.3794951, 31.9304479]}, "properties": {"barrier": "fence", "name": "Daniel Siding Substation", "power": "substation", "substation": "distribution", "voltage": "115000", "osm_id": "way/122096223", "gridlock_state": "GA"}}, {"type": "Feature", "geometry": {"type": "Point", "coordinates": [-79.9555492, 32.8023779]}, "properties": {"barrier": "fence", "name": "Grove Street Substation", "operator": "Dominion Energy South Carolina", "operator:wikidata": "Q114367619", "power": "substation", "substation": "distribution", "voltage": "115000", "osm_id": "way/123121680", "gridlock_state": "SC"}}, {"type": "Feature", "geometry": {"type": "Point", "coordinates": [-81.4069555, 30.2999592]}, "properties": {"frequency": "60", "location": "outdoor", "name": "Penman Substation BES", "note": "BES Beaches Energy Services CITY OF JACKSONVILLE BEACH", "operator": "BES Beaches Energy Services", "power": "substation", "substation": "distribution", "voltage": "138000", "osm_id": "way/126439323", "gridlock_state": ""}}, {"type": "Feature", "geometry": {"type": "Point", "coordinates": [-83.8560644, 30.5484723]}, "properties": {"barrier": "fence", "name": "Monticello Substation", "power": "substation", "substation": "distribution", "voltage": "69000;13000", "osm_id": "way/127696528", "gridlock_state": ""}}, {"type": "Feature", "geometry": {"type": "Point", "coordinates": [-83.4510752, 31.2042782]}, "properties": {"barrier": "fence", "name": "Laconte Substation", "power": "substation", "substation": "transmission", "voltage": "115000", "osm_id": "way/131607685", "gridlock_state": "GA"}}, {"type": "Feature", "geometry": {"type": "Point", "coordinates": [-81.4889121, 30.3604969]}, "properties": {"frequency": "60", "location": "outdoor", "name": "Fort Caroline Substation JEA", "operator": "Jacksonville Electric Authority", "operator:short": "JEA", "operator:wikidata": "Q17068270", "power": "substation", "substation": "transmission", "voltage": "230000;138000", "osm_id": "way/132665891", "gridlock_state": ""}}, {"type": "Feature", "geometry": {"type": "Point", "coordinates": [-81.4111803, 30.3711959]}, "properties": {"frequency": "60", "location": "outdoor", "name": "Mayport Substation JEA", "operator": "Jacksonville Electric Authority", "operator:short": "JEA", "operator:wikidata": "Q17068270", "operator:wikipedia": "en:JEA", "power": "substation", "substation": "distribution", "voltage": "138000", "osm_id": "way/132665892", "gridlock_state": ""}}, {"type": "Feature", "geometry": {"type": "Point", "coordinates": [-81.5413548, 30.3447801]}, "properties": {"frequency": "60", "location": "outdoor", "name": "Millcove Substation", "operator": "Jacksonville Electric Authority", "operator:short": "JEA", "operator:wikidata": "Q17068270", "operator:wikipedia": "en:JEA", "power": "substation", "substation": "distribution", "voltage": "69000", "osm_id": "way/132727417", "gridlock_state": ""}}, {"type": "Feature", "geometry": {"type": "Point", "coordinates": [-84.2404489, 33.2488421]}, "properties": {"barrier": "fence", "name": "Griffin Substation", "operator": "Georgia Power", "operator:wikidata": "Q5547666", "power": "substation", "substation": "transmission", "voltage": "230000", "osm_id": "way/135911712", "gridlock_state": "GA"}}, {"type": "Feature", "geometry": {"type": "Point", "coordinates": [-80.9318539, 34.058317]}, "properties": {"barrier": "fence", "name": "Woodfield Park Substation", "power": "substation", "substation": "distribution", "voltage": "115000", "osm_id": "way/142717858", "gridlock_state": "SC"}}, {"type": "Feature", "geometry": {"type": "Point", "coordinates": [-83.1087534, 35.2656026]}, "properties": {"barrier": "fence", "name": "Tuckasegee Tie Substation", "operator": "Duke Energy", "operator:wikidata": "Q1264404", "power": "substation", "start_date": "1990s", "substation": "transmission", "voltage": "230000;161000", "osm_id": "way/148652809", "gridlock_state": ""}}, {"type": "Feature", "geometry": {"type": "Point", "coordinates": [-81.5629857, 30.7825561]}, "properties": {"barrier": "fence", "name": "Kings Bay Base Switching Station", "operator": "Georgia Power", "operator:wikidata": "Q5547666", "power": "substation", "substation": "switching", "voltage": "230000", "osm_id": "way/148903288", "gridlock_state": "GA"}}, {"type": "Feature", "geometry": {"type": "Point", "coordinates": [-84.7565248, 35.2934522]}, "properties": {"barrier": "fence", "name": "Charleston Distributing Substation", "operator": "Tennessee Valley Authority", "operator:short": "TVA", "operator:wikidata": "Q1367577", "operator:wikipedia": "en:Tennessee Valley Authority", "power": "substation", "substation": "industrial", "voltage": "161000", "osm_id": "way/157965961", "gridlock_state": ""}}, {"type": "Feature", "geometry": {"type": "Point", "coordinates": [-81.6724992, 30.7954917]}, "properties": {"barrier": "fence", "name": "Kingsland Primary Substation", "operator": "Georgia Power", "operator:wikidata": "Q5547666", "power": "substation", "substation": "transmission", "voltage": "230000;115000", "osm_id": "way/159061003", "gridlock_state": "GA"}}, {"type": "Feature", "geometry": {"type": "Point", "coordinates": [-79.7464344, 34.8435024]}, "properties": {"barrier": "fence", "name": "Richmond Substation", "operator": "Duke Energy Progress", "operator:wikidata": "Q1264404", "power": "substation", "substation": "transmission", "voltage": "500000;230000", "osm_id": "way/159455260", "gridlock_state": ""}}, {"type": "Feature", "geometry": {"type": "Point", "coordinates": [-78.9744395, 34.5894501]}, "properties": {"barrier": "fence", "name": "Weatherspoon Plant Substation", "operator": "Duke Energy Progress", "operator:wikidata": "Q1264404", "power": "substation", "substation": "transmission", "voltage": "230000", "osm_id": "way/159455338", "gridlock_state": ""}}, {"type": "Feature", "geometry": {"type": "Point", "coordinates": [-79.0132399, 34.6174271]}, "properties": {"barrier": "fence", "name": "Lumberton 115kV Substation", "operator": "Duke Energy", "operator:wikidata": "Q1264404", "power": "substation", "substation": "distribution;yes", "voltage": "115000", "osm_id": "way/159455367", "gridlock_state": ""}}, {"type": "Feature", "geometry": {"type": "Point", "coordinates": [-80.1575117, 34.4015551]}, "properties": {"barrier": "fence", "name": "Robinson Substation", "power": "substation", "start_date": "1960", "substation": "transmission", "voltage": "230000;115000", "osm_id": "way/159607187", "gridlock_state": "SC"}}, {"type": "Feature", "geometry": {"type": "Point", "coordinates": [-80.1675808, 34.4176449]}, "properties": {"barrier": "fence", "name": "Darlington Substation", "power": "substation", "substation": "transmission", "voltage": "230000", "osm_id": "way/159607197", "gridlock_state": "SC"}}, {"type": "Feature", "geometry": {"type": "Point", "coordinates": [-79.7559492, 34.9048383]}, "properties": {"barrier": "fence", "name": "Rockingham 115kV Substation", "power": "substation", "substation": "distribution", "voltage": "115000", "osm_id": "way/159607199", "gridlock_state": ""}}, {"type": "Feature", "geometry": {"type": "Point", "coordinates": [-79.9107147, 34.3185677]}, "properties": {"barrier": "fence", "name": "Darlington Substation", "operator": "Pee Dee Electric Cooperative", "power": "substation", "substation": "distribution", "voltage": "69000", "osm_id": "way/159607207", "gridlock_state": "SC"}}, {"type": "Feature", "geometry": {"type": "Point", "coordinates": [-79.7586597, 34.9039029]}, "properties": {"barrier": "fence", "name": "Rockingham Substation", "operator": "Duke Energy Progress", "operator:wikidata": "Q1264404", "power": "substation", "substation": "transmission", "voltage": "230000", "osm_id": "way/159607213", "gridlock_state": ""}}, {"type": "Feature", "geometry": {"type": "Point", "coordinates": [-83.802581, 34.2186104]}, "properties": {"barrier": "fence", "frequency": "60", "name": "South Hall Substation", "operator": "Georgia Power", "operator:wikidata": "Q5547666", "power": "substation", "substation": "transmission", "voltage": "500000", "osm_id": "way/159608145", "gridlock_state": "GA"}}, {"type": "Feature", "geometry": {"type": "Point", "coordinates": [-84.3370065, 34.3264526]}, "properties": {"barrier": "fence", "frequency": "60", "name": "McGrau Ford Substation", "power": "substation", "substation": "transmission", "voltage": "500000", "osm_id": "way/159758301", "gridlock_state": "GA"}}, {"type": "Feature", "geometry": {"type": "Point", "coordinates": [-84.3789738, 33.9665671]}, "properties": {"barrier": "fence", "frequency": "60", "name": "Bull Sluice Substation", "operator": "Georgia Power", "operator:wikidata": "Q5547666", "power": "substation", "substation": "transmission", "voltage": "500000;230000", "osm_id": "way/159758303", "gridlock_state": "GA"}}, {"type": "Feature", "geometry": {"type": "Point", "coordinates": [-84.8548652, 33.7410224]}, "properties": {"barrier": "fence", "frequency": "60", "location": "outdoor", "name": "Villa Rica Substation", "power": "substation", "substation": "transmission", "voltage": "500000;230000;115000;46000", "osm_id": "way/159758304", "gridlock_state": "GA"}}, {"type": "Feature", "geometry": {"type": "Point", "coordinates": [-84.5090666, 33.5531702]}, "properties": {"barrier": "fence", "frequency": "60", "name": "Union Substation", "operator": "Georgia Power", "operator:wikidata": "Q5547666", "power": "substation", "substation": "transmission", "voltage": "500000", "osm_id": "way/159758306", "gridlock_state": "GA"}}, {"type": "Feature", "geometry": {"type": "Point", "coordinates": [-84.2134303, 33.9325571]}, "properties": {"barrier": "wall", "frequency": "60", "name": "Norcross Substation", "operator": "Georgia Power", "operator:wikidata": "Q5547666", "power": "substation", "substation": "transmission", "voltage": "500000", "osm_id": "way/159758307", "gridlock_state": "GA"}}, {"type": "Feature", "geometry": {"type": "Point", "coordinates": [-84.9591367, 35.0422484]}, "properties": {"barrier": "fence", "frequency": "60", "name": "Bradley Substation", "operator": "Tennessee Valley Authority", "operator:short": "TVA", "operator:wikidata": "Q1367577", "power": "substation", "substation": "transmission", "voltage": "500000", "osm_id": "way/159758308", "gridlock_state": ""}}, {"type": "Feature", "geometry": {"type": "Point", "coordinates": [-84.8824681, 34.3846089]}, "properties": {"barrier": "fence", "frequency": "60", "name": "Mostellar Springs Substation", "power": "substation", "substation": "transmission", "voltage": "500000", "osm_id": "way/159758322", "gridlock_state": "GA"}}, {"type": "Feature", "geometry": {"type": "Point", "coordinates": [-84.9223274, 34.1215849]}, "properties": {"barrier": "fence", "frequency": "60", "name": "Bowen Substation", "operator": "Georgia Power", "operator:wikidata": "Q5547666", "power": "substation", "substation": "transmission", "voltage": "500000", "osm_id": "way/159758323", "gridlock_state": "GA"}}, {"type": "Feature", "geometry": {"type": "Point", "coordinates": [-84.5689202, 33.9944839]}, "properties": {"barrier": "fence", "frequency": "60", "name": "Big Shanty Substation", "power": "substation", "substation": "transmission", "voltage": "500000", "osm_id": "way/159758324", "gridlock_state": "GA"}}, {"type": "Feature", "geometry": {"type": "Point", "coordinates": [-84.3818016, 33.9677482]}, "properties": {"barrier": "fence", "name": "Morgan Falls Substation", "operator": "Georgia Power", "operator:wikidata": "Q5547666", "operator:wikipedia": "en:Georgia Power", "power": "substation", "substation": "generation", "voltage": "115000", "osm_id": "way/159758325", "gridlock_state": "GA"}}, {"type": "Feature", "geometry": {"type": "Point", "coordinates": [-84.124487, 33.6369768]}, "properties": {"barrier": "fence", "frequency": "60", "name": "Klondike Substation", "operator": "Georgia Power", "operator:wikidata": "Q5547666", "power": "substation", "substation": "transmission", "voltage": "500000;230000", "osm_id": "way/159784541", "gridlock_state": "GA"}}, {"type": "Feature", "geometry": {"type": "Point", "coordinates": [-84.3673898, 33.4819007]}, "properties": {"barrier": "fence", "frequency": "60", "name": "O'Hara Substation", "power": "substation", "substation": "transmission", "voltage": "500000", "osm_id": "way/159784542", "gridlock_state": "GA"}}, {"type": "Feature", "geometry": {"type": "Point", "coordinates": [-84.460605, 33.4840056]}, "properties": {"barrier": "fence", "name": "New Hope Rd", "operator": "Georgia Power", "operator:wikidata": "Q5547666", "power": "substation", "substation": "distribution", "voltage": "230000", "osm_id": "way/159784550", "gridlock_state": "GA"}}, {"type": "Feature", "geometry": {"type": "Point", "coordinates": [-84.1791015, 33.4933764]}, "properties": {"barrier": "fence", "name": "Flippen Substation", "operator": "Georgia Power", "operator:wikidata": "Q5547666", "operator:wikipedia": "en:Georgia Power", "power": "substation", "substation": "distribution", "voltage": "115000", "osm_id": "way/159784552", "gridlock_state": "GA"}}, {"type": "Feature", "geometry": {"type": "Point", "coordinates": [-84.1671728, 33.9102399]}, "properties": {"barrier": "fence", "name": "Singleton Substation", "operator": "Georgia Power", "operator:wikidata": "Q5547666", "operator:wikipedia": "en:Georgia Power", "power": "substation", "substation": "distribution", "voltage": "230000", "osm_id": "way/159784555", "gridlock_state": "GA"}}, {"type": "Feature", "geometry": {"type": "Point", "coordinates": [-84.4073087, 33.4842296]}, "properties": {"barrier": "fence", "name": "Corinth Road Substation", "operator": "Georgia Power", "operator:wikidata": "Q5547666", "power": "substation", "substation": "distribution", "voltage": "115000", "osm_id": "way/159784556", "gridlock_state": "GA"}}, {"type": "Feature", "geometry": {"type": "Point", "coordinates": [-84.7169342, 33.6978818]}, "properties": {"barrier": "fence", "name": "Chapel Hill Substation", "operator": "Georgia Power", "operator:wikidata": "Q5547666", "operator:wikipedia": "en:Georgia Power", "power": "substation", "substation": "distribution", "voltage": "115000", "osm_id": "way/159784557", "gridlock_state": "GA"}}, {"type": "Feature", "geometry": {"type": "Point", "coordinates": [-85.0169695, 33.4266627]}, "properties": {"barrier": "fence", "name": "Wansley Pump Station Substation", "operator": "Georgia Power", "operator:wikidata": "Q5547666", "power": "substation", "substation": "distribution", "voltage": "115000;1247;400", "osm_id": "way/159784561", "gridlock_state": "GA"}}, {"type": "Feature", "geometry": {"type": "Point", "coordinates": [-84.8834849, 33.8051687]}, "properties": {"barrier": "fence", "name": "New Georgia Substation", "power": "substation", "substation": "distribution", "voltage": "115000", "osm_id": "way/159784564", "gridlock_state": "GA"}}, {"type": "Feature", "geometry": {"type": "Point", "coordinates": [-83.8126975, 33.0608639]}, "properties": {"barrier": "fence", "frequency": "60", "name": "Scherer Substation", "power": "substation", "substation": "transmission", "voltage": "500000", "osm_id": "way/159784568", "gridlock_state": "GA"}}, {"type": "Feature", "geometry": {"type": "Point", "coordinates": [-85.030769, 33.4109556]}, "properties": {"barrier": "fence", "frequency": "60", "location": "outdoor", "name": "Wansley Substation", "power": "substation", "substation": "transmission", "voltage": "500000", "osm_id": "way/159784571", "gridlock_state": "GA"}}, {"type": "Feature", "geometry": {"type": "Point", "coordinates": [-83.8741391, 34.1224232]}, "properties": {"barrier": "fence", "name": "Spout Springs Road Substation", "operator": "Georgia Power", "operator:wikidata": "Q5547666", "operator:wikipedia": "en:Georgia Power", "power": "substation", "substation": "distribution", "voltage": "230000;12000", "osm_id": "way/159928146", "gridlock_state": "GA"}}, {"type": "Feature", "geometry": {"type": "Point", "coordinates": [-82.8594838, 33.1200621]}, "properties": {"barrier": "fence", "frequency": "60", "name": "Warthen Substation", "power": "substation", "substation": "transmission", "voltage": "500000", "osm_id": "way/160057277", "gridlock_state": "GA"}}, {"type": "Feature", "geometry": {"type": "Point", "coordinates": [-82.414219, 33.453955]}, "properties": {"barrier": "fence", "frequency": "60", "name": "Thomson Primary Substation", "operator": "Georgia Power", "operator:wikidata": "Q5547666", "power": "substation", "start_date": "2010", "substation": "transmission", "voltage": "500000;230000;115000;46000", "osm_id": "way/160065782", "gridlock_state": "GA"}}, {"type": "Feature", "geometry": {"type": "Point", "coordinates": [-82.4065408, 32.231904]}, "properties": {"barrier": "fence", "name": "Vidalia Substation", "operator": "Georgia Power", "operator:wikidata": "Q5547666", "operator:wikipedia": "en:Georgia Power", "power": "substation", "substation": "distribution", "voltage": "230000", "osm_id": "way/160308056", "gridlock_state": "GA"}}, {"type": "Feature", "geometry": {"type": "Point", "coordinates": [-84.3125168, 32.8999225]}, "properties": {"barrier": "fence", "location": "outdoor", "name": "Thomaston Primary Substation", "operator": "Georgia Power", "operator:wikidata": "Q5547666", "power": "substation", "substation": "transmission", "voltage": "230000", "osm_id": "way/160308061", "gridlock_state": "GA"}}, {"type": "Feature", "geometry": {"type": "Point", "coordinates": [-83.6000226, 32.5647949]}, "properties": {"barrier": "fence", "frequency": "60", "location": "outdoor", "name": "Bonaire Primary Substation", "operator": "Georgia Power", "operator:wikidata": "Q5547666", "power": "substation", "substation": "transmission", "voltage": "500000", "osm_id": "way/160308063", "gridlock_state": "GA"}}, {"type": "Feature", "geometry": {"type": "Point", "coordinates": [-83.8477622, 32.9839359]}, "properties": {"barrier": "fence", "name": "Rumble Road Substation", "operator": "Georgia Power", "operator:wikidata": "Q5547666", "operator:wikipedia": "en:Georgia Power", "power": "substation", "substation": "generation", "voltage": "115000", "osm_id": "way/160308076", "gridlock_state": "GA"}}, {"type": "Feature", "geometry": {"type": "Point", "coordinates": [-82.3851701, 32.2082409]}, "properties": {"barrier": "fence", "name": "East Vidalia Substation", "operator": "Georgia Power", "operator:wikidata": "Q5547666", "operator:wikipedia": "en:Georgia Power", "power": "substation", "substation": "distribution", "voltage": "115000", "osm_id": "way/160308077", "gridlock_state": "GA"}}, {"type": "Feature", "geometry": {"type": "Point", "coordinates": [-82.340862, 31.8732888]}, "properties": {"barrier": "fence", "name": "Spring Branch Substation", "operator": "Georgia Power", "operator:wikidata": "Q5547666", "operator:wikipedia": "en:Georgia Power", "power": "substation", "substation": "distribution", "voltage": "115000", "osm_id": "way/160308081", "gridlock_state": "GA"}}, {"type": "Feature", "geometry": {"type": "Point", "coordinates": [-81.739571, 33.204123]}, "properties": {"barrier": "fence", "name": "Site B Substation", "power": "substation", "substation": "industrial", "voltage": "115000", "osm_id": "way/160308083", "gridlock_state": "SC"}}, {"type": "Feature", "geometry": {"type": "Point", "coordinates": [-83.8525376, 32.9521779]}, "properties": {"barrier": "fence", "name": "Smarr Substation", "operator": "Georgia Power", "operator:wikidata": "Q5547666", "power": "substation", "substation": "distribution", "voltage": "115000", "osm_id": "way/160308087", "gridlock_state": "GA"}}, {"type": "Feature", "geometry": {"type": "Point", "coordinates": [-84.3072126, 32.9112077]}, "properties": {"barrier": "fence", "name": "Edward L. Addison Switchyard", "power": "substation", "substation": "switching", "voltage": "230000", "osm_id": "way/160308088", "gridlock_state": "GA"}}, {"type": "Feature", "geometry": {"type": "Point", "coordinates": [-82.2468958, 31.6450266]}, "properties": {"barrier": "fence", "name": "Union School Substation", "operator": "Georgia Power", "operator:wikidata": "Q5547666", "operator:wikipedia": "en:Georgia Power", "power": "substation", "substation": "distribution", "voltage": "230000", "osm_id": "way/160308090", "gridlock_state": "GA"}}, {"type": "Feature", "geometry": {"type": "Point", "coordinates": [-83.582932, 32.5792201]}, "properties": {"barrier": "fence", "name": "Robins Substation", "operator": "Georgia Power", "operator:wikidata": "Q5547666", "operator:wikipedia": "en:Georgia Power", "power": "substation", "substation": "generation", "voltage": "115000", "osm_id": "way/160308092", "gridlock_state": "GA"}}, {"type": "Feature", "geometry": {"type": "Point", "coordinates": [-81.9817556, 33.2782112]}, "properties": {"barrier": "fence", "name": "Clark Road Substation", "operator": "Georgia Power", "operator:wikidata": "Q5547666", "operator:wikipedia": "en:Georgia Power", "power": "substation", "substation": "distribution", "voltage": "115000", "osm_id": "way/160308094", "gridlock_state": "GA"}}, {"type": "Feature", "geometry": {"type": "Point", "coordinates": [-83.6580508, 32.5634755]}, "properties": {"barrier": "fence", "name": "Peach Blossom", "operator": "Flint Energies", "power": "substation", "substation": "distribution", "voltage": "115000", "osm_id": "way/160308098", "gridlock_state": "GA"}}, {"type": "Feature", "geometry": {"type": "Point", "coordinates": [-83.5934044, 32.584795]}, "properties": {"barrier": "fence", "name": "Anchor Glass Substation", "operator": "Georgia Power", "operator:wikidata": "Q5547666", "operator:wikipedia": "en:Georgia Power", "power": "substation", "substation": "industrial", "voltage": "115000;12000", "osm_id": "way/160308108", "gridlock_state": "GA"}}, {"type": "Feature", "geometry": {"type": "Point", "coordinates": [-83.5984235, 32.5631]}, "properties": {"barrier": "fence", "location": "outdoor", "name": "Bonaire", "operator": "Flint Energies", "power": "substation", "substation": "distribution", "voltage": "115000", "osm_id": "way/160308109", "gridlock_state": "GA"}}, {"type": "Feature", "geometry": {"type": "Point", "coordinates": [-83.7031458, 32.6029967]}, "properties": {"barrier": "fence", "name": "Smithville Churck Road Substation", "operator": "Flint Energies", "power": "substation", "substation": "distribution", "voltage": "230000", "osm_id": "way/160308110", "gridlock_state": "GA"}}, {"type": "Feature", "geometry": {"type": "Point", "coordinates": [-81.7684553, 33.224315]}, "properties": {"barrier": "fence", "name": "Pump House #1 Substation", "power": "substation", "substation": "industrial", "voltage": "115000", "osm_id": "way/160308114", "gridlock_state": "SC"}}, {"type": "Feature", "geometry": {"type": "Point", "coordinates": [-83.6220319, 32.5540061]}, "properties": {"barrier": "fence", "name": "Highway 96", "operator": "Flint Energies", "power": "substation", "substation": "distribution", "voltage": "115000", "osm_id": "way/160308117", "gridlock_state": "GA"}}, {"type": "Feature", "geometry": {"type": "Point", "coordinates": [-83.6143178, 32.6087711]}, "properties": {"barrier": "fence", "name": "South", "operator": "Flint Energies", "power": "substation", "substation": "distribution", "voltage": "115000", "osm_id": "way/160308120", "gridlock_state": "GA"}}, {"type": "Feature", "geometry": {"type": "Point", "coordinates": [-82.3337485, 31.7891981]}, "properties": {"barrier": "fence", "name": "Baxley Substation", "operator": "Georgia Power", "operator:wikidata": "Q5547666", "operator:wikipedia": "en:Georgia Power", "power": "substation", "substation": "distribution", "voltage": "115000", "osm_id": "way/160308121", "gridlock_state": "GA"}}, {"type": "Feature", "geometry": {"type": "Point", "coordinates": [-82.3476974, 31.9346568]}, "properties": {"barrier": "fence", "frequency": "60", "name": "Hatch Nuclear Plant Substation", "operator": "Georgia Power", "operator:wikidata": "Q5547666", "power": "substation", "substation": "transmission", "voltage": "500000;230000", "osm_id": "way/160308126", "gridlock_state": "GA"}}, {"type": "Feature", "geometry": {"type": "Point", "coordinates": [-81.5578972, 30.7974805]}, "properties": {"barrier": "fence", "name": "Kings Bay Base Substation #1", "operator": "Georgia Power", "operator:wikidata": "Q5547666", "power": "substation", "substation": "switching", "voltage": "230000", "osm_id": "way/160712383", "gridlock_state": "GA"}}, {"type": "Feature", "geometry": {"type": "Point", "coordinates": [-81.5565665, 30.7914362]}, "properties": {"barrier": "fence", "name": "Kings Bay Base Substation #2", "power": "substation", "substation": "distribution", "voltage": "230000", "osm_id": "way/160712384", "gridlock_state": "GA"}}, {"type": "Feature", "geometry": {"type": "Point", "coordinates": [-81.5257274, 30.8019052]}, "properties": {"barrier": "fence", "name": "Kings Bay Base Substation #3", "operator": "Georgia Power", "operator:wikidata": "Q5547666", "power": "substation", "substation": "distribution", "voltage": "230000", "osm_id": "way/161393825", "gridlock_state": "GA"}}, {"type": "Feature", "geometry": {"type": "Point", "coordinates": [-81.5411013, 30.7761564]}, "properties": {"barrier": "fence", "name": "Kings Bay Base Substation #4", "operator": "Georgia Power", "operator:wikidata": "Q5547666", "power": "substation", "substation": "distribution", "voltage": "230000", "osm_id": "way/161393827", "gridlock_state": "GA"}}, {"type": "Feature", "geometry": {"type": "Point", "coordinates": [-80.338207, 35.2190797]}, "properties": {"barrier": "fence", "name": "Oakboro Tie Substation", "operator": "Duke Energy", "operator:wikidata": "Q1264404", "power": "substation", "substation": "transmission", "voltage": "230000;100000;44000", "osm_id": "way/161923393", "gridlock_state": ""}}, {"type": "Feature", "geometry": {"type": "Point", "coordinates": [-79.5969398, 34.2161339]}, "properties": {"barrier": "fence", "name": "ThermoFisher Substation", "power": "substation", "substation": "industrial", "voltage": "115000", "osm_id": "way/162854492", "gridlock_state": "SC"}}, {"type": "Feature", "geometry": {"type": "Point", "coordinates": [-78.6863037, 34.3267832]}, "properties": {"barrier": "fence", "name": "Whiteville Substation", "power": "substation", "substation": "transmission", "voltage": "230000;115000", "osm_id": "way/163041615", "gridlock_state": ""}}, {"type": "Feature", "geometry": {"type": "Point", "coordinates": [-81.7979596, 32.4130095]}, "properties": {"barrier": "fence", "name": "Statesboro Primary Substation", "operator": "Georgia Power", "operator:wikidata": "Q5547666", "power": "substation", "substation": "transmission", "voltage": "230000;115000;46000;25000", "osm_id": "way/163526642", "gridlock_state": "GA"}}, {"type": "Feature", "geometry": {"type": "Point", "coordinates": [-81.3489561, 32.3528313]}, "properties": {"barrier": "fence", "name": "Treutlen Substation", "operator": "Georgia Power", "operator:wikidata": "Q5547666", "operator:wikipedia": "en:Georgia Power", "power": "substation", "substation": "distribution", "voltage": "115000;46000;13800", "osm_id": "way/163526646", "gridlock_state": "GA"}}, {"type": "Feature", "geometry": {"type": "Point", "coordinates": [-82.1714405, 32.4866014]}, "properties": {"barrier": "fence", "name": "Stillmore Substation", "operator": "Georgia Power", "operator:wikidata": "Q5547666", "operator:wikipedia": "en:Georgia Power", "power": "substation", "substation": "distribution", "voltage": "115000", "osm_id": "way/163526648", "gridlock_state": "GA"}}, {"type": "Feature", "geometry": {"type": "Point", "coordinates": [-82.0495964, 32.4055384]}, "properties": {"barrier": "fence", "name": "Addlestone Substation", "operator": "Georgia Power", "operator:wikidata": "Q5547666", "operator:wikipedia": "en:Georgia Power", "power": "substation", "substation": "distribution", "voltage": "46000", "osm_id": "way/163526650", "gridlock_state": "GA"}}, {"type": "Feature", "geometry": {"type": "Point", "coordinates": [-81.879453, 32.4196893]}, "properties": {"barrier": "fence", "name": "Register Substation", "operator": "Georgia Power", "operator:wikidata": "Q5547666", "operator:wikipedia": "en:Georgia Power", "power": "substation", "substation": "distribution", "voltage": "115000", "osm_id": "way/163526651", "gridlock_state": "GA"}}, {"type": "Feature", "geometry": {"type": "Point", "coordinates": [-84.2316692, 32.079964]}, "properties": {"barrier": "fence", "location": "outdoor", "name": "Americus Primary Substation", "operator": "Georgia Power", "operator:wikidata": "Q5547666", "power": "substation", "substation": "distribution", "voltage": "115000;46000;12470", "osm_id": "way/163762707", "gridlock_state": "GA"}}, {"type": "Feature", "geometry": {"type": "Point", "coordinates": [-84.9156341, 32.6101653]}, "properties": {"barrier": "fence", "frequency": "60", "name": "Fortson Substation", "power": "substation", "substation": "transmission", "voltage": "500000", "osm_id": "way/163762708", "gridlock_state": "GA"}}, {"type": "Feature", "geometry": {"type": "Point", "coordinates": [-84.476911, 32.3629583]}, "properties": {"barrier": "fence", "name": "Tazeville Substation", "power": "substation", "substation": "transmission", "voltage": "230000;46000", "osm_id": "way/163762713", "gridlock_state": "GA"}}, {"type": "Feature", "geometry": {"type": "Point", "coordinates": [-84.6931796, 32.5888389]}, "properties": {"barrier": "fence", "name": "Talbot County Energy Substation", "power": "substation", "substation": "transmission", "voltage": "230000", "osm_id": "way/163762719", "gridlock_state": "GA"}}, {"type": "Feature", "geometry": {"type": "Point", "coordinates": [-83.9387908, 31.8208148]}, "properties": {"barrier": "fence", "location": "outdoor", "name": "Warwick Substation", "power": "substation", "substation": "distribution", "voltage": "115000", "osm_id": "way/163762720", "gridlock_state": "GA"}}, {"type": "Feature", "geometry": {"type": "Point", "coordinates": [-84.2117008, 32.0976505]}, "properties": {"barrier": "fence", "location": "outdoor", "name": "North Americus Substation", "operator": "Georgia Power", "operator:wikidata": "Q5547666", "power": "substation", "substation": "transmission", "voltage": "230000;115000", "osm_id": "way/163762723", "gridlock_state": "GA"}}, {"type": "Feature", "geometry": {"type": "Point", "coordinates": [-83.6526911, 31.6939641]}, "properties": {"barrier": "fence", "name": "Ashburn Substation", "operator": "Georgia Power", "power": "substation", "substation": "distribution", "voltage": "115000;46000;12000", "osm_id": "way/163762724", "gridlock_state": "GA"}}, {"type": "Feature", "geometry": {"type": "Point", "coordinates": [-84.9493075, 32.6712759]}, "properties": {"barrier": "fence", "name": "Mulberry Grove Substation", "power": "substation", "substation": "distribution", "voltage": "230000", "osm_id": "way/163891145", "gridlock_state": "GA"}}, {"type": "Feature", "geometry": {"type": "Point", "coordinates": [-84.8894383, 32.8822043]}, "properties": {"barrier": "fence", "name": "Pine Mountain Substation", "operator": "Georgia Power", "operator:wikidata": "Q5547666", "operator:wikipedia": "en:Georgia Power", "power": "substation", "substation": "distribution", "voltage": "115000;25000", "osm_id": "way/163891151", "gridlock_state": "GA"}}, {"type": "Feature", "geometry": {"type": "Point", "coordinates": [-84.9059539, 33.3511155]}, "properties": {"barrier": "fence", "frequency": "60", "name": "Dresden Substation", "power": "substation", "substation": "transmission", "voltage": "500000", "osm_id": "way/163891152", "gridlock_state": "GA"}}, {"type": "Feature", "geometry": {"type": "Point", "coordinates": [-84.5338261, 33.3256813]}, "properties": {"barrier": "fence", "name": "South Coweta Substation", "operator": "Georgia Power", "operator:wikidata": "Q5547666", "power": "substation", "substation": "transmission", "voltage": "230000", "osm_id": "way/163891160", "gridlock_state": "GA"}}, {"type": "Feature", "geometry": {"type": "Point", "coordinates": [-84.9980901, 33.3516272]}, "properties": {"barrier": "fence", "frequency": "60", "name": "Tenaska Georgia Substation", "operator": "Georgia Power", "operator:wikidata": "Q5547666", "power": "substation", "substation": "switching", "voltage": "500000", "osm_id": "way/163891161", "gridlock_state": "GA"}}, {"type": "Feature", "geometry": {"type": "Point", "coordinates": [-84.8896146, 32.8815936]}, "properties": {"barrier": "fence", "name": "Pine Mountain Switching Station", "power": "substation", "substation": "switching", "voltage": "12000", "osm_id": "way/163891163", "gridlock_state": "GA"}}, {"type": "Feature", "geometry": {"type": "Point", "coordinates": [-84.9097293, 33.3702703]}, "properties": {"barrier": "fence", "name": "Transco 115 Substation", "operator": "Georgia Power", "operator:wikidata": "Q5547666", "operator:wikipedia": "en:Georgia Power", "power": "substation", "substation": "industrial", "voltage": "230000", "osm_id": "way/163891164", "gridlock_state": "GA"}}, {"type": "Feature", "geometry": {"type": "Point", "coordinates": [-84.9942221, 33.358678]}, "properties": {"barrier": "fence", "frequency": "60", "name": "Heard County Substation", "power": "substation", "substation": "switching", "voltage": "500000", "osm_id": "way/163891193", "gridlock_state": "GA"}}, {"type": "Feature", "geometry": {"type": "Point", "coordinates": [-83.6376006, 32.9152646]}, "properties": {"barrier": "fence", "name": "Walnut Creek Substation #5", "operator": "Georgia Power", "operator:wikidata": "Q5547666", "operator:wikipedia": "en:Georgia Power", "power": "substation", "substation": "distribution", "voltage": "115000", "osm_id": "way/164024551", "gridlock_state": "GA"}}, {"type": "Feature", "geometry": {"type": "Point", "coordinates": [-83.698878, 32.9272219]}, "properties": {"barrier": "fence", "name": "Arkwight Substation", "operator": "Georgia Power", "operator:wikidata": "Q5547666", "power": "substation", "substation": "transmission", "voltage": "115000", "osm_id": "way/164024559", "gridlock_state": "GA"}}, {"type": "Feature", "geometry": {"type": "Point", "coordinates": [-83.7260032, 32.9221979]}, "properties": {"barrier": "fence", "name": "Arkwight Substation", "operator": "Georgia Power", "operator:wikidata": "Q5547666", "operator:wikipedia": "en:Georgia Power", "power": "substation", "substation": "distribution", "voltage": "115000", "osm_id": "way/164024562", "gridlock_state": "GA"}}, {"type": "Feature", "geometry": {"type": "Point", "coordinates": [-85.621622, 35.0018381]}, "properties": {"barrier": "fence", "location": "outdoor", "name": "Nickajack Substation", "operator": "Tennessee Valley Authority", "operator:short": "TVA", "operator:wikidata": "Q1367577", "power": "substation", "start_date": "1968", "substation": "generation", "voltage": "161000", "osm_id": "way/164417891", "gridlock_state": ""}}, {"type": "Feature", "geometry": {"type": "Point", "coordinates": [-85.1163237, 31.2236137]}, "properties": {"barrier": "fence", "frequency": "60", "name": "Farley Substation", "power": "substation", "substation": "transmission", "voltage": "500000", "osm_id": "way/164658819", "gridlock_state": ""}}, {"type": "Feature", "geometry": {"type": "Point", "coordinates": [-84.1072017, 31.3676701]}, "properties": {"barrier": "fence", "frequency": "60", "name": "Raccoon Creek Substation", "power": "substation", "substation": "transmission", "voltage": "500000", "osm_id": "way/164660268", "gridlock_state": "GA"}}, {"type": "Feature", "geometry": {"type": "Point", "coordinates": [-84.0813692, 31.38752]}, "properties": {"barrier": "fence", "name": "Baconton Substation", "operator": "Georgia Power", "operator:wikidata": "Q5547666", "operator:wikipedia": "en:Georgia Power", "power": "substation", "substation": "generation", "voltage": "230000", "osm_id": "way/164660269", "gridlock_state": "GA"}}, {"type": "Feature", "geometry": {"type": "Point", "coordinates": [-83.1614216, 32.2132993]}, "properties": {"barrier": "fence", "name": "Eastman Primary Substation", "power": "substation", "substation": "transmission", "voltage": "230000;115000;46000;120000", "osm_id": "way/164880657", "gridlock_state": "GA"}}, {"type": "Feature", "geometry": {"type": "Point", "coordinates": [-84.4889211, 30.8396079]}, "properties": {"barrier": "fence", "name": "South Bainbridge Substation", "operator": "Georgia Power", "operator:wikidata": "Q5547666", "power": "substation", "substation": "transmission", "voltage": "230000;115000", "osm_id": "way/165831924", "gridlock_state": "GA"}}, {"type": "Feature", "geometry": {"type": "Point", "coordinates": [-84.9007902, 30.6638167]}, "properties": {"barrier": "fence", "frequency": "60", "location": "outdoor", "name": "Sinai Substation", "operator": "Florida Power & Light", "operator:wikidata": "Q1430055", "power": "substation", "substation": "transmission", "voltage": "230000;161000;115000;12000", "osm_id": "way/165844042", "gridlock_state": ""}}, {"type": "Feature", "geometry": {"type": "Point", "coordinates": [-81.8393542, 30.5712]}, "properties": {"barrier": "fence", "name": "Callahan Substation", "operator": "Florida Power & Light", "operator:wikidata": "Q1430055", "power": "substation", "substation": "distribution", "voltage": "230000", "osm_id": "way/166776116", "gridlock_state": ""}}, {"type": "Feature", "geometry": {"type": "Point", "coordinates": [-81.8503013, 30.5605484]}, "properties": {"barrier": "fence", "name": "West Nassau Substation", "operator": "Florida Power & Light", "operator:wikidata": "Q1430055", "power": "substation", "substation": "distribution", "voltage": "230000", "osm_id": "way/166776121", "gridlock_state": ""}}, {"type": "Feature", "geometry": {"type": "Point", "coordinates": [-81.8197663, 30.306677]}, "properties": {"frequency": "60", "location": "outdoor", "name": "Normandy Substation JEA", "operator": "Jacksonville Electric Authority", "operator:short": "JEA", "operator:wikidata": "Q17068270", "power": "substation", "substation": "transmission", "voltage": "230000;138000;26400", "osm_id": "way/166776124", "gridlock_state": ""}}, {"type": "Feature", "geometry": {"type": "Point", "coordinates": [-81.8165979, 30.3840527]}, "properties": {"addr:city": "Jacksonville", "addr:housenumber": "5040", "addr:postcode": "32219", "addr:state": "FL", "addr:street": "Jones Road", "barrier": "fence", "frequency": "60", "location": "outdoor", "name": "West Lake Substation", "operator": "Jacksonville Electric Authority", "operator:short": "JEA", "operator:wikidata": "Q17068270", "power": "substation", "substation": "distribution", "voltage": "230000", "osm_id": "way/166791258", "gridlock_state": ""}}, {"type": "Feature", "geometry": {"type": "Point", "coordinates": [-81.549727, 30.4183155]}, "properties": {"barrier": "fence", "frequency": "60", "location": "outdoor", "name": "Northside Plant Substation", "operator": "Jacksonville Electric Authority", "operator:short": "JEA", "operator:wikidata": "Q17068270", "power": "substation", "substation": "generation", "voltage": "230000;138000", "osm_id": "way/166791262", "gridlock_state": ""}}, {"type": "Feature", "geometry": {"type": "Point", "coordinates": [-81.6342151, 30.4548001]}, "properties": {"barrier": "fence", "frequency": "60", "location": "outdoor", "name": "Ritter Park Substation", "operator": "Jacksonville Electric Authority", "operator:short": "JEA", "operator:wikidata": "Q17068270", "operator:wikipedia": "en:JEA", "power": "substation", "substation": "distribution", "voltage": "138000", "osm_id": "way/166791294", "gridlock_state": ""}}, {"type": "Feature", "geometry": {"type": "Point", "coordinates": [-81.7634513, 30.3472151]}, "properties": {"frequency": "60", "location": "outdoor", "name": "Biltmore Substation JEA", "operator": "Jacksonville Electric Authority", "operator:short": "JEA", "operator:wikidata": "Q17068270", "power": "substation", "substation": "transmission", "voltage": "230000", "osm_id": "way/166791296", "gridlock_state": ""}}, {"type": "Feature", "geometry": {"type": "Point", "coordinates": [-81.5544897, 30.4343634]}, "properties": {"barrier": "fence", "frequency": "60", "location": "outdoor", "name": "Saint Johns Substation", "operator": "Jacksonville Electric Authority", "operator:short": "JEA", "operator:wikidata": "Q17068270", "power": "substation", "substation": "switching", "voltage": "230000", "osm_id": "way/166791301", "gridlock_state": ""}}, {"type": "Feature", "geometry": {"type": "Point", "coordinates": [-81.5548347, 30.42178]}, "properties": {"barrier": "fence", "name": "Northside Peaking Substation JEA", "operator": "Jacksonville Electric Authority", "operator:short": "JEA", "operator:wikidata": "Q17068270", "operator:wikipedia": "en:JEA", "power": "substation", "substation": "generation", "voltage": "138000", "osm_id": "way/166791317", "gridlock_state": ""}}, {"type": "Feature", "geometry": {"type": "Point", "coordinates": [-78.8278265, 35.098895]}, "properties": {"barrier": "fence", "name": "Fayetteville East Substation", "power": "substation", "substation": "transmission", "voltage": "230000", "osm_id": "way/167411842", "gridlock_state": ""}}, {"type": "Feature", "geometry": {"type": "Point", "coordinates": [-78.9168025, 35.0211085]}, "properties": {"barrier": "fence", "industrial": "electrical", "landuse": "industrial", "name": "Fayetteville Substation", "operator": "Duke Energy Progress", "operator:wikidata": "Q1264404", "power": "substation", "substation": "transmission", "voltage": "230000;115000;66000", "osm_id": "way/167930675", "gridlock_state": ""}}, {"type": "Feature", "geometry": {"type": "Point", "coordinates": [-82.6659337, 34.4380974]}, "properties": {"barrier": "fence", "name": "Anderson Substation", "operator": "Duke Energy", "operator:wikidata": "Q1264404", "power": "substation", "substation": "transmission", "voltage": "230000;100000;44000", "osm_id": "way/168084258", "gridlock_state": "SC"}}, {"type": "Feature", "geometry": {"type": "Point", "coordinates": [-83.1244527, 35.2337022]}, "properties": {"barrier": "fence", "name": "Thorpe Hydro Substation", "operator": "Duke Energy", "operator:wikidata": "Q1264404", "power": "substation", "start_date": "1941", "substation": "transmission", "voltage": "161000;66000;13000;6900;4100", "osm_id": "way/168725297", "gridlock_state": ""}}, {"type": "Feature", "geometry": {"type": "Point", "coordinates": [-81.9684082, 33.1945069]}, "properties": {"barrier": "fence", "name": "Greens Cut Substation", "operator": "Georgia Power", "operator:wikidata": "Q5547666", "operator:wikipedia": "en:Georgia Power", "power": "substation", "substation": "distribution", "voltage": "115000", "osm_id": "way/170156506", "gridlock_state": "GA"}}, {"type": "Feature", "geometry": {"type": "Point", "coordinates": [-82.0084122, 33.3689682]}, "properties": {"barrier": "fence", "name": "Ampco Performance Products Substation", "operator": "Georgia Power", "operator:wikidata": "Q5547666", "operator:wikipedia": "en:Georgia Power", "power": "substation", "substation": "industrial", "voltage": "230000", "osm_id": "way/170156510", "gridlock_state": "GA"}}, {"type": "Feature", "geometry": {"type": "Point", "coordinates": [-82.4019312, 33.0150181]}, "properties": {"barrier": "fence", "name": "Louisville Primary Substation", "operator": "Georgia Power", "operator:wikidata": "Q5547666", "operator:wikipedia": "en:Georgia Power", "power": "substation", "substation": "distribution", "voltage": "115000", "osm_id": "way/170156514", "gridlock_state": "GA"}}, {"type": "Feature", "geometry": {"type": "Point", "coordinates": [-82.4056232, 33.0142242]}, "properties": {"barrier": "fence", "name": "Louisville Substation", "operator": "Georgia Power", "operator:wikidata": "Q5547666", "operator:wikipedia": "en:Georgia Power", "power": "substation", "substation": "distribution", "voltage": "115000", "osm_id": "way/170156524", "gridlock_state": "GA"}}, {"type": "Feature", "geometry": {"type": "Point", "coordinates": [-82.0501766, 33.0890137]}, "properties": {"barrier": "fence", "name": "Gough Substation #9", "operator": "Georgia Power", "operator:wikidata": "Q5547666", "power": "substation", "substation": "transmission", "voltage": "230000", "osm_id": "way/170156542", "gridlock_state": "GA"}}, {"type": "Feature", "geometry": {"type": "Point", "coordinates": [-82.0784148, 33.3668237]}, "properties": {"barrier": "fence", "name": "Boykin Road Substation", "operator": "Georgia Power", "operator:wikidata": "Q5547666", "operator:wikipedia": "en:Georgia Power", "power": "substation", "substation": "distribution", "voltage": "230000", "osm_id": "way/170166791", "gridlock_state": "GA"}}, {"type": "Feature", "geometry": {"type": "Point", "coordinates": [-81.9382931, 33.4256928]}, "properties": {"barrier": "fence", "name": "Nutrasweet Co. Substation", "operator": "Georgia Power", "operator:wikidata": "Q5547666", "operator:wikipedia": "en:Georgia Power", "power": "substation", "substation": "industrial", "voltage": "115000", "osm_id": "way/170166792", "gridlock_state": "GA"}}, {"type": "Feature", "geometry": {"type": "Point", "coordinates": [-82.1633317, 33.333097]}, "properties": {"barrier": "fence", "name": "South Richmond Substation", "operator": "Georgia Power", "operator:wikidata": "Q5547666", "operator:wikipedia": "en:Georgia Power", "power": "substation", "substation": "distribution", "voltage": "46000", "osm_id": "way/170166794", "gridlock_state": "GA"}}, {"type": "Feature", "geometry": {"type": "Point", "coordinates": [-82.0546387, 33.3275821]}, "properties": {"barrier": "fence", "name": "Peach Orchard Switching Station", "power": "substation", "substation": "switching", "voltage": "12000", "osm_id": "way/170166796", "gridlock_state": "GA"}}, {"type": "Feature", "geometry": {"type": "Point", "coordinates": [-81.9405369, 33.4221721]}, "properties": {"barrier": "fence", "name": "Monsanto Peachtree Substation", "operator": "Georgia Power", "operator:wikidata": "Q5547666", "operator:wikipedia": "en:Georgia Power", "power": "substation", "substation": "industrial", "voltage": "115000", "osm_id": "way/170166797", "gridlock_state": "GA"}}, {"type": "Feature", "geometry": {"type": "Point", "coordinates": [-81.9609096, 33.4504413]}, "properties": {"barrier": "fence", "name": "Meridian Brick Substation", "operator": "Georgia Power", "operator:wikidata": "Q5547666", "operator:wikipedia": "en:Georgia Power", "power": "substation", "substation": "industrial", "voltage": "115000", "osm_id": "way/170166799", "gridlock_state": "GA"}}, {"type": "Feature", "geometry": {"type": "Point", "coordinates": [-82.0543282, 33.3994247]}, "properties": {"barrier": "fence", "name": "Rosipr Road Substation", "operator": "Georgia Power", "operator:wikidata": "Q5547666", "operator:wikipedia": "en:Georgia Power", "power": "substation", "substation": "distribution", "voltage": "230000", "osm_id": "way/170166801", "gridlock_state": "GA"}}, {"type": "Feature", "geometry": {"type": "Point", "coordinates": [-82.1091456, 33.394946]}, "properties": {"barrier": "fence", "name": "Tobacco Road Substation", "operator": "Georgia Power", "operator:wikidata": "Q5547666", "operator:wikipedia": "en:Georgia Power", "power": "substation", "substation": "distribution", "voltage": "230000", "osm_id": "way/170166803", "gridlock_state": "GA"}}, {"type": "Feature", "geometry": {"type": "Point", "coordinates": [-82.0861785, 33.4245118]}, "properties": {"barrier": "fence", "name": "Barton Chapel Substation", "operator": "Georgia Power", "operator:wikidata": "Q5547666", "operator:wikipedia": "en:Georgia Power", "power": "substation", "substation": "distribution", "voltage": "230000", "voltage:secondary": "12000", "osm_id": "way/170166810", "gridlock_state": "GA"}}, {"type": "Feature", "geometry": {"type": "Point", "coordinates": [-81.9360279, 33.4360553]}, "properties": {"barrier": "fence", "name": "PCS Nitrogen Substation", "operator": "Georgia Power", "operator:wikidata": "Q5547666", "operator:wikipedia": "en:Georgia Power", "power": "substation", "substation": "industrial", "voltage": "115000", "osm_id": "way/170166818", "gridlock_state": "GA"}}, {"type": "Feature", "geometry": {"type": "Point", "coordinates": [-82.801938, 32.9984771]}, "properties": {"barrier": "fence", "name": "Sandersville Substation #1", "operator": "Georgia Power", "operator:wikidata": "Q5547666", "operator:wikipedia": "en:Georgia Power", "power": "substation", "substation": "distribution", "voltage": "230000;115000;46000;12000", "osm_id": "way/170295993", "gridlock_state": "GA"}}, {"type": "Feature", "geometry": {"type": "Point", "coordinates": [-82.380657, 33.233802]}, "properties": {"barrier": "fence", "name": "Wrens Primary Substation", "operator": "Georgia Power", "operator:wikidata": "Q5547666", "operator:wikipedia": "en:Georgia Power", "power": "substation", "substation": "distribution", "voltage": "230000;46000;25000", "osm_id": "way/170295999", "gridlock_state": "GA"}}, {"type": "Feature", "geometry": {"type": "Point", "coordinates": [-82.9815846, 33.0945058]}, "properties": {"barrier": "fence", "name": "Tiger Creek Substation", "operator": "Georgia Power", "operator:wikidata": "Q5547666", "power": "substation", "substation": "transmission", "voltage": "230000", "osm_id": "way/170296000", "gridlock_state": "GA"}}, {"type": "Feature", "geometry": {"type": "Point", "coordinates": [-82.687296, 33.3805007]}, "properties": {"barrier": "fence", "name": "Warrenton Primary Substation", "operator": "Georgia Power", "operator:wikidata": "Q5547666", "power": "substation", "substation": "transmission", "voltage": "230000;115000;46000", "osm_id": "way/170296005", "gridlock_state": "GA"}}, {"type": "Feature", "geometry": {"type": "Point", "coordinates": [-83.2979351, 33.1957959]}, "properties": {"barrier": "fence", "name": "Harlee Branch Substation", "operator": "Georgia Power", "operator:wikidata": "Q5547666", "power": "substation", "substation": "switching", "voltage": "230000", "osm_id": "way/170296008", "gridlock_state": "GA"}}, {"type": "Feature", "geometry": {"type": "Point", "coordinates": [-82.4585905, 33.006453]}, "properties": {"barrier": "fence", "name": "Forstmann & Co Substation", "operator": "Georgia Power", "operator:wikidata": "Q5547666", "operator:wikipedia": "en:Georgia Power", "power": "substation", "substation": "industrial", "voltage": "115000", "osm_id": "way/170683969", "gridlock_state": "GA"}}, {"type": "Feature", "geometry": {"type": "Point", "coordinates": [-82.7381886, 32.738453]}, "properties": {"barrier": "fence", "name": "Wrightsville Substation", "operator": "Georgia Power", "operator:wikidata": "Q5547666", "power": "substation", "substation": "transmission", "voltage": "230000;46000", "osm_id": "way/170685415", "gridlock_state": "GA"}}, {"type": "Feature", "geometry": {"type": "Point", "coordinates": [-82.3974655, 32.8085612]}, "properties": {"barrier": "fence", "name": "Wadley #4 Substation", "operator": "Georgia Power", "operator:wikidata": "Q5547666", "operator:wikipedia": "en:Georgia Power", "power": "substation", "substation": "distribution", "voltage": "115000", "osm_id": "way/170822073", "gridlock_state": "GA"}}, {"type": "Feature", "geometry": {"type": "Point", "coordinates": [-82.5354847, 32.1911557]}, "properties": {"barrier": "fence", "name": "McGregor Substation", "operator": "Georgia Power", "operator:wikidata": "Q5547666", "operator:wikipedia": "en:Georgia Power", "power": "substation", "substation": "distribution", "voltage": "115000", "osm_id": "way/170833679", "gridlock_state": "GA"}}, {"type": "Feature", "geometry": {"type": "Point", "coordinates": [-82.9101046, 32.0503266]}, "properties": {"barrier": "fence", "location": "outdoor", "name": "South McRae Substation", "operator": "Georgia Power", "operator:wikidata": "Q5547666", "operator:wikipedia": "en:Georgia Power", "power": "substation", "substation": "distribution", "voltage": "46000;12000", "osm_id": "way/170833682", "gridlock_state": "GA"}}, {"type": "Feature", "geometry": {"type": "Point", "coordinates": [-82.5805773, 32.1850047]}, "properties": {"barrier": "fence", "name": "Ailey Substation", "operator": "Georgia Power", "operator:wikidata": "Q5547666", "operator:wikipedia": "en:Georgia Power", "power": "substation", "substation": "distribution", "voltage": "115000", "osm_id": "way/170833683", "gridlock_state": "GA"}}, {"type": "Feature", "geometry": {"type": "Point", "coordinates": [-82.9108675, 32.0499708]}, "properties": {"barrier": "fence", "location": "outdoor", "name": "McRae Substation", "operator": "Georgia Power", "operator:wikidata": "Q5547666", "operator:wikipedia": "en:Georgia Power", "power": "substation", "substation": "distribution", "voltage": "115000;46000;12000", "osm_id": "way/170833685", "gridlock_state": "GA"}}, {"type": "Feature", "geometry": {"type": "Point", "coordinates": [-83.3169141, 32.8824706]}, "properties": {"barrier": "fence", "name": "Gordon Substation", "operator": "Georgia Power", "operator:wikidata": "Q5547666", "operator:wikipedia": "en:Georgia Power", "power": "substation", "substation": "distribution", "voltage": "230000", "osm_id": "way/170991651", "gridlock_state": "GA"}}, {"type": "Feature", "geometry": {"type": "Point", "coordinates": [-83.6261978, 32.8203492]}, "properties": {"barrier": "fence", "name": "South Macon Substation", "operator": "Georgia Power", "operator:wikidata": "Q5547666", "power": "substation", "substation": "transmission", "voltage": "230000", "osm_id": "way/170991653", "gridlock_state": "GA"}}, {"type": "Feature", "geometry": {"type": "Point", "coordinates": [-83.5125313, 32.7884608]}, "properties": {"barrier": "fence", "name": "Riggins Mill Road Substation", "operator": "Georgia Power", "operator:wikidata": "Q5547666", "power": "substation", "substation": "transmission", "voltage": "230000", "osm_id": "way/170991656", "gridlock_state": "GA"}}, {"type": "Feature", "geometry": {"type": "Point", "coordinates": [-83.4038747, 32.8980406]}, "properties": {"barrier": "fence", "name": "Shoreline Chemical Substation", "operator": "Georgia Power", "operator:wikidata": "Q5547666", "operator:wikipedia": "en:Georgia Power", "power": "substation", "substation": "distribution", "voltage": "115000", "osm_id": "way/170991658", "gridlock_state": "GA"}}, {"type": "Feature", "geometry": {"type": "Point", "coordinates": [-83.5620544, 32.727961]}, "properties": {"barrier": "fence", "name": "Reids Primary Substation", "operator": "Georgia Power", "operator:wikidata": "Q5547666", "power": "substation", "substation": "transmission", "voltage": "115000", "osm_id": "way/170991659", "gridlock_state": "GA"}}, {"type": "Feature", "geometry": {"type": "Point", "coordinates": [-83.5225473, 32.7150626]}, "properties": {"barrier": "fence", "name": "J.M. Huber Substation", "power": "substation", "substation": "distribution", "voltage": "115000;25000", "osm_id": "way/170991660", "gridlock_state": "GA"}}, {"type": "Feature", "geometry": {"type": "Point", "coordinates": [-83.3160111, 33.1290734]}, "properties": {"barrier": "fence", "name": "West Milledgeville Substation", "operator": "Georgia Power", "operator:wikidata": "Q5547666", "power": "substation", "substation": "transmission", "voltage": "230000;115000", "osm_id": "way/170991661", "gridlock_state": "GA"}}, {"type": "Feature", "geometry": {"type": "Point", "coordinates": [-83.5613608, 32.7282491]}, "properties": {"barrier": "fence", "name": "Reids Substation", "operator": "Georgia Power", "operator:wikidata": "Q5547666", "power": "substation", "substation": "distribution", "voltage": "46000", "osm_id": "way/170991662", "gridlock_state": "GA"}}, {"type": "Feature", "geometry": {"type": "Point", "coordinates": [-84.2897288, 32.5710217]}, "properties": {"barrier": "fence", "name": "Butler Primary Substation", "power": "substation", "substation": "transmission", "voltage": "230000;115000;46000;12000", "osm_id": "way/170999705", "gridlock_state": "GA"}}, {"type": "Feature", "geometry": {"type": "Point", "coordinates": [-85.0156804, 33.0241058]}, "properties": {"barrier": "fence", "name": "LaGrange Primary Substation", "operator": "Georgia Power", "operator:wikidata": "Q5547666", "operator:wikipedia": "en:Georgia Power", "power": "substation", "substation": "distribution", "voltage": "230000", "osm_id": "way/171039366", "gridlock_state": "GA"}}, {"type": "Feature", "geometry": {"type": "Point", "coordinates": [-84.9839163, 33.0862146]}, "properties": {"barrier": "fence", "name": "North LaGrange Substation", "operator": "Georgia Power", "operator:wikidata": "Q5547666", "operator:wikipedia": "en:Georgia Power", "power": "substation", "substation": "distribution", "voltage": "115000", "osm_id": "way/171039368", "gridlock_state": "GA"}}, {"type": "Feature", "geometry": {"type": "Point", "coordinates": [-84.584517, 31.5280718]}, "properties": {"barrier": "fence", "name": "Morgan Primary Substation", "operator": "Georgia Power", "operator:wikidata": "Q5547666", "power": "substation", "substation": "transmission", "voltage": "115000;46000", "osm_id": "way/171039372", "gridlock_state": "GA"}}, {"type": "Feature", "geometry": {"type": "Point", "coordinates": [-84.924139, 33.1866678]}, "properties": {"barrier": "fence", "name": "Hogansville Substation", "operator": "Georgia Power", "operator:wikidata": "Q5547666", "operator:wikipedia": "en:Georgia Power", "power": "substation", "substation": "distribution", "voltage": "115000;12000", "osm_id": "way/171039374", "gridlock_state": "GA"}}, {"type": "Feature", "geometry": {"type": "Point", "coordinates": [-84.8965275, 33.461186]}, "properties": {"barrier": "fence", "name": "Yates Switchyard", "power": "substation", "substation": "switching", "voltage": "230000", "osm_id": "way/171166735", "gridlock_state": "GA"}}, {"type": "Feature", "geometry": {"type": "Point", "coordinates": [-85.1314998, 33.4429897]}, "properties": {"barrier": "fence", "name": "Roopville Substation", "power": "substation", "substation": "distribution", "voltage": "230000;46000", "osm_id": "way/171170611", "gridlock_state": "GA"}}, {"type": "Feature", "geometry": {"type": "Point", "coordinates": [-84.4621973, 33.675453]}, "properties": {"barrier": "fence", "name": "East Point 12kV Switching Station", "power": "substation", "substation": "switching", "voltage": "12000", "osm_id": "way/171173865", "gridlock_state": "GA"}}, {"type": "Feature", "geometry": {"type": "Point", "coordinates": [-84.3120146, 33.5349123]}, "properties": {"barrier": "fence", "name": "Jonesboro Substation", "operator": "Georgia Power", "operator:wikidata": "Q5547666", "power": "substation", "substation": "transmission", "voltage": "230000;115000;12000", "osm_id": "way/171479105", "gridlock_state": "GA"}}, {"type": "Feature", "geometry": {"type": "Point", "coordinates": [-84.3334617, 33.605931]}, "properties": {"barrier": "fence", "name": "Morrow Substation", "operator": "Georgia Power", "operator:wikidata": "Q5547666", "power": "substation", "substation": "transmission", "voltage": "230000", "osm_id": "way/171479107", "gridlock_state": "GA"}}, {"type": "Feature", "geometry": {"type": "Point", "coordinates": [-84.3270418, 33.5853781]}, "properties": {"barrier": "fence", "name": "Twilight Substation", "operator": "Georgia Power", "operator:wikidata": "Q5547666", "operator:wikipedia": "en:Georgia Power", "power": "substation", "substation": "distribution", "voltage": "115000", "osm_id": "way/171479139", "gridlock_state": "GA"}}, {"type": "Feature", "geometry": {"type": "Point", "coordinates": [-84.1546688, 33.4266602]}, "properties": {"barrier": "fence", "name": "Blacksville Substation", "operator": "Georgia Power", "operator:wikidata": "Q5547666", "power": "substation", "substation": "distribution", "voltage": "115000", "osm_id": "way/171479140", "gridlock_state": "GA"}}, {"type": "Feature", "geometry": {"type": "Point", "coordinates": [-84.274053, 33.5319951]}, "properties": {"barrier": "fence", "name": "Spivey Lake Substation", "operator": "Georgia Power", "operator:wikidata": "Q5547666", "operator:wikipedia": "en:Georgia Power", "power": "substation", "substation": "distribution", "voltage": "115000", "osm_id": "way/171479141", "gridlock_state": "GA"}}, {"type": "Feature", "geometry": {"type": "Point", "coordinates": [-84.4178294, 33.5850471]}, "properties": {"barrier": "fence", "name": "Riverdale Substation", "operator": "Georgia Power", "operator:wikidata": "Q5547666", "operator:wikipedia": "en:Georgia Power", "power": "substation", "substation": "distribution", "voltage": "115000", "osm_id": "way/171479144", "gridlock_state": "GA"}}, {"type": "Feature", "geometry": {"type": "Point", "coordinates": [-84.2243858, 33.5317647]}, "properties": {"name": "Stockbridge Substation", "operator": "Georgia Power", "operator:wikidata": "Q5547666", "operator:wikipedia": "en:Georgia Power", "power": "substation", "substation": "distribution", "voltage": "230000", "osm_id": "way/171479152", "gridlock_state": "GA"}}, {"type": "Feature", "geometry": {"type": "Point", "coordinates": [-84.3266013, 33.6273235]}, "properties": {"barrier": "fence", "name": "Fort Gillem Substation", "power": "substation", "substation": "distribution", "voltage": "115000", "osm_id": "way/171479153", "gridlock_state": "GA"}}, {"type": "Feature", "geometry": {"type": "Point", "coordinates": [-83.9041735, 33.5857592]}, "properties": {"barrier": "fence", "name": "Covington Substation", "operator": "Georgia Power", "operator:wikidata": "Q5547666", "power": "substation", "substation": "transmission", "voltage": "230000", "osm_id": "way/171523257", "gridlock_state": "GA"}}, {"type": "Feature", "geometry": {"type": "Point", "coordinates": [-83.4025186, 33.3044809]}, "properties": {"barrier": "fence", "name": "Eatonton Substation", "operator": "Georgia Power", "operator:wikidata": "Q5547666", "power": "substation", "substation": "transmission", "voltage": "230000;115000", "osm_id": "way/171527955", "gridlock_state": "GA"}}, {"type": "Feature", "geometry": {"type": "Point", "coordinates": [-83.6793256, 33.6741503]}, "properties": {"barrier": "fence", "name": "East Social Circle Substation", "power": "substation", "substation": "transmission", "voltage": "230000;115000", "osm_id": "way/171531630", "gridlock_state": "GA"}}, {"type": "Feature", "geometry": {"type": "Point", "coordinates": [-82.5980022, 34.0241996]}, "properties": {"barrier": "fence", "name": "Russell Dam Substation", "operator": "Georgia Power", "operator:wikidata": "Q5547666", "power": "substation", "substation": "switching", "voltage": "230000", "osm_id": "way/171540474", "gridlock_state": "GA"}}, {"type": "Feature", "geometry": {"type": "Point", "coordinates": [-82.6362788, 34.0018324]}, "properties": {"barrier": "fence", "name": "Anthony Shoals Substation", "operator": "Georgia Power", "operator:wikidata": "Q5547666", "power": "substation", "substation": "transmission", "voltage": "230000;115000", "osm_id": "way/171540506", "gridlock_state": "GA"}}, {"type": "Feature", "geometry": {"type": "Point", "coordinates": [-83.4060965, 34.0431856]}, "properties": {"barrier": "fence", "name": "Louisiana Pacific Substation", "operator": "Georgia Power", "operator:wikidata": "Q5547666", "operator:wikipedia": "en:Georgia Power", "power": "substation", "substation": "distribution", "voltage": "115000", "osm_id": "way/171540507", "gridlock_state": "GA"}}, {"type": "Feature", "geometry": {"type": "Point", "coordinates": [-83.3847649, 33.8605463]}, "properties": {"barrier": "fence", "name": "East Watkinsville Substation", "operator": "Georgia Power", "operator:wikidata": "Q5547666", "operator:wikipedia": "en:Georgia Power", "power": "substation", "substation": "distribution", "voltage": "230000;115000;12000", "osm_id": "way/171540512", "gridlock_state": "GA"}}, {"type": "Feature", "geometry": {"type": "Point", "coordinates": [-83.1095014, 33.914584]}, "properties": {"barrier": "fence", "name": "Lexington Substation", "operator": "Georgia Power", "operator:wikidata": "Q5547666", "power": "substation", "substation": "transmission", "voltage": "230000;46000", "osm_id": "way/171540513", "gridlock_state": "GA"}}, {"type": "Feature", "geometry": {"type": "Point", "coordinates": [-83.3980855, 34.0534411]}, "properties": {"barrier": "fence", "name": "Center Primary Substation", "operator": "Georgia Power", "operator:wikidata": "Q5547666", "power": "substation", "substation": "transmission", "voltage": "230000", "osm_id": "way/171540518", "gridlock_state": "GA"}}, {"type": "Feature", "geometry": {"type": "Point", "coordinates": [-83.3929946, 33.9711849]}, "properties": {"addr:city": "Athens", "addr:housenumber": "200", "addr:postcode": "30601", "addr:street": "Oneta Street", "barrier": "fence", "name": "Athens Substation", "operator": "Georgia Power", "operator:wikidata": "Q5547666", "operator:wikipedia": "en:Georgia Power", "power": "substation", "ref:athensclarkeaddress": "41340", "substation": "distribution", "voltage": "230000", "osm_id": "way/171540519", "gridlock_state": "GA"}}, {"type": "Feature", "geometry": {"type": "Point", "coordinates": [-83.3013362, 33.952604]}, "properties": {"barrier": "fence", "name": "Cherokee Road Substation", "operator": "Georgia Power", "operator:wikidata": "Q5547666", "operator:wikipedia": "en:Georgia Power", "power": "substation", "substation": "distribution", "voltage": "115000;46000;12000", "osm_id": "way/171540524", "gridlock_state": "GA"}}, {"type": "Feature", "geometry": {"type": "Point", "coordinates": [-83.3166642, 33.8866827]}, "properties": {"barrier": "fence", "name": "Barnett Shoals Substation", "operator": "Georgia Power", "operator:wikidata": "Q5547666", "operator:wikipedia": "en:Georgia Power", "power": "substation", "substation": "distribution", "voltage": "230000", "osm_id": "way/171540526", "gridlock_state": "GA"}}, {"type": "Feature", "geometry": {"type": "Point", "coordinates": [-83.3461189, 33.9764031]}, "properties": {"barrier": "fence", "name": "Athena Substation", "operator": "Georgia Power", "operator:wikidata": "Q5547666", "operator:wikipedia": "en:Georgia Power", "power": "substation", "substation": "distribution", "voltage": "230000;115000;12000", "osm_id": "way/171540528", "gridlock_state": "GA"}}, {"type": "Feature", "geometry": {"type": "Point", "coordinates": [-82.4205941, 34.1837184]}, "properties": {"barrier": "fence", "name": "Cypress Tie Substation Abbeville", "operator": "Duke Energy", "operator:wikidata": "Q1264404", "power": "substation", "substation": "distribution", "voltage": "100000", "osm_id": "way/171542428", "gridlock_state": "SC"}}, {"type": "Feature", "geometry": {"type": "Point", "coordinates": [-82.6881591, 34.4213411]}, "properties": {"barrier": "fence", "name": "Colonial Pipeline Substation", "power": "substation", "substation": "industrial", "voltage": "100000", "osm_id": "way/171556334", "gridlock_state": "SC"}}, {"type": "Feature", "geometry": {"type": "Point", "coordinates": [-82.7744968, 34.3478421]}, "properties": {"barrier": "fence", "name": "John S Rainey Substation", "power": "substation", "substation": "transmission", "voltage": "230000", "osm_id": "way/171556342", "gridlock_state": "SC"}}, {"type": "Feature", "geometry": {"type": "Point", "coordinates": [-83.4317157, 34.1704228]}, "properties": {"barrier": "fence", "name": "Southeast Toyota Substation", "operator": "Georgia Power", "operator:wikidata": "Q5547666", "operator:wikipedia": "en:Georgia Power", "power": "substation", "substation": "industrial", "voltage": "115000", "osm_id": "way/171571427", "gridlock_state": "GA"}}, {"type": "Feature", "geometry": {"type": "Point", "coordinates": [-83.4330342, 34.1639316]}, "properties": {"barrier": "fence", "name": "J.M. Huber Substation", "operator": "Georgia Power", "operator:wikidata": "Q5547666", "operator:wikipedia": "en:Georgia Power", "power": "substation", "substation": "industrial", "voltage": "115000", "osm_id": "way/171571430", "gridlock_state": "GA"}}, {"type": "Feature", "geometry": {"type": "Point", "coordinates": [-83.4421775, 34.2222872]}, "properties": {"barrier": "fence", "name": "North Commerce Substation (Jackson)", "operator": "Georgia Power", "operator:wikidata": "Q5547666", "operator:wikipedia": "en:Georgia Power", "power": "substation", "substation": "distribution", "voltage": "115000", "osm_id": "way/171571439", "gridlock_state": "GA"}}, {"type": "Feature", "geometry": {"type": "Point", "coordinates": [-83.7531307, 33.9954594]}, "properties": {"barrier": "fence", "name": "Winder Primary Substation", "operator": "Georgia Power", "operator:wikidata": "Q5547666", "power": "substation", "substation": "transmission", "voltage": "230000", "osm_id": "way/171583070", "gridlock_state": "GA"}}, {"type": "Feature", "geometry": {"type": "Point", "coordinates": [-83.7702994, 34.1063153]}, "properties": {"barrier": "fence", "name": "Braselton Substation", "operator": "Georgia Power", "operator:wikidata": "Q5547666", "power": "substation", "substation": "distribution", "voltage": "230000;12470", "osm_id": "way/171583079", "gridlock_state": "GA"}}, {"type": "Feature", "geometry": {"type": "Point", "coordinates": [-83.8071216, 34.09672]}, "properties": {"barrier": "fence", "name": "Sharps Church Substation", "operator": "Georgia Power", "operator:wikidata": "Q5547666", "operator:wikipedia": "en:Georgia Power", "power": "substation", "substation": "distribution", "voltage": "230000;12470", "osm_id": "way/171583080", "gridlock_state": "GA"}}, {"type": "Feature", "geometry": {"type": "Point", "coordinates": [-83.907344, 34.0346782]}, "properties": {"barrier": "fence", "name": "Jim Moore Road Substation", "operator": "Georgia Power", "operator:wikidata": "Q5547666", "operator:wikipedia": "en:Georgia Power", "power": "substation", "substation": "distribution", "voltage": "230000;12470", "osm_id": "way/171583081", "gridlock_state": "GA"}}, {"type": "Feature", "geometry": {"type": "Point", "coordinates": [-83.7578307, 34.023516]}, "properties": {"barrier": "fence", "name": "Winder Substation", "operator": "Georgia Power", "operator:wikidata": "Q5547666", "operator:wikipedia": "en:Georgia Power", "power": "substation", "substation": "distribution", "voltage": "230000;12000", "osm_id": "way/171583083", "gridlock_state": "GA"}}, {"type": "Feature", "geometry": {"type": "Point", "coordinates": [-83.6646578, 34.182423]}, "properties": {"barrier": "fence", "name": "North Jackson Substation", "operator": "Georgia Power", "operator:wikidata": "Q5547666", "operator:wikipedia": "en:Georgia Power", "power": "substation", "substation": "distribution", "voltage": "230000", "osm_id": "way/171583087", "gridlock_state": "GA"}}, {"type": "Feature", "geometry": {"type": "Point", "coordinates": [-84.1299537, 34.1997118]}, "properties": {"barrier": "fence", "name": "Cumming Substation", "operator": "Georgia Power", "operator:wikidata": "Q5547666", "operator:wikipedia": "en:Georgia Power", "power": "substation", "substation": "transmission", "voltage": "230000", "osm_id": "way/171642633", "gridlock_state": "GA"}}, {"type": "Feature", "geometry": {"type": "Point", "coordinates": [-84.0064203, 34.1308974]}, "properties": {"barrier": "fence", "name": "Buford Substation", "operator": "Georgia Power", "operator:wikidata": "Q5547666", "power": "substation", "substation": "transmission", "voltage": "115000", "osm_id": "way/171642656", "gridlock_state": "GA"}}, {"type": "Feature", "geometry": {"type": "Point", "coordinates": [-84.0320597, 34.1472114]}, "properties": {"barrier": "fence", "name": "Lake Lanier Substation", "operator": "Georgia Power", "operator:wikidata": "Q5547666", "operator:wikipedia": "en:Georgia Power", "power": "substation", "substation": "distribution", "voltage": "115000", "osm_id": "way/171642658", "gridlock_state": "GA"}}, {"type": "Feature", "geometry": {"type": "Point", "coordinates": [-83.9498087, 34.1123198]}, "properties": {"barrier": "fence", "name": "Thompson Mill Road Substation", "operator": "Georgia Power", "operator:wikidata": "Q5547666", "operator:wikipedia": "en:Georgia Power", "power": "substation", "substation": "distribution", "voltage": "230000", "osm_id": "way/171642659", "gridlock_state": "GA"}}, {"type": "Feature", "geometry": {"type": "Point", "coordinates": [-84.11349, 34.16327]}, "properties": {"barrier": "fence", "name": "Haw Creek Substation", "operator": "Georgia Power", "operator:wikidata": "Q5547666", "operator:wikipedia": "en:Georgia Power", "power": "substation", "substation": "distribution", "voltage": "115000", "osm_id": "way/171642663", "gridlock_state": "GA"}}, {"type": "Feature", "geometry": {"type": "Point", "coordinates": [-83.9763399, 34.1374063]}, "properties": {"barrier": "fence", "name": "Rest Haven Substation", "operator": "Georgia Power", "operator:wikidata": "Q5547666", "operator:wikipedia": "en:Georgia Power", "power": "substation", "substation": "distribution", "voltage": "115000", "osm_id": "way/171642664", "gridlock_state": "GA"}}, {"type": "Feature", "geometry": {"type": "Point", "coordinates": [-84.0774343, 34.1621586]}, "properties": {"barrier": "fence", "name": "Buford Dam Substation", "operator": "Georgia Power", "operator:wikidata": "Q5547666", "operator:wikipedia": "en:Georgia Power", "power": "substation", "substation": "generation", "voltage": "115000", "osm_id": "way/171642668", "gridlock_state": "GA"}}, {"type": "Feature", "geometry": {"type": "Point", "coordinates": [-83.9687817, 34.1345525]}, "properties": {"barrier": "fence", "name": "Buford Substation#4", "operator": "Georgia Power", "operator:wikidata": "Q5547666", "operator:wikipedia": "en:Georgia Power", "power": "substation", "substation": "distribution", "voltage": "115000", "osm_id": "way/171642672", "gridlock_state": "GA"}}, {"type": "Feature", "geometry": {"type": "Point", "coordinates": [-84.4884373, 34.6846144]}, "properties": {"barrier": "fence", "name": "Ellijay Primary Substation", "power": "substation", "substation": "distribution", "voltage": "230000", "osm_id": "way/171713851", "gridlock_state": "GA"}}, {"type": "Feature", "geometry": {"type": "Point", "coordinates": [-84.3787707, 34.3865972]}, "properties": {"barrier": "fence", "name": "Nelson Substation", "operator": "Georgia Power", "operator:wikidata": "Q5547666", "power": "substation", "substation": "transmission", "voltage": "230000;115000;46000", "osm_id": "way/171713857", "gridlock_state": "GA"}}, {"type": "Feature", "geometry": {"type": "Point", "coordinates": [-84.9222168, 34.1336025]}, "properties": {"barrier": "fence", "name": "Bowen Pumping Substation", "operator": "Georgia Power", "operator:wikidata": "Q5547666", "power": "substation", "substation": "industrial", "voltage": "115000", "osm_id": "way/171721922", "gridlock_state": "GA"}}, {"type": "Feature", "geometry": {"type": "Point", "coordinates": [-84.9218707, 34.1158211]}, "properties": {"barrier": "fence", "name": "Bowen NDPES Substation", "operator": "Georgia Power", "operator:wikidata": "Q5547666", "power": "substation", "substation": "industrial", "voltage": "46000", "osm_id": "way/171721924", "gridlock_state": "GA"}}, {"type": "Feature", "geometry": {"type": "Point", "coordinates": [-85.0824629, 32.6082662]}, "properties": {"barrier": "fence", "name": "Goat Rock Dam Substation", "power": "substation", "substation": "transmission", "voltage": "230000;115000", "osm_id": "way/171967073", "gridlock_state": ""}}, {"type": "Feature", "geometry": {"type": "Point", "coordinates": [-85.0934089, 32.608643]}, "properties": {"barrier": "fence", "name": "Plant Franklin Substation", "power": "substation", "substation": "generation", "voltage": "230000", "osm_id": "way/171967079", "gridlock_state": ""}}, {"type": "Feature", "geometry": {"type": "Point", "coordinates": [-84.0050314, 30.9085196]}, "properties": {"barrier": "fence", "name": "Thomasville Substation", "operator": "Georgia Transmission Corporation", "power": "substation", "start_date": "1960", "substation": "transmission", "voltage": "230000", "osm_id": "way/172096005", "gridlock_state": "GA"}}, {"type": "Feature", "geometry": {"type": "Point", "coordinates": [-84.1813617, 31.2781994]}, "properties": {"barrier": "fence", "name": "Tyson Foods Substation", "power": "substation", "substation": "industrial", "voltage": "46000", "osm_id": "way/172096006", "gridlock_state": "GA"}}, {"type": "Feature", "geometry": {"type": "Point", "coordinates": [-83.241274, 30.7138653]}, "properties": {"barrier": "fence", "name": "Dasher Substation", "operator": "Georgia Transmission Corporation", "power": "substation", "substation": "distribution", "voltage": "115000;24940", "osm_id": "way/174398668", "gridlock_state": "GA"}}, {"type": "Feature", "geometry": {"type": "Point", "coordinates": [-83.306032, 30.7057395]}, "properties": {"barrier": "fence", "name": "South Lowndes Substation", "operator": "Georgia Transmission Corporation", "power": "substation", "substation": "distribution", "voltage": "69000;24940", "osm_id": "way/174398669", "gridlock_state": "GA"}}, {"type": "Feature", "geometry": {"type": "Point", "coordinates": [-83.2179661, 30.7283477]}, "properties": {"barrier": "fence", "name": "Twin Lakes Substation", "operator": "Georgia Power", "operator:wikidata": "Q5547666", "power": "substation", "ref": "1812;1813", "substation": "transmission", "voltage": "115000;69000", "osm_id": "way/174398672", "gridlock_state": "GA"}}, {"type": "Feature", "geometry": {"type": "Point", "coordinates": [-83.2279869, 30.8816485]}, "properties": {"barrier": "fence", "frequency": "60", "location": "outdoor", "name": "Pine Grove Primary Substation", "operator": "Georgia Power", "operator:wikidata": "Q5547666", "power": "substation", "substation": "transmission", "voltage": "230000;115000", "osm_id": "way/174399121", "gridlock_state": "GA"}}, {"type": "Feature", "geometry": {"type": "Point", "coordinates": [-83.2102332, 30.7646957]}, "properties": {"barrier": "fence", "name": "Hickory Grove Substation", "operator": "Georgia Transmission Corporation", "power": "substation", "start_date": "1982", "substation": "distribution", "voltage": "115000", "osm_id": "way/174399123", "gridlock_state": "GA"}}, {"type": "Feature", "geometry": {"type": "Point", "coordinates": [-83.2243144, 30.8341344]}, "properties": {"barrier": "fence", "name": "ERCO Worldwide Substation", "operator": "Georgia Power", "operator:wikidata": "Q5547666", "power": "substation", "ref": "577;578;579", "substation": "industrial", "voltage": "230000;24940", "osm_id": "way/174399124", "gridlock_state": "GA"}}, {"type": "Feature", "geometry": {"type": "Point", "coordinates": [-83.3767578, 30.8950796]}, "properties": {"barrier": "fence", "name": "Hahira Substation", "operator": "Georgia Power", "operator:wikidata": "Q5547666", "power": "substation", "substation": "transmission", "voltage": "230000", "osm_id": "way/174404609", "gridlock_state": "GA"}}, {"type": "Feature", "geometry": {"type": "Point", "coordinates": [-83.5936946, 31.0670863]}, "properties": {"barrier": "fence", "name": "Berlin Substation", "operator": "Georgia Power", "operator:wikidata": "Q5547666", "power": "substation", "substation": "transmission", "voltage": "230000;115000", "osm_id": "way/174466526", "gridlock_state": "GA"}}, {"type": "Feature", "geometry": {"type": "Point", "coordinates": [-83.5662893, 31.26407]}, "properties": {"barrier": "fence", "name": "Cool Springs Substation", "operator": "Georgia Power", "operator:wikidata": "Q5547666", "operator:wikipedia": "en:Georgia Power", "power": "substation", "substation": "distribution", "voltage": "115000;12000", "osm_id": "way/174466527", "gridlock_state": "GA"}}, {"type": "Feature", "geometry": {"type": "Point", "coordinates": [-83.7434741, 31.2421775]}, "properties": {"barrier": "fence", "name": "East Moultrie Substation", "operator": "Georgia Power", "operator:wikidata": "Q5547666", "power": "substation", "substation": "transmission", "voltage": "230000;115000", "osm_id": "way/174466530", "gridlock_state": "GA"}}, {"type": "Feature", "geometry": {"type": "Point", "coordinates": [-83.3674781, 30.9951137]}, "properties": {"barrier": "fence", "name": "Hahira Substation", "operator": "Georgia Power", "operator:wikidata": "Q5547666", "power": "substation", "ref": "784", "start_date": "1982", "substation": "distribution", "voltage": "115000;12470", "osm_id": "way/174466531", "gridlock_state": "GA"}}, {"type": "Feature", "geometry": {"type": "Point", "coordinates": [-83.2602086, 31.2078454]}, "properties": {"barrier": "fence", "name": "Nashville Substation", "power": "substation", "substation": "distribution", "voltage": "115000", "osm_id": "way/174466532", "gridlock_state": "GA"}}, {"type": "Feature", "geometry": {"type": "Point", "coordinates": [-83.5091835, 31.4378304]}, "properties": {"barrier": "fence", "name": "South Tifton Substation", "operator": "Georgia Power", "operator:wikidata": "Q5547666", "operator:wikipedia": "en:Georgia Power", "power": "substation", "substation": "distribution", "voltage": "115000;12000", "osm_id": "way/174466533", "gridlock_state": "GA"}}, {"type": "Feature", "geometry": {"type": "Point", "coordinates": [-83.4906942, 31.4130399]}, "properties": {"barrier": "fence", "name": "Magnolia Park Substation", "operator": "Georgia Power", "operator:wikidata": "Q5547666", "operator:wikipedia": "en:Georgia Power", "power": "substation", "substation": "distribution", "voltage": "115000;12000", "osm_id": "way/174466539", "gridlock_state": "GA"}}, {"type": "Feature", "geometry": {"type": "Point", "coordinates": [-83.5153083, 31.4557061]}, "properties": {"barrier": "fence", "description": "Unusually large - until the early 2000s, it carried some generators+230/46kV circuits and got largely replaced by the 500KV North Tifton Sub.", "name": "Tifton Primary Substation", "operator": "Georgia Power", "operator:wikidata": "Q5547666", "operator:wikipedia": "en:Georgia Power", "power": "substation", "substation": "distribution", "voltage": "115000;12000", "osm_id": "way/174466547", "gridlock_state": "GA"}}, {"type": "Feature", "geometry": {"type": "Point", "coordinates": [-83.2564382, 31.6649972]}, "properties": {"barrier": "fence", "name": "Lake Beatrice Switching Station", "power": "substation", "substation": "switching", "voltage": "115000", "osm_id": "way/174534086", "gridlock_state": "GA"}}, {"type": "Feature", "geometry": {"type": "Point", "coordinates": [-83.2517552, 31.6098973]}, "properties": {"barrier": "fence", "name": "Ocilla Substation", "operator": "Georgia Power", "operator:wikidata": "Q5547666", "operator:wikipedia": "en:Georgia Power", "power": "substation", "substation": "distribution", "voltage": "115000", "osm_id": "way/174534094", "gridlock_state": "GA"}}, {"type": "Feature", "geometry": {"type": "Point", "coordinates": [-83.4851169, 31.4756556]}, "properties": {"barrier": "fence", "name": "Monk Road Substation", "operator": "Georgia Power", "operator:wikidata": "Q5547666", "operator:wikipedia": "en:Georgia Power", "power": "substation", "substation": "distribution", "voltage": "115000;12000", "osm_id": "way/174534096", "gridlock_state": "GA"}}, {"type": "Feature", "geometry": {"type": "Point", "coordinates": [-82.6817095, 31.4120779]}, "properties": {"barrier": "fence", "location": "outdoor", "name": "Wilsonville Substation", "operator": "Georgia Power", "operator:wikidata": "Q5547666", "operator:wikipedia": "en:Georgia Power", "power": "substation", "substation": "distribution", "voltage": "230000", "osm_id": "way/174575937", "gridlock_state": "GA"}}, {"type": "Feature", "geometry": {"type": "Point", "coordinates": [-82.0323715, 30.8799183]}, "properties": {"barrier": "fence", "name": "Folkston Primary Substation", "operator": "Georgia Power", "operator:wikidata": "Q5547666", "power": "substation", "substation": "transmission", "voltage": "230000;115000", "osm_id": "way/174624633", "gridlock_state": "GA"}}, {"type": "Feature", "geometry": {"type": "Point", "coordinates": [-82.0982149, 31.4147862]}, "properties": {"barrier": "fence", "name": "Offerman Chips Substation", "operator": "Georgia Power", "operator:wikidata": "Q5547666", "power": "substation", "substation": "industrial", "voltage": "115000", "osm_id": "way/174649779", "gridlock_state": "GA"}}, {"type": "Feature", "geometry": {"type": "Point", "coordinates": [-81.7011825, 31.2108739]}, "properties": {"barrier": "fence", "frequency": "60", "name": "Southern Natural Gas Substation", "operator": "Georgia Power", "operator:wikidata": "Q5547666", "power": "substation", "substation": "industrial", "voltage": "115000", "wires": "single", "osm_id": "way/174697779", "gridlock_state": "GA"}}, {"type": "Feature", "geometry": {"type": "Point", "coordinates": [-81.7080017, 30.9571398]}, "properties": {"barrier": "fence", "name": "Woodbine Substation", "operator": "Georgia Power", "operator:wikidata": "Q5547666", "power": "substation", "substation": "distribution", "voltage": "115000", "osm_id": "way/174697781", "gridlock_state": "GA"}}, {"type": "Feature", "geometry": {"type": "Point", "coordinates": [-81.5586568, 31.2799089]}, "properties": {"barrier": "fence", "name": "West Brunswick Substation", "operator": "Georgia Power", "operator:wikidata": "Q5547666", "power": "substation", "substation": "distribution", "voltage": "230000;115000", "osm_id": "way/174697782", "gridlock_state": "GA"}}, {"type": "Feature", "geometry": {"type": "Point", "coordinates": [-81.6065409, 30.6229294]}, "properties": {"barrier": "fence", "frequency": "60", "location": "outdoor", "name": "Yulee Substation FPL", "operator": "Florida Power & Light", "operator:wikidata": "Q1430055", "power": "substation", "substation": "distribution", "voltage": "230000", "osm_id": "way/174710421", "gridlock_state": ""}}, {"type": "Feature", "geometry": {"type": "Point", "coordinates": [-84.7402503, 33.9717697]}, "properties": {"barrier": "fence", "name": "Woodlore Substation", "power": "substation", "substation": "distribution", "voltage": "230000", "osm_id": "way/175000623", "gridlock_state": "GA"}}, {"type": "Feature", "geometry": {"type": "Point", "coordinates": [-84.6106429, 33.9325599]}, "properties": {"barrier": "fence", "name": "John Ward Road Substation", "power": "substation", "substation": "distribution", "voltage": "230000", "osm_id": "way/175000624", "gridlock_state": "GA"}}, {"type": "Feature", "geometry": {"type": "Point", "coordinates": [-84.8641813, 34.0122372]}, "properties": {"barrier": "fence", "name": "Huntsville Substation", "power": "substation", "substation": "distribution", "voltage": "230000", "osm_id": "way/175000626", "gridlock_state": "GA"}}, {"type": "Feature", "geometry": {"type": "Point", "coordinates": [-85.0463567, 34.0446168]}, "properties": {"barrier": "fence", "name": "Portland Substation", "power": "substation", "substation": "transmission", "voltage": "230000;115000;46000", "osm_id": "way/175000629", "gridlock_state": "GA"}}, {"type": "Feature", "geometry": {"type": "Point", "coordinates": [-84.5979406, 33.8871208]}, "properties": {"barrier": "fence", "name": "Milford Switching Station", "operator": "Georgia Power", "operator:wikidata": "Q5547666", "operator:wikipedia": "en:Georgia Power", "power": "substation", "substation": "switching", "voltage": "12000", "osm_id": "way/175000631", "gridlock_state": "GA"}}, {"type": "Feature", "geometry": {"type": "Point", "coordinates": [-84.7689097, 34.0185953]}, "properties": {"barrier": "fence", "name": "Cedarcrest Substation", "power": "substation", "substation": "distribution", "voltage": "230000", "osm_id": "way/175000633", "gridlock_state": "GA"}}, {"type": "Feature", "geometry": {"type": "Point", "coordinates": [-84.7095543, 33.9351213]}, "properties": {"barrier": "fence", "name": "McConnell Road Substation", "power": "substation", "substation": "transmission", "voltage": "230000;115000", "osm_id": "way/175000634", "gridlock_state": "GA"}}, {"type": "Feature", "geometry": {"type": "Point", "coordinates": [-84.7857159, 33.961414]}, "properties": {"barrier": "fence", "name": "Battlefield Substation", "power": "substation", "substation": "distribution", "voltage": "230000;12470", "osm_id": "way/175000637", "gridlock_state": "GA"}}, {"type": "Feature", "geometry": {"type": "Point", "coordinates": [-84.5981346, 33.8860506]}, "properties": {"barrier": "fence", "name": "Milford Substation", "operator": "Georgia Power", "operator:wikidata": "Q5547666", "operator:wikipedia": "en:Georgia Power", "power": "substation", "substation": "distribution", "voltage": "230000", "osm_id": "way/175000638", "gridlock_state": "GA"}}, {"type": "Feature", "geometry": {"type": "Point", "coordinates": [-84.8914963, 34.0152605]}, "properties": {"barrier": "fence", "name": "Pegamore Switching Station", "power": "substation", "start_date": "2010", "substation": "transmission", "voltage": "230000", "osm_id": "way/175000639", "gridlock_state": "GA"}}, {"type": "Feature", "geometry": {"type": "Point", "coordinates": [-85.0500119, 34.0438889]}, "properties": {"barrier": "fence", "name": "Aragon Primary Substation", "operator": "Georgia Power", "operator:wikidata": "Q5547666", "power": "substation", "substation": "transmission", "voltage": "115000;46000", "osm_id": "way/175000640", "gridlock_state": "GA"}}, {"type": "Feature", "geometry": {"type": "Point", "coordinates": [-84.7094726, 33.9380779]}, "properties": {"barrier": "fence", "name": "Lost Mountain Substation", "power": "substation", "substation": "distribution", "voltage": "115000", "osm_id": "way/175000642", "gridlock_state": "GA"}}, {"type": "Feature", "geometry": {"type": "Point", "coordinates": [-84.649731, 34.0616207]}, "properties": {"barrier": "fence", "name": "Acworth Primary Substation", "power": "substation", "substation": "transmission", "voltage": "230000;115000", "osm_id": "way/175158194", "gridlock_state": "GA"}}, {"type": "Feature", "geometry": {"type": "Point", "coordinates": [-84.535724, 33.9615128]}, "properties": {"addr:housenumber": "589", "addr:street": "North Marietta Parkway", "barrier": "fence", "name": "Marietta Primary Substation", "operator": "Georgia Power", "operator:wikidata": "Q5547666", "power": "substation", "substation": "transmission", "voltage": "230000", "osm_id": "way/175158196", "gridlock_state": "GA"}}, {"type": "Feature", "geometry": {"type": "Point", "coordinates": [-84.8106911, 34.1799448]}, "properties": {"barrier": "fence", "name": "Cartersville Primary Substation", "operator": "Georgia Power", "operator:wikidata": "Q5547666", "power": "substation", "substation": "transmission", "voltage": "230000", "osm_id": "way/175158197", "gridlock_state": "GA"}}, {"type": "Feature", "geometry": {"type": "Point", "coordinates": [-84.7185564, 34.0862729]}, "properties": {"barrier": "fence", "name": "Allatoona Switching Station", "power": "substation", "substation": "switching", "voltage": "12000", "osm_id": "way/175158202", "gridlock_state": "GA"}}, {"type": "Feature", "geometry": {"type": "Point", "coordinates": [-84.5616794, 34.0281732]}, "properties": {"barrier": "fence", "name": "Cobb Place Substation", "operator": "Georgia Power", "operator:wikidata": "Q5547666", "operator:wikipedia": "en:Georgia Power", "power": "substation", "substation": "distribution", "voltage": "230000", "osm_id": "way/175158205", "gridlock_state": "GA"}}, {"type": "Feature", "geometry": {"type": "Point", "coordinates": [-84.7187927, 34.0866718]}, "properties": {"barrier": "fence", "name": "Allatoona Substation", "power": "substation", "substation": "distribution", "voltage": "115000;12000", "osm_id": "way/175158208", "gridlock_state": "GA"}}, {"type": "Feature", "geometry": {"type": "Point", "coordinates": [-83.8823506, 33.8681196]}, "properties": {"barrier": "fence", "name": "Bay Creek Substation", "operator": "Georgia Power", "operator:wikidata": "Q5547666", "power": "substation", "substation": "transmission", "voltage": "230000", "osm_id": "way/175826909", "gridlock_state": "GA"}}, {"type": "Feature", "geometry": {"type": "Point", "coordinates": [-83.7168267, 33.7935644]}, "properties": {"barrier": "fence", "name": "Monroe #2 Substation", "operator": "Georgia Power", "operator:wikidata": "Q5547666", "operator:wikipedia": "en:Georgia Power", "power": "substation", "substation": "distribution", "voltage": "115000", "osm_id": "way/176896768", "gridlock_state": "GA"}}, {"type": "Feature", "geometry": {"type": "Point", "coordinates": [-83.6948632, 33.8136479]}, "properties": {"barrier": "fence", "name": "Monroe Switch Station", "operator": "Georgia Power", "operator:wikidata": "Q5547666", "operator:wikipedia": "en:Georgia Power", "power": "substation", "start_date": "2001", "substation": "generation", "voltage": "230000", "osm_id": "way/176896777", "gridlock_state": "GA"}}, {"type": "Feature", "geometry": {"type": "Point", "coordinates": [-83.6962937, 33.8172719]}, "properties": {"barrier": "fence", "name": "Monroe #3 (Old Athens Hwy) Substation", "operator": "Georgia Power", "operator:wikidata": "Q5547666", "operator:wikipedia": "en:Georgia Power", "power": "substation", "substation": "distribution", "voltage": "115000", "osm_id": "way/176896779", "gridlock_state": "GA"}}, {"type": "Feature", "geometry": {"type": "Point", "coordinates": [-83.6949165, 33.8109683]}, "properties": {"barrier": "fence", "name": "MPC Substation", "power": "substation", "substation": "generation", "voltage": "230000", "osm_id": "way/176896782", "gridlock_state": "GA"}}, {"type": "Feature", "geometry": {"type": "Point", "coordinates": [-83.8413667, 33.8299857]}, "properties": {"barrier": "fence", "name": "Split Silk Substation", "operator": "Georgia Power", "operator:wikidata": "Q5547666", "operator:wikipedia": "en:Georgia Power", "power": "substation", "substation": "distribution", "voltage": "115000", "osm_id": "way/176896787", "gridlock_state": "GA"}}, {"type": "Feature", "geometry": {"type": "Point", "coordinates": [-83.6992846, 33.8470332]}, "properties": {"barrier": "fence", "name": "Campton Substation", "operator": "Georgia Power", "operator:wikidata": "Q5547666", "operator:wikipedia": "en:Georgia Power", "power": "substation", "substation": "distribution", "voltage": "115000", "osm_id": "way/176906109", "gridlock_state": "GA"}}, {"type": "Feature", "geometry": {"type": "Point", "coordinates": [-83.848959, 33.759977]}, "properties": {"barrier": "fence", "name": "Walnut Grove Substation", "power": "substation", "substation": "distribution", "voltage": "230000;12000", "osm_id": "way/176906110", "gridlock_state": "GA"}}, {"type": "Feature", "geometry": {"type": "Point", "coordinates": [-84.0084844, 33.8278063]}, "properties": {"barrier": "fence", "name": "Little Ten Substation", "power": "substation", "substation": "distribution", "voltage": "230000", "osm_id": "way/176906111", "gridlock_state": "GA"}}, {"type": "Feature", "geometry": {"type": "Point", "coordinates": [-83.6898882, 33.8312079]}, "properties": {"barrier": "fence", "name": "Transco 125 Substation", "operator": "Georgia Power", "operator:wikidata": "Q5547666", "power": "substation", "substation": "industrial", "voltage": "115000", "osm_id": "way/176906113", "gridlock_state": "GA"}}, {"type": "Feature", "geometry": {"type": "Point", "coordinates": [-84.0481209, 33.8388687]}, "properties": {"barrier": "fence", "name": "Snellville Substation", "operator": "Georgia Power", "operator:wikidata": "Q5547666", "power": "substation", "substation": "transmission", "voltage": "230000", "osm_id": "way/176906115", "gridlock_state": "GA"}}, {"type": "Feature", "geometry": {"type": "Point", "coordinates": [-83.698786, 33.8379245]}, "properties": {"barrier": "fence", "name": "Doyle Substation", "operator": "Georgia Power", "operator:wikidata": "Q5547666", "operator:wikipedia": "en:Georgia Power", "power": "substation", "substation": "distribution", "voltage": "230000", "osm_id": "way/176906118", "gridlock_state": "GA"}}, {"type": "Feature", "geometry": {"type": "Point", "coordinates": [-83.7526284, 33.9507252]}, "properties": {"barrier": "fence", "name": "Carter Hill Substation", "operator": "Georgia Power", "operator:wikidata": "Q5547666", "operator:wikipedia": "en:Georgia Power", "power": "substation", "substation": "distribution", "voltage": "230000;12470", "osm_id": "way/177612855", "gridlock_state": "GA"}}, {"type": "Feature", "geometry": {"type": "Point", "coordinates": [-83.8151927, 33.9279706]}, "properties": {"barrier": "fence", "name": "Bold Springs Substation", "operator": "Georgia Power", "operator:wikidata": "Q5547666", "operator:wikipedia": "en:Georgia Power", "power": "substation", "substation": "distribution", "voltage": "230000;12000", "osm_id": "way/177612863", "gridlock_state": "GA"}}, {"type": "Feature", "geometry": {"type": "Point", "coordinates": [-84.6301282, 33.8564026]}, "properties": {"barrier": "fence", "name": "Colonial Substation", "power": "substation", "substation": "industrial", "voltage": "115000", "osm_id": "way/177778147", "gridlock_state": "GA"}}, {"type": "Feature", "geometry": {"type": "Point", "coordinates": [-84.6083162, 33.8576738]}, "properties": {"barrier": "fence", "name": "Cobb Hospital Substation", "power": "substation", "substation": "distribution", "voltage": "115000", "osm_id": "way/177778173", "gridlock_state": "GA"}}, {"type": "Feature", "geometry": {"type": "Point", "coordinates": [-83.5834736, 32.5445256]}, "properties": {"barrier": "fence", "name": "Waterford", "operator": "Flint Energies", "power": "substation", "substation": "distribution", "voltage": "115000", "osm_id": "way/177850734", "gridlock_state": "GA"}}, {"type": "Feature", "geometry": {"type": "Point", "coordinates": [-83.6269952, 32.4413584]}, "properties": {"barrier": "fence", "name": "Perdue Substation", "operator": "Georgia Power", "operator:wikidata": "Q5547666", "operator:wikipedia": "en:Georgia Power", "power": "substation", "substation": "industrial", "voltage": "115000", "osm_id": "way/177850737", "gridlock_state": "GA"}}, {"type": "Feature", "geometry": {"type": "Point", "coordinates": [-83.7020208, 32.4553814]}, "properties": {"barrier": "fence", "name": "Perry Primary Substation", "power": "substation", "substation": "distribution", "voltage": "115000;46000;12000", "osm_id": "way/177850740", "gridlock_state": "GA"}}, {"type": "Feature", "geometry": {"type": "Point", "coordinates": [-83.6026835, 32.4851375]}, "properties": {"barrier": "fence", "name": "Mid-Georgia Cogeneration Substation", "operator": "Georgia Power", "operator:wikidata": "Q5547666", "operator:wikipedia": "en:Georgia Power", "power": "substation", "substation": "generation", "voltage": "230000", "osm_id": "way/177850744", "gridlock_state": "GA"}}, {"type": "Feature", "geometry": {"type": "Point", "coordinates": [-83.6308974, 32.4171477]}, "properties": {"barrier": "fence", "name": "Medusa Portland Cement Substation", "operator": "Georgia Power", "operator:wikidata": "Q5547666", "operator:wikipedia": "en:Georgia Power", "power": "substation", "substation": "industrial", "voltage": "115000", "osm_id": "way/177850746", "gridlock_state": "GA"}}, {"type": "Feature", "geometry": {"type": "Point", "coordinates": [-84.1335754, 34.3781185]}, "properties": {"barrier": "fence", "name": "Dawson Crossing Substation", "operator": "Georgia Power", "operator:wikidata": "Q5547666", "power": "substation", "substation": "transmission", "voltage": "230000;115000", "osm_id": "way/177912657", "gridlock_state": "GA"}}, {"type": "Feature", "geometry": {"type": "Point", "coordinates": [-84.0822991, 34.3928615]}, "properties": {"barrier": "fence", "name": "Palmer Creek Substation", "operator": "Georgia Power", "operator:wikidata": "Q5547666", "operator:wikipedia": "en:Georgia Power", "power": "substation", "substation": "distribution", "voltage": "230000;12000", "osm_id": "way/177912658", "gridlock_state": "GA"}}, {"type": "Feature", "geometry": {"type": "Point", "coordinates": [-84.1557585, 34.2959131]}, "properties": {"barrier": "fence", "name": "Matt Substation", "operator": "Georgia Power", "operator:wikidata": "Q5547666", "operator:wikipedia": "en:Georgia Power", "power": "substation", "substation": "distribution", "voltage": "115000;12000", "osm_id": "way/177912662", "gridlock_state": "GA"}}, {"type": "Feature", "geometry": {"type": "Point", "coordinates": [-84.1205717, 34.3757804]}, "properties": {"barrier": "fence", "name": "Dawson Forest Substation", "operator": "Georgia Power", "operator:wikidata": "Q5547666", "operator:wikipedia": "en:Georgia Power", "power": "substation", "substation": "distribution", "voltage": "115000;12000", "osm_id": "way/177912666", "gridlock_state": "GA"}}, {"type": "Feature", "geometry": {"type": "Point", "coordinates": [-84.2760123, 34.0578525]}, "properties": {"barrier": "fence", "name": "Kimball Bridge Substation", "operator": "Georgia Power", "operator:wikidata": "Q5547666", "operator:wikipedia": "en:Georgia Power", "power": "substation", "substation": "distribution", "voltage": "230000", "osm_id": "way/177931192", "gridlock_state": "GA"}}, {"type": "Feature", "geometry": {"type": "Point", "coordinates": [-84.2666529, 34.0986393]}, "properties": {"barrier": "fence", "name": "Deerfield / US Highway 9 Substation", "note": "https://archaeology.uga.edu/gasf/report/4158", "operator": "Georgia Power", "operator:wikidata": "Q5547666", "operator:wikipedia": "en:Georgia Power", "power": "substation", "substation": "distribution", "voltage": "230000", "osm_id": "way/177931194", "gridlock_state": "GA"}}, {"type": "Feature", "geometry": {"type": "Point", "coordinates": [-84.3110386, 34.0639513]}, "properties": {"barrier": "fence", "name": "Alpharetta Substation", "operator": "Georgia Power", "operator:wikidata": "Q5547666", "operator:wikipedia": "en:Georgia Power", "power": "substation", "substation": "distribution", "voltage": "230000", "osm_id": "way/177931198", "gridlock_state": "GA"}}, {"type": "Feature", "geometry": {"type": "Point", "coordinates": [-84.5852853, 34.0501121]}, "properties": {"addr:housenumber": "4043", "addr:street": "George Busbee Parkway Northwest", "barrier": "fence", "fence_type": "wire", "name": "Busbee Parkway Substation", "operator": "Georgia Power", "operator:wikidata": "Q5547666", "operator:wikipedia": "en:Georgia Power", "power": "substation", "substation": "distribution", "voltage": "230000", "osm_id": "way/177931207", "gridlock_state": "GA"}}, {"type": "Feature", "geometry": {"type": "Point", "coordinates": [-84.2430937, 34.0974183]}, "properties": {"barrier": "fence", "name": "Windward Substation", "operator": "Georgia Power", "operator:wikidata": "Q5547666", "operator:wikipedia": "en:Georgia Power", "power": "substation", "substation": "distribution", "voltage": "230000", "osm_id": "way/177931217", "gridlock_state": "GA"}}, {"type": "Feature", "geometry": {"type": "Point", "coordinates": [-84.3785391, 34.1055874]}, "properties": {"barrier": "fence", "name": "Arnold Mill Road Substation", "operator": "Georgia Power", "operator:wikidata": "Q5547666", "operator:wikipedia": "en:Georgia Power", "power": "substation", "substation": "distribution", "voltage": "230000", "osm_id": "way/177931230", "gridlock_state": "GA"}}, {"type": "Feature", "geometry": {"type": "Point", "coordinates": [-84.5131083, 34.0866146]}, "properties": {"barrier": "fence", "name": "Woodstock Switch Station", "operator": "Georgia Power", "operator:wikidata": "Q5547666", "operator:wikipedia": "en:Georgia Power", "power": "substation", "substation": "switching", "voltage": "12000", "osm_id": "way/177931260", "gridlock_state": "GA"}}, {"type": "Feature", "geometry": {"type": "Point", "coordinates": [-84.5134557, 34.0852701]}, "properties": {"barrier": "fence", "name": "Woodstock Substation", "operator": "Georgia Power", "operator:wikidata": "Q5547666", "power": "substation", "substation": "transmission", "voltage": "230000;115000", "osm_id": "way/177931262", "gridlock_state": "GA"}}, {"type": "Feature", "geometry": {"type": "Point", "coordinates": [-84.554587, 34.0571476]}, "properties": {"addr:housenumber": "153", "addr:street": "Hawkins Store Road Northwest", "barrier": "fence", "name": "Hawkins Store Road Substation", "operator": "Georgia Power", "operator:wikidata": "Q5547666", "operator:wikipedia": "en:Georgia Power", "power": "substation", "substation": "distribution", "voltage": "230000", "osm_id": "way/177931263", "gridlock_state": "GA"}}, {"type": "Feature", "geometry": {"type": "Point", "coordinates": [-84.2761174, 34.1559598]}, "properties": {"barrier": "fence", "name": "Milton Substation", "operator": "Georgia Power", "operator:wikidata": "Q5547666", "operator:wikipedia": "en:Georgia Power", "power": "substation", "substation": "distribution", "voltage": "230000", "osm_id": "way/177931264", "gridlock_state": "GA"}}, {"type": "Feature", "geometry": {"type": "Point", "coordinates": [-84.4242146, 34.0672037]}, "properties": {"barrier": "fence", "name": "Mountain Park Substation", "operator": "Georgia Power", "operator:wikidata": "Q5547666", "operator:wikipedia": "en:Georgia Power", "power": "substation", "substation": "distribution", "voltage": "115000", "osm_id": "way/177931271", "gridlock_state": "GA"}}, {"type": "Feature", "geometry": {"type": "Point", "coordinates": [-84.2291725, 34.0574478]}, "properties": {"barrier": "fence", "name": "Ocee Substation", "operator": "Georgia Power", "operator:wikidata": "Q5547666", "operator:wikipedia": "en:Georgia Power", "power": "substation", "substation": "distribution", "voltage": "230000", "osm_id": "way/177931277", "gridlock_state": "GA"}}, {"type": "Feature", "geometry": {"type": "Point", "coordinates": [-84.2834055, 34.1741923]}, "properties": {"barrier": "fence", "frequency": "60", "name": "Hopewell Substation", "operator": "Georgia Power", "operator:wikidata": "Q5547666", "power": "substation", "substation": "transmission", "voltage": "230000", "osm_id": "way/177931281", "gridlock_state": "GA"}}, {"type": "Feature", "geometry": {"type": "Point", "coordinates": [-84.5164544, 34.0534549]}, "properties": {"barrier": "fence", "name": "Maybreeze Substation", "operator": "Georgia Power", "operator:wikidata": "Q5547666", "operator:wikipedia": "en:Georgia Power", "power": "substation", "substation": "distribution", "voltage": "115000", "osm_id": "way/178018121", "gridlock_state": "GA"}}, {"type": "Feature", "geometry": {"type": "Point", "coordinates": [-84.3307191, 34.1651723]}, "properties": {"barrier": "fence", "name": "Birmingham Substation", "operator": "Georgia Power", "operator:wikidata": "Q5547666", "operator:wikipedia": "en:Georgia Power", "power": "substation", "substation": "distribution", "voltage": "115000", "osm_id": "way/178249106", "gridlock_state": "GA"}}, {"type": "Feature", "geometry": {"type": "Point", "coordinates": [-84.5080123, 34.1857567]}, "properties": {"barrier": "fence", "name": "Blankets Creek Substation", "operator": "Georgia Power", "operator:wikidata": "Q5547666", "operator:wikipedia": "en:Georgia Power", "power": "substation", "substation": "distribution", "voltage": "115000", "osm_id": "way/178249108", "gridlock_state": "GA"}}, {"type": "Feature", "geometry": {"type": "Point", "coordinates": [-84.4951067, 34.2394216]}, "properties": {"barrier": "fence", "name": "Canton Substation", "operator": "Georgia Power", "operator:wikidata": "Q5547666", "operator:wikipedia": "en:Georgia Power", "power": "substation", "substation": "distribution", "voltage": "115000", "osm_id": "way/178249124", "gridlock_state": "GA"}}, {"type": "Feature", "geometry": {"type": "Point", "coordinates": [-84.4053638, 34.2424758]}, "properties": {"barrier": "fence", "name": "Orange Substation", "operator": "Georgia Power", "operator:wikidata": "Q5547666", "operator:wikipedia": "en:Georgia Power", "power": "substation", "substation": "distribution", "voltage": "115000", "osm_id": "way/178249125", "gridlock_state": "GA"}}, {"type": "Feature", "geometry": {"type": "Point", "coordinates": [-83.974589, 34.5371897]}, "properties": {"barrier": "fence", "name": "Consolidated Gold Mine Substation", "power": "substation", "substation": "distribution", "voltage": "115000", "osm_id": "way/178356497", "gridlock_state": "GA"}}, {"type": "Feature", "geometry": {"type": "Point", "coordinates": [-84.7791505, 34.260664]}, "properties": {"barrier": "fence", "name": "Anheuser-Busch Substation", "operator": "Georgia Power", "operator:wikidata": "Q5547666", "operator:wikipedia": "en:Georgia Power", "power": "substation", "substation": "industrial", "voltage": "115000", "osm_id": "way/178742270", "gridlock_state": "GA"}}, {"type": "Feature", "geometry": {"type": "Point", "coordinates": [-84.7961244, 34.2441977]}, "properties": {"barrier": "fence", "name": "Gerdau Ameristeel Substation", "operator": "Georgia Power", "operator:wikidata": "Q5547666", "operator:wikipedia": "en:Georgia Power", "power": "substation", "substation": "industrial", "voltage": "230000", "osm_id": "way/178742272", "gridlock_state": "GA"}}, {"type": "Feature", "geometry": {"type": "Point", "coordinates": [-81.5644353, 33.9134867]}, "properties": {"barrier": "fence", "name": "Batesburg Substation", "power": "substation", "substation": "distribution", "voltage": "115000", "osm_id": "way/178951280", "gridlock_state": "SC"}}, {"type": "Feature", "geometry": {"type": "Point", "coordinates": [-83.8096728, 34.263022]}, "properties": {"barrier": "fence", "name": "Gainesville Substation #2", "operator": "Georgia Power", "operator:wikidata": "Q5547666", "power": "substation", "substation": "transmission", "voltage": "230000;115000;46000;12000", "osm_id": "way/179716524", "gridlock_state": "GA"}}, {"type": "Feature", "geometry": {"type": "Point", "coordinates": [-84.4521723, 33.6904397]}, "properties": {"barrier": "fence", "name": "East Point Water Works Substation", "power": "substation", "substation": "distribution", "voltage": "230000", "osm_id": "way/179892665", "gridlock_state": "GA"}}, {"type": "Feature", "geometry": {"type": "Point", "coordinates": [-84.4654157, 33.7232188]}, "properties": {"barrier": "fence", "name": "Cascade Heights Substation", "operator": "Georgia Power", "operator:wikidata": "Q5547666", "power": "substation", "substation": "distribution", "voltage": "115000", "osm_id": "way/179892667", "gridlock_state": "GA"}}, {"type": "Feature", "geometry": {"type": "Point", "coordinates": [-84.364253, 33.4042233]}, "properties": {"barrier": "fence", "name": "Woolsey Substation", "operator": "Georgia Power", "operator:wikidata": "Q5547666", "operator:wikipedia": "en:Georgia Power", "power": "substation", "substation": "distribution", "voltage": "230000;12470", "osm_id": "way/180131620", "gridlock_state": "GA"}}, {"type": "Feature", "geometry": {"type": "Point", "coordinates": [-84.5893483, 33.1368064]}, "properties": {"barrier": "fence", "name": "Gay - Lamar EMC Substation #4", "operator": "Georgia Power", "operator:wikidata": "Q5547666", "operator:wikipedia": "en:Georgia Power", "power": "substation", "substation": "distribution", "voltage": "115000;25000;12000", "osm_id": "way/180202044", "gridlock_state": "GA"}}, {"type": "Feature", "geometry": {"type": "Point", "coordinates": [-84.4829321, 33.0387603]}, "properties": {"barrier": "fence", "name": "Molena Primary Substation", "operator": "Georgia Power", "operator:wikidata": "Q5547666", "power": "substation", "substation": "transmission", "voltage": "115000;46000", "osm_id": "way/180202045", "gridlock_state": "GA"}}, {"type": "Feature", "geometry": {"type": "Point", "coordinates": [-84.7780268, 33.3089322]}, "properties": {"barrier": "fence", "name": "Moreland Substation", "operator": "Georgia Power", "operator:wikidata": "Q5547666", "operator:wikipedia": "en:Georgia Power", "power": "substation", "substation": "distribution", "voltage": "115000;25000;12000", "osm_id": "way/180202047", "gridlock_state": "GA"}}, {"type": "Feature", "geometry": {"type": "Point", "coordinates": [-84.8141154, 33.3791624]}, "properties": {"barrier": "fence", "name": "W.L. Bonnell Substation", "operator": "Georgia Power", "operator:wikidata": "Q5547666", "operator:wikipedia": "en:Georgia Power", "power": "substation", "substation": "distribution", "voltage": "115000", "osm_id": "way/180202048", "gridlock_state": "GA"}}, {"type": "Feature", "geometry": {"type": "Point", "coordinates": [-85.0144651, 33.3253597]}, "properties": {"barrier": "fence", "name": "Enon Grove Substation", "operator": "Georgia Power", "operator:wikidata": "Q5547666", "power": "substation", "substation": "distribution", "voltage": "115000;12000", "osm_id": "way/180248799", "gridlock_state": "GA"}}, {"type": "Feature", "geometry": {"type": "Point", "coordinates": [-85.0376492, 33.4082876]}, "properties": {"barrier": "fence", "location": "outdoor", "name": "Chattahoochee Energy Facility Switchyard", "power": "substation", "start_date": "2003", "substation": "switching", "voltage": "230000", "osm_id": "way/180248801", "gridlock_state": "GA"}}, {"type": "Feature", "geometry": {"type": "Point", "coordinates": [-85.0361669, 33.4070427]}, "properties": {"barrier": "fence", "location": "outdoor", "name": "Wansley Combined Cycle Switchyard", "power": "substation", "start_date": "2002", "substation": "switching", "voltage": "500000", "osm_id": "way/180248803", "gridlock_state": "GA"}}, {"type": "Feature", "geometry": {"type": "Point", "coordinates": [-85.0385058, 33.4092635]}, "properties": {"barrier": "fence", "location": "outdoor", "name": "Wansley Unit #9 Switchyard", "power": "substation", "start_date": "2004", "substation": "switching", "voltage": "230000", "osm_id": "way/180250120", "gridlock_state": "GA"}}, {"type": "Feature", "geometry": {"type": "Point", "coordinates": [-83.77579, 31.216719]}, "properties": {"barrier": "fence", "name": "Moultrie Primary Substation", "operator": "Georgia Power", "operator:wikidata": "Q5547666", "power": "substation", "substation": "transmission", "voltage": "115000", "osm_id": "way/180253174", "gridlock_state": "GA"}}, {"type": "Feature", "geometry": {"type": "Point", "coordinates": [-83.7757184, 31.2159416]}, "properties": {"barrier": "fence", "name": "Moultrie Switching Station", "power": "substation", "substation": "switching", "voltage": "12000", "osm_id": "way/180253176", "gridlock_state": "GA"}}, {"type": "Feature", "geometry": {"type": "Point", "coordinates": [-85.579661, 31.2938944]}, "properties": {"barrier": "fence", "frequency": "60", "location": "outdoor", "name": "Pinckard Substation", "operator": "Alabama Power", "operator:wikidata": "Q4705296", "power": "substation", "substation": "transmission", "voltage": "230000;115000", "osm_id": "way/182398210", "gridlock_state": ""}}, {"type": "Feature", "geometry": {"type": "Point", "coordinates": [-85.2886348, 31.2510757]}, "properties": {"barrier": "fence", "frequency": "60", "location": "outdoor", "name": "Webb Substation", "operator": "Alabama Power", "operator:wikidata": "Q4705296", "power": "substation", "substation": "transmission", "voltage": "230000;115000", "osm_id": "way/182398214", "gridlock_state": ""}}, {"type": "Feature", "geometry": {"type": "Point", "coordinates": [-79.4384744, 34.7601908]}, "properties": {"barrier": "fence", "name": "Laurinburg Substation", "operator": "Duke Energy Progress", "operator:wikidata": "Q1264404", "power": "substation", "substation": "transmission", "voltage": "230000", "osm_id": "way/184544533", "gridlock_state": ""}}, {"type": "Feature", "geometry": {"type": "Point", "coordinates": [-79.4063298, 34.7480697]}, "properties": {"barrier": "fence", "name": "Laurinburg Substation", "operator": "Lumbee River EMC", "power": "substation", "substation": "distribution", "voltage": "115000;12470", "osm_id": "way/184547601", "gridlock_state": ""}}, {"type": "Feature", "geometry": {"type": "Point", "coordinates": [-79.8004443, 33.6681632]}, "properties": {"barrier": "fence", "name": "Kingstree Substation", "operator": "Duke Energy Progress", "operator:wikidata": "Q1264404", "power": "substation", "substation": "switching", "voltage": "230000", "osm_id": "way/184709523", "gridlock_state": "SC"}}, {"type": "Feature", "geometry": {"type": "Point", "coordinates": [-80.1149899, 33.3666594]}, "properties": {"barrier": "fence", "name": "Cross Substation", "power": "substation", "substation": "transmission", "voltage": "230000", "osm_id": "way/184789473", "gridlock_state": "SC"}}, {"type": "Feature", "geometry": {"type": "Point", "coordinates": [-79.9401935, 33.346812]}, "properties": {"barrier": "fence", "name": "41-Siding Substation", "power": "substation", "substation": "distribution", "voltage": "115000", "osm_id": "way/184789484", "gridlock_state": "SC"}}, {"type": "Feature", "geometry": {"type": "Point", "coordinates": [-79.3572794, 33.331955]}, "properties": {"barrier": "fence", "name": "Winyah Substation", "power": "substation", "start_date": "1975", "substation": "transmission", "voltage": "230000;115000", "osm_id": "way/184856180", "gridlock_state": "SC"}}, {"type": "Feature", "geometry": {"type": "Point", "coordinates": [-79.080565, 33.8146417]}, "properties": {"barrier": "fence", "name": "Conway Substation", "power": "substation", "substation": "transmission", "voltage": "115000", "osm_id": "way/184856193", "gridlock_state": "SC"}}, {"type": "Feature", "geometry": {"type": "Point", "coordinates": [-78.8527084, 33.9299564]}, "properties": {"barrier": "fence", "name": "Red Bluff Substation", "power": "substation", "substation": "transmission", "voltage": "230000", "osm_id": "way/184856199", "gridlock_state": "SC"}}, {"type": "Feature", "geometry": {"type": "Point", "coordinates": [-79.2458175, 33.4831508]}, "properties": {"barrier": "fence", "name": "Campfield Substation", "power": "substation", "substation": "transmission", "voltage": "230000;115000", "osm_id": "way/184856204", "gridlock_state": "SC"}}, {"type": "Feature", "geometry": {"type": "Point", "coordinates": [-79.8936227, 33.273276]}, "properties": {"barrier": "fence", "name": "Macedonia Substation", "power": "substation", "substation": "distribution", "voltage": "115000", "osm_id": "way/184858750", "gridlock_state": "SC"}}, {"type": "Feature", "geometry": {"type": "Point", "coordinates": [-79.9321678, 33.0176985]}, "properties": {"barrier": "fence", "name": "Williams Substation", "power": "substation", "substation": "transmission", "voltage": "230000;115000", "osm_id": "way/184867924", "gridlock_state": "SC"}}, {"type": "Feature", "geometry": {"type": "Point", "coordinates": [-79.8837546, 33.0102101]}, "properties": {"barrier": "fence", "name": "Nucor Steel Foundry Substation", "power": "substation", "substation": "industrial", "voltage": "230000", "osm_id": "way/184867925", "gridlock_state": "SC"}}, {"type": "Feature", "geometry": {"type": "Point", "coordinates": [-80.0852537, 32.9380476]}, "properties": {"barrier": "fence", "name": "Pepperhill Substation", "operator": "South Carolina Gas & Electric", "power": "substation", "substation": "transmission", "voltage": "230000;115000", "osm_id": "way/184867939", "gridlock_state": "SC"}}, {"type": "Feature", "geometry": {"type": "Point", "coordinates": [-79.8726973, 32.9762893]}, "properties": {"barrier": "fence", "name": "INEOS Aromatics Substation", "power": "substation", "substation": "industrial", "voltage": "230000", "osm_id": "way/184867940", "gridlock_state": "SC"}}, {"type": "Feature", "geometry": {"type": "Point", "coordinates": [-79.9388654, 33.0584547]}, "properties": {"barrier": "fence", "name": "DAK Americas Substation", "power": "substation", "substation": "industrial", "voltage": "230000", "osm_id": "way/184867947", "gridlock_state": "SC"}}, {"type": "Feature", "geometry": {"type": "Point", "coordinates": [-79.9681874, 32.9626592]}, "properties": {"barrier": "fence", "name": "Naval Nuclear Power Training Command Substation", "power": "substation", "substation": "distribution", "voltage": "115000", "osm_id": "way/184869177", "gridlock_state": "SC"}}, {"type": "Feature", "geometry": {"type": "Point", "coordinates": [-80.4219328, 34.0164129]}, "properties": {"barrier": "fence", "name": "Dalzell Substation", "power": "substation", "substation": "distribution", "voltage": "69000", "osm_id": "way/184966040", "gridlock_state": "SC"}}, {"type": "Feature", "geometry": {"type": "Point", "coordinates": [-80.125292, 33.4234139]}, "properties": {"barrier": "fence", "name": "Santee Substation", "operator": "Berkeley Electric Cooperative", "power": "substation", "substation": "distribution", "voltage": "115000", "osm_id": "way/184966103", "gridlock_state": "SC"}}, {"type": "Feature", "geometry": {"type": "Point", "coordinates": [-79.8436586, 34.5227353]}, "properties": {"barrier": "fence", "name": "Society Hill Substation", "operator": "Duke Energy Progress", "operator:wikidata": "Q1264404", "power": "substation", "substation": "distribution", "voltage": "230000", "osm_id": "way/184990310", "gridlock_state": "SC"}}, {"type": "Feature", "geometry": {"type": "Point", "coordinates": [-80.5410011, 34.3023075]}, "properties": {"barrier": "fence", "name": "Camden Substation", "operator": "Duke Energy Progress", "operator:wikidata": "Q1264404", "power": "substation", "substation": "transmission", "voltage": "230000;69000", "osm_id": "way/185019908", "gridlock_state": "SC"}}, {"type": "Feature", "geometry": {"type": "Point", "coordinates": [-80.3239761, 33.8976611]}, "properties": {"barrier": "fence", "name": "Sumter Substation", "power": "substation", "substation": "transmission", "voltage": "230000", "osm_id": "way/185032893", "gridlock_state": "SC"}}, {"type": "Feature", "geometry": {"type": "Point", "coordinates": [-80.6205999, 33.0640963]}, "properties": {"barrier": "fence", "name": "Canadys Substation", "operator": "South Carolina Electric & Gas Company", "power": "substation", "substation": "transmission", "voltage": "230000;115000", "osm_id": "way/185032900", "gridlock_state": "SC"}}, {"type": "Feature", "geometry": {"type": "Point", "coordinates": [-80.0588022, 33.0520691]}, "properties": {"barrier": "fence", "name": "Mount Holly Smeltery Substation", "power": "substation", "substation": "industrial", "voltage": "230000", "osm_id": "way/185035423", "gridlock_state": "SC"}}, {"type": "Feature", "geometry": {"type": "Point", "coordinates": [-81.3149243, 34.2959982]}, "properties": {"barrier": "fence", "name": "Virgil C. Summer Nuclear #1 Substation", "power": "substation", "substation": "switching", "voltage": "230000", "osm_id": "way/185039621", "gridlock_state": "SC"}}, {"type": "Feature", "geometry": {"type": "Point", "coordinates": [-81.061561, 34.0576091]}, "properties": {"barrier": "fence", "name": "Denny Terrace Substation", "operator": "South Carolina Electric & Gas Company", "power": "substation", "substation": "transmission", "voltage": "230000", "osm_id": "way/185130609", "gridlock_state": "SC"}}, {"type": "Feature", "geometry": {"type": "Point", "coordinates": [-81.2147241, 34.0548381]}, "properties": {"barrier": "fence", "name": "Lake Murray Substation", "power": "substation", "substation": "transmission", "voltage": "115000", "osm_id": "way/185149202", "gridlock_state": "SC"}}, {"type": "Feature", "geometry": {"type": "Point", "coordinates": [-81.6977228, 33.87218]}, "properties": {"barrier": "fence", "name": "Ward Substation", "power": "substation", "substation": "transmission", "voltage": "230000", "osm_id": "way/185197506", "gridlock_state": "SC"}}, {"type": "Feature", "geometry": {"type": "Point", "coordinates": [-80.9840739, 33.9431729]}, "properties": {"barrier": "fence", "name": "Cola Industrial Park Substation", "power": "substation", "substation": "transmission", "voltage": "230000;115000", "osm_id": "way/185225314", "gridlock_state": "SC"}}, {"type": "Feature", "geometry": {"type": "Point", "coordinates": [-81.0182765, 33.87131]}, "properties": {"barrier": "fence", "name": "Columbia Energy Center Substation", "power": "substation", "substation": "generation", "voltage": "230000", "osm_id": "way/185227981", "gridlock_state": "SC"}}, {"type": "Feature", "geometry": {"type": "Point", "coordinates": [-81.1561185, 34.0040223]}, "properties": {"barrier": "fence", "name": "Cromer Road Substation", "operator": "South Carolina Gas & Electric", "power": "substation", "substation": "distribution", "voltage": "115000;23000", "osm_id": "way/185230437", "gridlock_state": "SC"}}, {"type": "Feature", "geometry": {"type": "Point", "coordinates": [-81.1178417, 33.98202]}, "properties": {"barrier": "fence", "name": "Springdale Substation", "operator": "South Carolina Gas & Electric", "power": "substation", "substation": "distribution", "voltage": "115000;24000", "osm_id": "way/185230439", "gridlock_state": "SC"}}, {"type": "Feature", "geometry": {"type": "Point", "coordinates": [-81.0540622, 33.9628323]}, "properties": {"barrier": "fence", "name": "CMC Steel Substation", "power": "substation", "substation": "industrial", "voltage": "230000", "osm_id": "way/185230442", "gridlock_state": "SC"}}, {"type": "Feature", "geometry": {"type": "Point", "coordinates": [-80.8637929, 32.6974259]}, "properties": {"barrier": "fence", "name": "Yemassee Substation", "operator": "South Carolina Electric & Gas Company", "power": "substation", "substation": "transmission", "voltage": "230000", "osm_id": "way/185317032", "gridlock_state": "SC"}}, {"type": "Feature", "geometry": {"type": "Point", "coordinates": [-80.0702792, 32.8303196]}, "properties": {"barrier": "fence", "name": "Church Creek Substation", "power": "substation", "substation": "transmission", "voltage": "230000;115000", "osm_id": "way/185330726", "gridlock_state": "SC"}}, {"type": "Feature", "geometry": {"type": "Point", "coordinates": [-80.7210159, 32.4364883]}, "properties": {"barrier": "fence", "name": "Burton Substation", "operator": "South Carolina Electric & Gas Company", "power": "substation", "voltage": "230000", "osm_id": "way/185362029", "gridlock_state": "SC"}}, {"type": "Feature", "geometry": {"type": "Point", "coordinates": [-81.1241523, 32.3606993]}, "properties": {"barrier": "fence", "name": "Jasper Substation", "power": "substation", "substation": "generation", "voltage": "230000", "osm_id": "way/185380597", "gridlock_state": "SC"}}, {"type": "Feature", "geometry": {"type": "Point", "coordinates": [-81.0854957, 33.9417663]}, "properties": {"barrier": "fence", "name": "Dunbar Road Substation", "operator": "South Carolina Gas & Electric", "power": "substation", "substation": "compensation", "voltage": "115000", "osm_id": "way/185400354", "gridlock_state": "SC"}}, {"type": "Feature", "geometry": {"type": "Point", "coordinates": [-79.5302689, 35.2195791]}, "properties": {"barrier": "fence", "name": "West End Substation", "operator": "Duke Energy Progress", "operator:wikidata": "Q1264404", "power": "substation", "substation": "transmission", "voltage": "230000", "osm_id": "way/185505656", "gridlock_state": ""}}, {"type": "Feature", "geometry": {"type": "Point", "coordinates": [-80.8089655, 33.5037959]}, "properties": {"barrier": "fence", "name": "Husqvarna Substation", "power": "substation", "substation": "industrial", "voltage": "115000", "osm_id": "way/185577976", "gridlock_state": "SC"}}, {"type": "Feature", "geometry": {"type": "Point", "coordinates": [-80.7862825, 33.4684794]}, "properties": {"barrier": "fence", "name": "North Substation", "power": "substation", "substation": "distribution", "voltage": "115000", "osm_id": "way/185577977", "gridlock_state": "SC"}}, {"type": "Feature", "geometry": {"type": "Point", "coordinates": [-80.8064612, 33.5021982]}, "properties": {"barrier": "fence", "name": "Orangeburg East Substation", "power": "substation", "substation": "transmission", "voltage": "230000;115000", "osm_id": "way/185577981", "gridlock_state": "SC"}}, {"type": "Feature", "geometry": {"type": "Point", "coordinates": [-82.6829278, 35.2585707]}, "properties": {"barrier": "fence", "name": "Pisgah Tie Substation", "operator": "Duke Energy", "operator:wikidata": "Q1264404", "power": "substation", "substation": "transmission", "voltage": "230000;100000;44000", "osm_id": "way/185582605", "gridlock_state": ""}}, {"type": "Feature", "geometry": {"type": "Point", "coordinates": [-82.4249437, 34.7606461]}, "properties": {"barrier": "fence", "name": "Shady Grove Substation", "operator": "Duke Energy", "operator:wikidata": "Q1264404", "power": "substation", "substation": "transmission", "voltage": "230000;100000;44000", "osm_id": "way/185585802", "gridlock_state": "SC"}}, {"type": "Feature", "geometry": {"type": "Point", "coordinates": [-79.8861448, 34.6801971]}, "properties": {"barrier": "fence", "name": "Cheraw Cash Road Substation", "operator": "Duke Energy Progress", "operator:wikidata": "Q1264404", "power": "substation", "substation": "distribution", "voltage": "230000", "osm_id": "way/185718901", "gridlock_state": "SC"}}, {"type": "Feature", "geometry": {"type": "Point", "coordinates": [-79.9197635, 34.6844579]}, "properties": {"barrier": "fence", "name": "Cheraw Reid Park Substation", "operator": "Duke Energy Progress", "operator:wikidata": "Q1264404", "power": "substation", "substation": "distribution", "voltage": "230000", "osm_id": "way/185718902", "gridlock_state": "SC"}}, {"type": "Feature", "geometry": {"type": "Point", "coordinates": [-79.8928974, 34.3732668]}, "properties": {"barrier": "fence", "name": "Nucor Steel Substation", "power": "substation", "substation": "industrial", "voltage": "230000", "osm_id": "way/185718913", "gridlock_state": "SC"}}, {"type": "Feature", "geometry": {"type": "Point", "coordinates": [-79.9161304, 33.9344352]}, "properties": {"barrier": "fence", "name": "Olanta Substation", "power": "substation", "substation": "distribution", "voltage": "230000", "osm_id": "way/185730070", "gridlock_state": "SC"}}, {"type": "Feature", "geometry": {"type": "Point", "coordinates": [-82.1697751, 33.4156678]}, "properties": {"barrier": "fence", "name": "Fort Gordon Substation #2", "operator": "Georgia Power", "operator:wikidata": "Q5547666", "operator:wikipedia": "en:Georgia Power", "power": "substation", "start_date": "2009", "substation": "distribution", "voltage": "115000;12000", "osm_id": "way/186241373", "gridlock_state": "GA"}}, {"type": "Feature", "geometry": {"type": "Point", "coordinates": [-85.5927582, 31.7045801]}, "properties": {"barrier": "fence", "frequency": "60", "location": "outdoor", "name": "Clio Switching Station", "operator": "PowerSouth Energy Cooperative", "power": "substation", "substation": "transmission", "voltage": "115000;46000", "osm_id": "way/186254498", "gridlock_state": ""}}, {"type": "Feature", "geometry": {"type": "Point", "coordinates": [-85.448747, 32.6636606]}, "properties": {"barrier": "fence", "name": "Opelika Substation", "power": "substation", "substation": "transmission", "voltage": "230000", "osm_id": "way/186411640", "gridlock_state": ""}}, {"type": "Feature", "geometry": {"type": "Point", "coordinates": [-85.34558, 34.2512064]}, "properties": {"barrier": "fence", "name": "Hammod Substation", "operator": "Georgia Power", "operator:wikidata": "Q5547666", "power": "substation", "substation": "transmission", "voltage": "230000", "osm_id": "way/186429831", "gridlock_state": "GA"}}, {"type": "Feature", "geometry": {"type": "Point", "coordinates": [-85.3285687, 34.3259085]}, "properties": {"barrier": "fence", "name": "Rocky Mountain Switch Station", "power": "substation", "substation": "switching", "voltage": "230000", "osm_id": "way/186429833", "gridlock_state": "GA"}}, {"type": "Feature", "geometry": {"type": "Point", "coordinates": [-85.2888252, 33.9961901]}, "properties": {"barrier": "fence", "name": "Cedartown Substation", "power": "substation", "substation": "transmission", "voltage": "230000;46000", "osm_id": "way/186429835", "gridlock_state": "GA"}}, {"type": "Feature", "geometry": {"type": "Point", "coordinates": [-80.6562574, 34.2328465]}, "properties": {"barrier": "fence", "name": "Invista Substation", "power": "substation", "substation": "industrial", "voltage": "115000", "osm_id": "way/186840937", "gridlock_state": "SC"}}, {"type": "Feature", "geometry": {"type": "Point", "coordinates": [-82.4343674, 34.6016465]}, "properties": {"barrier": "fence", "name": "Lee Substation", "power": "substation", "substation": "transmission", "voltage": "100000", "osm_id": "way/186840939", "gridlock_state": "SC"}}, {"type": "Feature", "geometry": {"type": "Point", "coordinates": [-79.5592384, 34.1528219]}, "properties": {"barrier": "fence", "name": "WestRock Substation", "power": "substation", "substation": "industrial", "voltage": "115000", "osm_id": "way/186840942", "gridlock_state": "SC"}}, {"type": "Feature", "geometry": {"type": "Point", "coordinates": [-84.4689819, 33.8242406]}, "properties": {"barrier": "fence", "name": "Argos Cement Substation", "power": "substation", "substation": "industrial", "voltage": "115000", "osm_id": "way/186847067", "gridlock_state": "GA"}}, {"type": "Feature", "geometry": {"type": "Point", "coordinates": [-83.9403725, 31.8439304]}, "properties": {"barrier": "fence", "name": "Crisp Substation", "power": "substation", "substation": "transmission", "voltage": "115000;46000", "osm_id": "way/186847076", "gridlock_state": "GA"}}, {"type": "Feature", "geometry": {"type": "Point", "coordinates": [-84.4359587, 35.182819]}, "properties": {"name": "Apalachia Substation", "operator": "Tennessee Valley Authority", "operator:short": "TVA", "operator:wikidata": "Q1367577", "operator:wikipedia": "en:Tennessee Valley Authority", "power": "substation", "substation": "transmission", "voltage": "161000", "osm_id": "way/188908066", "gridlock_state": ""}}, {"type": "Feature", "geometry": {"type": "Point", "coordinates": [-84.5889512, 35.2185365]}, "properties": {"barrier": "fence", "name": "Northeast Benton Substation", "operator": "Tennessee Valley Authority", "operator:short": "TVA", "operator:wikidata": "Q1367577", "power": "substation", "substation": "transmission", "voltage": "161000;69000", "osm_id": "way/188908067", "gridlock_state": ""}}, {"type": "Feature", "geometry": {"type": "Point", "coordinates": [-84.9368838, 35.1446484]}, "properties": {"barrier": "fence", "name": "South Cleveland Substation", "operator": "Tennessee Valley Authority", "operator:short": "TVA", "operator:wikidata": "Q1367577", "power": "substation", "substation": "transmission", "voltage": "161000;69000", "osm_id": "way/188924126", "gridlock_state": ""}}, {"type": "Feature", "geometry": {"type": "Point", "coordinates": [-84.8402742, 35.0756683]}, "properties": {"barrier": "fence", "name": "Sugar Grove Substation", "operator": "Volunteer Energy Cooperative", "power": "substation", "start_date": "1990", "substation": "distribution", "voltage": "161000", "osm_id": "way/188924127", "gridlock_state": ""}}, {"type": "Feature", "geometry": {"type": "Point", "coordinates": [-85.6097721, 35.0746856]}, "properties": {"barrier": "fence", "location": "outdoor", "name": "Jasper Substation", "operator": "Sequachee Valley Electric Cooperative", "power": "substation", "substation": "transmission", "voltage": "161000;46000;24940", "osm_id": "way/188958315", "gridlock_state": ""}}, {"type": "Feature", "geometry": {"type": "Point", "coordinates": [-83.9150324, 35.1897294]}, "properties": {"barrier": "fence", "name": "Marble Tie Substation", "operator": "Duke Energy", "operator:wikidata": "Q1264404", "power": "substation", "substation": "transmission", "voltage": "161000;34500;13000", "osm_id": "way/188977467", "gridlock_state": ""}}, {"type": "Feature", "geometry": {"type": "Point", "coordinates": [-83.6768037, 35.2717631]}, "properties": {"barrier": "fence", "name": "Nantahala Substation", "operator": "Duke Energy", "operator:wikidata": "Q1264404", "power": "substation", "substation": "transmission", "voltage": "161000", "osm_id": "way/188977468", "gridlock_state": ""}}, {"type": "Feature", "geometry": {"type": "Point", "coordinates": [-84.0219111, 35.0956483]}, "properties": {"barrier": "fence", "name": "Murphy Substation", "operator": "Tennessee Valley Authority", "operator:short": "TVA", "operator:wikidata": "Q1367577", "power": "substation", "substation": "distribution", "voltage": "161000", "osm_id": "way/189089689", "gridlock_state": ""}}, {"type": "Feature", "geometry": {"type": "Point", "coordinates": [-83.973537, 34.8855731]}, "properties": {"barrier": "fence", "name": "Weaver Substation", "operator": "Blue Ridge EMC", "power": "substation", "substation": "distribution", "voltage": "161000", "osm_id": "way/189265819", "gridlock_state": "GA"}}, {"type": "Feature", "geometry": {"type": "Point", "coordinates": [-83.823222, 35.0300927]}, "properties": {"barrier": "fence", "location": "outdoor", "name": "Hayesville Substation", "operator": "Duke Energy", "operator:wikidata": "Q1264404", "power": "substation", "substation": "distribution", "voltage": "161000;69000", "osm_id": "way/189265820", "gridlock_state": ""}}, {"type": "Feature", "geometry": {"type": "Point", "coordinates": [-84.540131, 35.2778937]}, "properties": {"barrier": "fence", "name": "J M Huber Substation", "operator": "Tennessee Valley Authority", "operator:short": "TVA", "operator:wikidata": "Q1367577", "power": "substation", "substation": "distribution", "voltage": "161000", "osm_id": "way/189265821", "gridlock_state": ""}}, {"type": "Feature", "geometry": {"type": "Point", "coordinates": [-84.6492997, 35.0957993]}, "properties": {"barrier": "fence", "name": "Ocoee Dam Number One Substation", "operator": "Tennessee Valley Authority", "operator:short": "TVA", "operator:wikidata": "Q1367577", "power": "substation", "substation": "generation", "voltage": "69000", "osm_id": "way/189265823", "gridlock_state": ""}}, {"type": "Feature", "geometry": {"type": "Point", "coordinates": [-84.7193299, 35.1268788]}, "properties": {"barrier": "fence", "name": "Ocoee Village Substation", "operator": "Tennessee Valley Authority", "operator:short": "TVA", "operator:wikidata": "Q1367577", "operator:wikipedia": "en:Tennessee Valley Authority", "power": "substation", "substation": "distribution", "voltage": "69000", "osm_id": "way/189265824", "gridlock_state": ""}}, {"type": "Feature", "geometry": {"type": "Point", "coordinates": [-84.4822994, 35.0743713]}, "properties": {"barrier": "fence", "name": "Ocoee Number Three Dam Substation", "operator": "Tennessee Valley Authority", "operator:short": "TVA", "operator:wikidata": "Q1367577", "power": "substation", "substation": "generation", "voltage": "161000", "osm_id": "way/189479792", "gridlock_state": ""}}, {"type": "Feature", "geometry": {"type": "Point", "coordinates": [-84.3869331, 35.0040591]}, "properties": {"barrier": "fence", "name": "Basin Substation", "operator": "TVA", "operator:wikidata": "Q1367577", "power": "substation", "substation": "distribution", "voltage": "161000", "osm_id": "way/189479793", "gridlock_state": ""}}, {"type": "Feature", "geometry": {"type": "Point", "coordinates": [-85.6886919, 34.4781081]}, "properties": {"barrier": "fence", "location": "outdoor", "name": "Fort Payne Substation", "operator": "Tennessee Valley Authority", "operator:short": "TVA", "operator:wikidata": "Q1367577", "power": "substation", "substation": "transmission", "voltage": "161000", "osm_id": "way/189897967", "gridlock_state": ""}}, {"type": "Feature", "geometry": {"type": "Point", "coordinates": [-83.9770321, 34.5196541]}, "properties": {"barrier": "fence", "name": "Dahlonega Substation", "power": "substation", "substation": "distribution", "voltage": "115000", "osm_id": "way/192574625", "gridlock_state": "GA"}}, {"type": "Feature", "geometry": {"type": "Point", "coordinates": [-81.2404416, 32.1621235]}, "properties": {"barrier": "fence", "name": "Godley Tract Substation", "operator": "Georgia Power", "operator:wikidata": "Q5547666", "operator:wikipedia": "en:Georgia Power", "power": "substation", "substation": "distribution", "voltage": "115000", "osm_id": "way/193440181", "gridlock_state": "GA"}}, {"type": "Feature", "geometry": {"type": "Point", "coordinates": [-84.3109825, 34.0359276]}, "properties": {"barrier": "fence", "name": "Old Alabama Road Substation", "operator": "Georgia Power", "operator:wikidata": "Q5547666", "operator:wikipedia": "en:Georgia Power", "power": "substation", "substation": "distribution", "voltage": "230000", "osm_id": "way/196249068", "gridlock_state": "GA"}}, {"type": "Feature", "geometry": {"type": "Point", "coordinates": [-79.8872234, 32.801111]}, "properties": {"barrier": "fence", "name": "Bayview Substation", "operator": "Dominion Energy South Carolina", "operator:wikidata": "Q114367619", "power": "substation", "substation": "distribution", "voltage": "115000;24940", "osm_id": "way/197699825", "gridlock_state": "SC"}}, {"type": "Feature", "geometry": {"type": "Point", "coordinates": [-81.7074642, 30.3108761]}, "properties": {"frequency": "60", "location": "outdoor", "name": "Randall Street Substation JEA", "operator": "Jacksonville Electric Authority", "operator:short": "JEA", "operator:wikidata": "Q17068270", "operator:wikipedia": "en:JEA", "power": "substation", "substation": "distribution", "voltage": "69000", "osm_id": "way/204250593", "gridlock_state": ""}}, {"type": "Feature", "geometry": {"type": "Point", "coordinates": [-85.4855619, 30.3151529]}, "properties": {"barrier": "fence", "name": "Bayou George North Substation", "operator": "PowerSouth Energy Cooperative", "power": "substation", "substation": "distribution", "voltage": "115000", "osm_id": "way/205176420", "gridlock_state": ""}}, {"type": "Feature", "geometry": {"type": "Point", "coordinates": [-80.7023194, 34.3346578]}, "properties": {"barrier": "fence", "name": "Wateree Dam Substation", "power": "substation", "substation": "transmission", "voltage": "115000", "osm_id": "way/206005320", "gridlock_state": "SC"}}, {"type": "Feature", "geometry": {"type": "Point", "coordinates": [-85.202421, 30.7769681]}, "properties": {"barrier": "fence", "name": "Chipola Substation", "operator": "Florida Power & Light", "operator:wikidata": "Q1430055", "power": "substation", "substation": "distribution", "voltage": "115000;12470", "osm_id": "way/207413074", "gridlock_state": ""}}, {"type": "Feature", "geometry": {"type": "Point", "coordinates": [-85.4736752, 35.1865971]}, "properties": {"barrier": "fence", "location": "outdoor", "name": "Powell Substation", "operator": "Sequachee Valley Electric Cooperative", "power": "substation", "start_date": "1974", "substation": "distribution", "voltage": "46000", "osm_id": "way/207517405", "gridlock_state": ""}}, {"type": "Feature", "geometry": {"type": "Point", "coordinates": [-82.1625583, 35.1212339]}, "properties": {"barrier": "fence", "name": "Campobello Substation", "operator": "Duke Energy", "operator:wikidata": "Q1264404", "power": "substation", "substation": "transmission", "voltage": "100000", "osm_id": "way/213877608", "gridlock_state": "SC"}}, {"type": "Feature", "geometry": {"type": "Point", "coordinates": [-82.4066517, 35.2697839]}, "properties": {"barrier": "fence", "name": "Hendersonville Tie Substation", "operator": "Duke Energy", "operator:wikidata": "Q1264404", "power": "substation", "substation": "transmission", "voltage": "100000;44000", "osm_id": "way/213877641", "gridlock_state": ""}}, {"type": "Feature", "geometry": {"type": "Point", "coordinates": [-81.9134259, 34.9646075]}, "properties": {"barrier": "fence", "name": "East Spartanburg Substation", "operator": "Duke Energy", "operator:wikidata": "Q1264404", "power": "substation", "substation": "distribution", "voltage": "100000;44000", "osm_id": "way/213923199", "gridlock_state": "SC"}}, {"type": "Feature", "geometry": {"type": "Point", "coordinates": [-81.6218657, 35.0729586]}, "properties": {"barrier": "fence", "name": "Gaffney Tie Substation", "operator": "Duke Energy", "operator:wikidata": "Q1264404", "power": "substation", "substation": "transmission", "voltage": "100000;44000", "osm_id": "way/213923200", "gridlock_state": "SC"}}, {"type": "Feature", "geometry": {"type": "Point", "coordinates": [-82.0402467, 35.0280316]}, "properties": {"barrier": "fence", "name": "Inman Substation", "operator": "Duke Energy", "operator:wikidata": "Q1264404", "power": "substation", "substation": "distribution", "voltage": "100000", "osm_id": "way/213923201", "gridlock_state": "SC"}}, {"type": "Feature", "geometry": {"type": "Point", "coordinates": [-81.8722114, 35.141272]}, "properties": {"addr:city": "Chesnee", "addr:housenumber": "518", "addr:postcode": "29323", "addr:state": "SC", "addr:street": "West Manning Street", "barrier": "fence", "name": "Chesnee Tie Substation", "operator": "Duke Energy", "operator:wikidata": "Q1264404", "power": "substation", "substation": "transmission", "voltage": "100000;44000", "osm_id": "way/213923227", "gridlock_state": "SC"}}, {"type": "Feature", "geometry": {"type": "Point", "coordinates": [-79.9424581, 32.6562539]}, "properties": {"barrier": "fence", "name": "Folly Beach Substation", "power": "substation", "substation": "distribution", "voltage": "115000", "osm_id": "way/217439469", "gridlock_state": "SC"}}, {"type": "Feature", "geometry": {"type": "Point", "coordinates": [-80.0376096, 32.8692869]}, "properties": {"barrier": "fence", "name": "Charleston International Airport Substation", "power": "substation", "substation": "distribution", "voltage": "115000", "osm_id": "way/217501714", "gridlock_state": "SC"}}, {"type": "Feature", "geometry": {"type": "Point", "coordinates": [-80.0146241, 32.8500798]}, "properties": {"barrier": "fence", "name": "Faber Place Substation", "power": "substation", "substation": "transmission", "voltage": "230000", "osm_id": "way/217507829", "gridlock_state": "SC"}}, {"type": "Feature", "geometry": {"type": "Point", "coordinates": [-81.5982303, 30.4189582]}, "properties": {"frequency": "60", "location": "outdoor", "name": "Eastport Substation JEA", "operator": "Jacksonville Electric Authority", "operator:short": "JEA", "operator:wikidata": "Q17068270", "power": "substation", "substation": "distribution", "voltage": "138000", "osm_id": "way/224445355", "gridlock_state": ""}}, {"type": "Feature", "geometry": {"type": "Point", "coordinates": [-79.9684074, 32.8981809]}, "properties": {"barrier": "fence", "name": "WestRock Substation", "power": "substation", "substation": "industrial", "voltage": "115000", "osm_id": "way/229031772", "gridlock_state": "SC"}}, {"type": "Feature", "geometry": {"type": "Point", "coordinates": [-79.9760575, 32.8529751]}, "properties": {"barrier": "fence", "name": "Accabee Substation", "power": "substation", "substation": "transmission", "voltage": "115000", "osm_id": "way/229031777", "gridlock_state": "SC"}}, {"type": "Feature", "geometry": {"type": "Point", "coordinates": [-79.8489277, 32.8272582]}, "properties": {"barrier": "fence", "name": "Mount Pleasant Substation", "operator": "South Carolina Gas & Electric", "power": "substation", "substation": "transmission", "voltage": "115000", "osm_id": "way/229116248", "gridlock_state": "SC"}}, {"type": "Feature", "geometry": {"type": "Point", "coordinates": [-79.8422757, 32.941402]}, "properties": {"barrier": "fence", "name": "Cainhoy Substation", "operator": "Dominion Energy South Carolina", "operator:wikidata": "Q114367619", "power": "substation", "substation": "transmission", "voltage": "230000;115000;23900", "osm_id": "way/229116275", "gridlock_state": "SC"}}, {"type": "Feature", "geometry": {"type": "Point", "coordinates": [-79.8752257, 32.8429796]}, "properties": {"barrier": "fence", "name": "Hobcaw Substation", "operator": "Dominion Energy South Carolina", "operator:wikidata": "Q114367619", "power": "substation", "substation": "distribution", "voltage": "115000;24940", "osm_id": "way/229116300", "gridlock_state": "SC"}}, {"type": "Feature", "geometry": {"type": "Point", "coordinates": [-79.7884409, 32.859937]}, "properties": {"barrier": "fence", "name": "Hamlin Substation", "operator": "South Carolina Gas & Electric", "power": "substation", "substation": "distribution", "voltage": "115000", "osm_id": "way/229116306", "gridlock_state": "SC"}}, {"type": "Feature", "geometry": {"type": "Point", "coordinates": [-79.2979839, 33.3477544]}, "properties": {"barrier": "fence", "name": "Maryville Substation", "power": "substation", "substation": "distribution", "voltage": "115000", "osm_id": "way/229240192", "gridlock_state": "SC"}}, {"type": "Feature", "geometry": {"type": "Point", "coordinates": [-83.4486012, 32.2810019]}, "properties": {"barrier": "fence", "name": "Hartford Substation", "power": "substation", "substation": "distribution", "voltage": "115000", "osm_id": "way/229710286", "gridlock_state": "GA"}}, {"type": "Feature", "geometry": {"type": "Point", "coordinates": [-84.9379471, 33.1651161]}, "properties": {"barrier": "fence", "name": "Mobley Bridge Road Substation", "operator": "Georgia Power", "operator:wikidata": "Q5547666", "operator:wikipedia": "en:Georgia Power", "power": "substation", "substation": "distribution", "voltage": "115000", "osm_id": "way/230514802", "gridlock_state": "GA"}}, {"type": "Feature", "geometry": {"type": "Point", "coordinates": [-85.1240222, 32.9198144]}, "properties": {"barrier": "fence", "name": "Kia Substation", "power": "substation", "substation": "industrial", "voltage": "115000", "osm_id": "way/230515951", "gridlock_state": "GA"}}, {"type": "Feature", "geometry": {"type": "Point", "coordinates": [-85.083263, 33.2665611]}, "properties": {"barrier": "fence", "name": "Franklin Substation", "operator": "Georgia Power", "operator:wikidata": "Q5547666", "power": "substation", "substation": "distribution", "voltage": "115000;12000", "osm_id": "way/230572997", "gridlock_state": "GA"}}, {"type": "Feature", "geometry": {"type": "Point", "coordinates": [-83.3921107, 33.9318108]}, "properties": {"barrier": "fence", "name": "South Athens Substation", "operator": "Georgia Power", "operator:wikidata": "Q5547666", "operator:wikipedia": "en:Georgia Power", "power": "substation", "substation": "distribution", "voltage": "115000;12000", "osm_id": "way/237170360", "gridlock_state": "GA"}}, {"type": "Feature", "geometry": {"type": "Point", "coordinates": [-85.1250096, 33.5761789]}, "properties": {"barrier": "fence", "name": "University of West GA Switching Station", "operator": "Georgia Power", "operator:wikidata": "Q5547666", "power": "substation", "substation": "switching", "voltage": "115000", "osm_id": "way/245212513", "gridlock_state": "GA"}}, {"type": "Feature", "geometry": {"type": "Point", "coordinates": [-84.6674187, 33.965668]}, "properties": {"addr:city": "Marietta", "barrier": "fence", "name": "Due West Substation", "power": "substation", "substation": "distribution", "voltage": "115000", "osm_id": "way/247939563", "gridlock_state": "GA"}}, {"type": "Feature", "geometry": {"type": "Point", "coordinates": [-79.7172745, 34.6595624]}, "properties": {"barrier": "fence", "name": "Palmer Substation", "operator": "Marlboro Electric Coorperative", "power": "substation", "substation": "distribution", "voltage": "69000", "osm_id": "way/251210571", "gridlock_state": "SC"}}, {"type": "Feature", "geometry": {"type": "Point", "coordinates": [-80.9109544, 33.544052]}, "properties": {"barrier": "fence", "name": "North Road Substation", "power": "substation", "substation": "transmission", "voltage": "115000", "osm_id": "way/251849414", "gridlock_state": "SC"}}, {"type": "Feature", "geometry": {"type": "Point", "coordinates": [-84.3714267, 33.7653626]}, "properties": {"barrier": "fence", "name": "Wabash", "operator": "Georgia Power", "operator:wikidata": "Q5547666", "power": "substation", "substation": "distribution", "voltage": "230000;12000", "osm_id": "way/261238690", "gridlock_state": "GA"}}, {"type": "Feature", "geometry": {"type": "Point", "coordinates": [-83.8429419, 30.4956337]}, "properties": {"frequency": "60", "location": "outdoor", "name": "Drifton Substation", "operator": "Duke Energy", "operator:wikidata": "Q1264404", "power": "substation", "substation": "transmission", "voltage": "69000", "osm_id": "way/262073764", "gridlock_state": ""}}, {"type": "Feature", "geometry": {"type": "Point", "coordinates": [-78.8762343, 33.8367745]}, "properties": {"barrier": "fence", "name": "Nixonville Substation", "power": "substation", "substation": "distribution", "voltage": "115000", "osm_id": "way/263276273", "gridlock_state": "SC"}}, {"type": "Feature", "geometry": {"type": "Point", "coordinates": [-79.9281659, 32.7906117]}, "properties": {"barrier": "fence", "name": "Charlotte Street Substation", "operator": "Dominion Energy South Carolina", "operator:wikidata": "Q114367619", "power": "substation", "substation": "transmission", "voltage": "115000", "osm_id": "way/263443280", "gridlock_state": "SC"}}, {"type": "Feature", "geometry": {"type": "Point", "coordinates": [-78.96321, 33.632145]}, "properties": {"barrier": "fence", "name": "Surfside Substation", "power": "substation", "substation": "distribution", "voltage": "115000", "osm_id": "way/264248055", "gridlock_state": "SC"}}, {"type": "Feature", "geometry": {"type": "Point", "coordinates": [-80.7855995, 34.7086431]}, "properties": {"barrier": "fence", "name": "Lancaster Ret Substation", "operator": "Duke Energy", "operator:wikidata": "Q1264404", "power": "substation", "substation": "distribution", "voltage": "100000;13000", "osm_id": "way/265134166", "gridlock_state": "SC"}}, {"type": "Feature", "geometry": {"type": "Point", "coordinates": [-84.2836731, 34.8872459]}, "properties": {"barrier": "fence", "name": "Toccoa River Substation", "operator": "Tennessee Valley Authority", "operator:short": "TVA", "operator:wikidata": "Q1367577", "power": "substation", "substation": "transmission", "voltage": "161000;69000", "osm_id": "way/270433587", "gridlock_state": "GA"}}, {"type": "Feature", "geometry": {"type": "Point", "coordinates": [-84.4289227, 33.7562429]}, "properties": {"building": "yes", "name": "Burbank Substation", "note": "MARTA Traction Power Substation", "operator": "Metropolitan Atlanta Rapid Transit Authority", "operator:short": "MARTA", "power": "substation", "ref": "WW2", "osm_id": "way/270500628", "gridlock_state": "GA"}}, {"type": "Feature", "geometry": {"type": "Point", "coordinates": [-84.9059802, 31.371554]}, "properties": {"barrier": "fence", "name": "Blakely Primary Substation", "operator": "Georgia Power", "operator:wikidata": "Q5547666", "operator:wikipedia": "en:Georgia Power", "power": "substation", "substation": "distribution", "voltage": "115000;46000", "osm_id": "way/270628470", "gridlock_state": "GA"}}, {"type": "Feature", "geometry": {"type": "Point", "coordinates": [-85.4011175, 31.259933]}, "properties": {"addr:city": "Dothan", "addr:housenumber": "1700", "addr:postcode": "36319", "addr:state": "AL", "addr:street": "Industrial Road", "barrier": "fence", "frequency": "60", "location": "outdoor", "name": "Dothan Substation", "operator": "Alabama Power", "operator:wikidata": "Q4705296", "power": "substation", "substation": "transmission", "voltage": "115000", "osm_id": "way/282187322", "gridlock_state": ""}}, {"type": "Feature", "geometry": {"type": "Point", "coordinates": [-85.6417967, 35.0501204]}, "properties": {"barrier": "fence", "location": "outdoor", "name": "Tennol Substation", "operator": "Sequachee Valley Electric Cooperative", "power": "substation", "start_date": "1998", "substation": "distribution", "voltage": "161000;24940", "osm_id": "way/283693505", "gridlock_state": ""}}, {"type": "Feature", "geometry": {"type": "Point", "coordinates": [-84.4686308, 33.9208343]}, "properties": {"addr:city": "Marietta", "addr:housenumber": "1280", "addr:postcode": "30067", "addr:state": "GA", "addr:street": "Powers Ferry Road Southeast", "barrier": "fence", "description": "115kV + 2 Circuits Input / 20kV / 12 kv / + 9 Circuits Output\nLocal distribution", "name": "Georgia Transmission Substation - Terrell Mill", "operator": "Marietta Power & Georgia Transmission", "phone:Georgia_Transmission": "+1 (800) 241-5375", "phone:Marietta_Power": "+1 (770) 794-5121", "power": "substation", "ref:Cob_EMC": "016", "ref:Marietta_Power": "11", "substation": "distribution", "voltage": "115000", "osm_id": "way/284266844", "gridlock_state": "GA"}}, {"type": "Feature", "geometry": {"type": "Point", "coordinates": [-79.9673323, 32.7227934]}, "properties": {"barrier": "fence", "name": "Queensborough Substation", "power": "substation", "substation": "distribution", "voltage": "115000", "osm_id": "way/290264139", "gridlock_state": "SC"}}, {"type": "Feature", "geometry": {"type": "Point", "coordinates": [-81.2310104, 35.117659]}, "properties": {"barrier": "fence", "name": "Carver Street Ret Substation", "operator": "Duke Energy", "operator:wikidata": "Q1264404", "power": "substation", "substation": "distribution", "voltage": "44000;6900", "osm_id": "way/292136821", "gridlock_state": "SC"}}, {"type": "Feature", "geometry": {"type": "Point", "coordinates": [-79.0014835, 33.6777957]}, "properties": {"addr:city": "Myrtle Beach", "addr:housenumber": "5051", "addr:postcode": "29575", "addr:state": "SC", "addr:street": "Dick Pond Road", "barrier": "fence", "emergency:phone": "+1 843-369-2212", "name": "Socastee Substation", "operator": "Horry Electric Cooperative, Inc.", "power": "substation", "substation": "distribution", "voltage": "115000", "osm_id": "way/292352757", "gridlock_state": "SC"}}, {"type": "Feature", "geometry": {"type": "Point", "coordinates": [-84.4379138, 34.0310383]}, "properties": {"addr:housenumber": "3870", "addr:street": "Shallowford Road Northeast", "barrier": "fence", "name": "Lassiter Road Substation", "operator": "Georgia Power", "operator:wikidata": "Q5547666", "operator:wikipedia": "en:Georgia Power", "power": "substation", "substation": "distribution", "voltage": "115000", "osm_id": "way/297122997", "gridlock_state": "GA"}}, {"type": "Feature", "geometry": {"type": "Point", "coordinates": [-79.9510882, 32.7864626]}, "properties": {"barrier": "fence", "name": "Bee Street Substation", "operator": "Dominion Energy South Carolina", "operator:wikidata": "Q114367619", "power": "substation", "substation": "distribution", "voltage": "115000", "osm_id": "way/301007168", "gridlock_state": "SC"}}, {"type": "Feature", "geometry": {"type": "Point", "coordinates": [-79.988828, 32.7801876]}, "properties": {"barrier": "fence", "name": "St. Andrews Substation", "operator": "SCE&G", "power": "substation", "substation": "distribution", "voltage": "115000", "osm_id": "way/301848006", "gridlock_state": "SC"}}, {"type": "Feature", "geometry": {"type": "Point", "coordinates": [-84.0313953, 33.9108082]}, "properties": {"barrier": "fence", "name": "Plantation Road Substation", "operator": "Georgia Power", "operator:wikidata": "Q5547666", "operator:wikipedia": "en:Georgia Power", "power": "substation", "substation": "distribution", "voltage": "115000;12000", "osm_id": "way/304295367", "gridlock_state": "GA"}}, {"type": "Feature", "geometry": {"type": "Point", "coordinates": [-78.7716391, 33.7918362]}, "properties": {"barrier": "fence", "name": "Briarcliffe Substation", "power": "substation", "substation": "distribution", "voltage": "115000", "osm_id": "way/308481186", "gridlock_state": "SC"}}, {"type": "Feature", "geometry": {"type": "Point", "coordinates": [-78.8222645, 33.7554132]}, "properties": {"barrier": "fence", "name": "Dunes Substation", "power": "substation", "substation": "distribution", "voltage": "115000", "osm_id": "way/308485976", "gridlock_state": "SC"}}, {"type": "Feature", "geometry": {"type": "Point", "coordinates": [-79.9937526, 32.7958955]}, "properties": {"barrier": "fence", "name": "Maryville Substation", "power": "substation", "substation": "distribution", "voltage": "115000", "osm_id": "way/310896013", "gridlock_state": "SC"}}, {"type": "Feature", "geometry": {"type": "Point", "coordinates": [-83.2121435, 30.9676922]}, "properties": {"barrier": "fence", "name": "Moody AFB Substation", "operator": "Moody Air Force Base", "power": "substation", "substation": "industrial", "voltage": "115000", "osm_id": "way/311830372", "gridlock_state": "GA"}}, {"type": "Feature", "geometry": {"type": "Point", "coordinates": [-85.2092287, 34.1802273]}, "properties": {"barrier": "fence", "name": "Six Mile Substation", "operator": "Georgia Power", "operator:wikidata": "Q5547666", "power": "substation", "substation": "distribution", "voltage": "115000;25000;12000", "osm_id": "way/314669100", "gridlock_state": "GA"}}, {"type": "Feature", "geometry": {"type": "Point", "coordinates": [-80.7089959, 33.5636663]}, "properties": {"barrier": "fence", "name": "Cameron Substation", "power": "substation", "substation": "distribution", "voltage": "46000", "osm_id": "way/318318141", "gridlock_state": "SC"}}, {"type": "Feature", "geometry": {"type": "Point", "coordinates": [-82.161919, 32.0060995]}, "properties": {"barrier": "fence", "name": "Ohoopee River Substation", "operator": "Georgia Power", "operator:wikidata": "Q5547666", "power": "substation", "substation": "distribution", "voltage": "115000;12000", "osm_id": "way/318398288", "gridlock_state": "GA"}}, {"type": "Feature", "geometry": {"type": "Point", "coordinates": [-82.1349114, 32.0606988]}, "properties": {"barrier": "fence", "frequency": "60", "location": "outdoor", "name": "Reidsville Substation", "operator": "Georgia Power", "operator:wikidata": "Q5547666", "power": "substation", "substation": "distribution", "voltage": "115000;25000;12000", "osm_id": "way/320712010", "gridlock_state": "GA"}}, {"type": "Feature", "geometry": {"type": "Point", "coordinates": [-79.0159655, 33.6971814]}, "properties": {"barrier": "fence", "name": "Jones Road Substation", "power": "substation", "substation": "distribution", "voltage": "115000", "osm_id": "way/322597396", "gridlock_state": "SC"}}, {"type": "Feature", "geometry": {"type": "Point", "coordinates": [-78.9225467, 33.7091805]}, "properties": {"addr:housenumber": "429", "addr:street": "Waterside Drive", "barrier": "fence", "emergency_telephone_code": "843-761-4033", "name": "Konig Substation", "operator": "Santee Cooper", "power": "substation", "substation": "transmission", "voltage": "115000;34500", "osm_id": "way/322675712", "gridlock_state": "SC"}}, {"type": "Feature", "geometry": {"type": "Point", "coordinates": [-81.9132374, 31.9298885]}, "properties": {"barrier": "fence", "name": "Glennville Substation", "operator": "Georgia Power", "operator:wikidata": "Q5547666", "power": "substation", "substation": "distribution", "voltage": "115000", "osm_id": "way/323693423", "gridlock_state": "GA"}}, {"type": "Feature", "geometry": {"type": "Point", "coordinates": [-84.4367502, 30.488594]}, "properties": {"addr:city": "Midway", "addr:housenumber": "1515", "addr:state": "FL", "addr:street": "Brickyard Road", "barrier": "fence", "name": "Brickyard Tap Substation", "operator": "Duke Energy", "operator:wikidata": "Q1264404", "power": "substation", "source": "https://www.duke-energy.com/our-company/about-us/electric-transmission-projects/lake-talquin", "substation": "distribution", "voltage": "69000", "osm_id": "way/325146901", "gridlock_state": ""}}, {"type": "Feature", "geometry": {"type": "Point", "coordinates": [-83.8212064, 32.8227039]}, "properties": {"barrier": "fence", "name": "Lizella Substation", "operator": "Georgia Power", "operator:wikidata": "Q5547666", "operator:wikipedia": "en:Georgia Power", "power": "substation", "substation": "distribution", "voltage": "115000", "osm_id": "way/328080551", "gridlock_state": "GA"}}, {"type": "Feature", "geometry": {"type": "Point", "coordinates": [-81.0389229, 34.0015046]}, "properties": {"barrier": "fence", "name": "Network Substation", "power": "substation", "substation": "distribution", "voltage": "115000", "osm_id": "way/328994842", "gridlock_state": "SC"}}, {"type": "Feature", "geometry": {"type": "Point", "coordinates": [-81.0343497, 33.9936727]}, "properties": {"building": "service", "name": "North Energy Facility", "operator": "University of South Carolina", "operator:type": "university", "operator:wikidata": "Q1024426", "operator:wikipedia": "University of South Carolina", "power": "substation", "source:geometry": "Bing", "osm_id": "way/329014188", "gridlock_state": "SC"}}, {"type": "Feature", "geometry": {"type": "Point", "coordinates": [-82.6583827, 34.4384718]}, "properties": {"barrier": "fence", "name": "Owens Corning Switching Station", "power": "substation", "substation": "switching", "voltage": "100000", "osm_id": "way/329065758", "gridlock_state": "SC"}}, {"type": "Feature", "geometry": {"type": "Point", "coordinates": [-82.6568974, 34.4360455]}, "properties": {"barrier": "fence", "name": "Owens Corning Substation #2", "power": "substation", "substation": "industrial", "voltage": "100000", "osm_id": "way/329065759", "gridlock_state": "SC"}}, {"type": "Feature", "geometry": {"type": "Point", "coordinates": [-82.6589379, 34.437343]}, "properties": {"barrier": "fence", "name": "Owens Corning Substation", "power": "substation", "substation": "industrial", "voltage": "100000", "osm_id": "way/329065763", "gridlock_state": "SC"}}, {"type": "Feature", "geometry": {"type": "Point", "coordinates": [-82.6048689, 34.4834431]}, "properties": {"barrier": "fence", "name": "Plantation Pipeline Substation", "power": "substation", "substation": "industrial", "voltage": "44000", "osm_id": "way/329592372", "gridlock_state": "SC"}}, {"type": "Feature", "geometry": {"type": "Point", "coordinates": [-82.7600602, 34.5928862]}, "properties": {"barrier": "fence", "name": "Michelin Substation", "power": "substation", "substation": "industrial", "voltage": "100000", "osm_id": "way/330009425", "gridlock_state": "SC"}}, {"type": "Feature", "geometry": {"type": "Point", "coordinates": [-82.6651083, 34.3092959]}, "properties": {"barrier": "fence", "name": "Iva Substation", "power": "substation", "substation": "distribution", "voltage": "44000", "osm_id": "way/334268748", "gridlock_state": "SC"}}, {"type": "Feature", "geometry": {"type": "Point", "coordinates": [-84.2866725, 30.7765168]}, "properties": {"barrier": "fence", "name": "Reno Substation", "operator": "Grady EMC", "power": "substation", "substation": "distribution", "voltage": "115000;14400", "osm_id": "way/338354549", "gridlock_state": "GA"}}, {"type": "Feature", "geometry": {"type": "Point", "coordinates": [-82.3128289, 33.4211861]}, "properties": {"barrier": "fence", "name": "Harlem Substation", "operator": "Georgia Power", "operator:wikidata": "Q5547666", "operator:wikipedia": "en:Georgia Power", "power": "substation", "substation": "distribution", "voltage": "230000", "osm_id": "way/339501592", "gridlock_state": "GA"}}, {"type": "Feature", "geometry": {"type": "Point", "coordinates": [-84.1469956, 31.6035893]}, "properties": {"barrier": "fence", "building": "garages", "name": "Flint River Primary Substation", "operator": "Georgia Power", "operator:wikidata": "Q5547666", "power": "substation", "substation": "minor_distribution", "voltage": "25000", "osm_id": "way/339704539", "gridlock_state": "GA"}}, {"type": "Feature", "geometry": {"type": "Point", "coordinates": [-83.6904052, 32.5622831]}, "properties": {"barrier": "fence", "name": "Lake Joy Road Substation", "operator": "Flint Energies", "power": "substation", "ref": "Sleepy Hollow #02", "substation": "distribution", "voltage": "115000;12000", "osm_id": "way/341106997", "gridlock_state": "GA"}}, {"type": "Feature", "geometry": {"type": "Point", "coordinates": [-84.0552533, 31.5576411]}, "properties": {"barrier": "fence", "name": "U.S. Marine Corps Supply Depot Substation", "operator": "Georgia Power", "operator:wikidata": "Q5547666", "operator:wikipedia": "en:Georgia Power", "power": "substation", "substation": "distribution", "voltage": "115000;12000", "osm_id": "way/341203318", "gridlock_state": "GA"}}, {"type": "Feature", "geometry": {"type": "Point", "coordinates": [-78.9886019, 33.60842]}, "properties": {"barrier": "fence", "name": "Caropines Substation", "power": "substation", "substation": "distribution", "voltage": "115000", "osm_id": "way/342088844", "gridlock_state": "SC"}}, {"type": "Feature", "geometry": {"type": "Point", "coordinates": [-79.0112583, 33.5917631]}, "properties": {"barrier": "fence", "name": "Garden City Beach Substation", "power": "substation", "substation": "distribution", "voltage": "115000", "osm_id": "way/342148470", "gridlock_state": "SC"}}, {"type": "Feature", "geometry": {"type": "Point", "coordinates": [-79.1821488, 33.4223516]}, "properties": {"barrier": "fence", "name": "Simmonsville Substation", "power": "substation", "substation": "transmission", "voltage": "115000", "osm_id": "way/342296525", "gridlock_state": "SC"}}, {"type": "Feature", "geometry": {"type": "Point", "coordinates": [-79.1514183, 33.4296211]}, "properties": {"barrier": "fence", "name": "Pawley's Island Substation", "power": "substation", "substation": "distribution", "voltage": "115000", "osm_id": "way/342296616", "gridlock_state": "SC"}}, {"type": "Feature", "geometry": {"type": "Point", "coordinates": [-83.7418871, 33.0472901]}, "properties": {"barrier": "fence", "name": "Dames Ferry Substation", "operator": "Georgia Power", "operator:wikidata": "Q5547666", "power": "substation", "substation": "distribution", "voltage": "115000", "osm_id": "way/344282404", "gridlock_state": "GA"}}, {"type": "Feature", "geometry": {"type": "Point", "coordinates": [-83.5635642, 32.9953281]}, "properties": {"barrier": "fence", "name": "Gray Substation", "operator": "Georgia Power", "operator:wikidata": "Q5547666", "operator:wikipedia": "en:Georgia Power", "power": "substation", "substation": "distribution", "voltage": "115000", "osm_id": "way/344331787", "gridlock_state": "GA"}}, {"type": "Feature", "geometry": {"type": "Point", "coordinates": [-80.9016712, 34.2062756]}, "properties": {"barrier": "fence", "name": "Langfords Crossroads", "power": "substation", "substation": "distribution", "voltage": "69000", "osm_id": "way/347008711", "gridlock_state": "SC"}}, {"type": "Feature", "geometry": {"type": "Point", "coordinates": [-85.0468354, 35.1209431]}, "properties": {"barrier": "fence", "name": "North Ooltewah Substation", "power": "substation", "substation": "distribution", "voltage": "161000", "osm_id": "way/349190781", "gridlock_state": ""}}, {"type": "Feature", "geometry": {"type": "Point", "coordinates": [-84.0407454, 34.0343333]}, "properties": {"barrier": "fence", "name": "Exit 44 Substation", "operator": "Georgia Power", "operator:wikidata": "Q5547666", "operator:wikipedia": "en:Georgia Power", "power": "substation", "substation": "distribution", "voltage": "115000", "osm_id": "way/349629152", "gridlock_state": "GA"}}, {"type": "Feature", "geometry": {"type": "Point", "coordinates": [-83.3932341, 30.4757902]}, "properties": {"barrier": "fence", "name": "Madison Substation", "operator": "Tri-County Electric Cooperative", "power": "substation", "substation": "distribution", "voltage": "115000", "osm_id": "way/351063267", "gridlock_state": ""}}, {"type": "Feature", "geometry": {"type": "Point", "coordinates": [-83.3944113, 30.4702621]}, "properties": {"barrier": "fence", "name": "Hwy 90 Substation", "power": "substation", "substation": "distribution", "voltage": "115000", "osm_id": "way/351063268", "gridlock_state": ""}}, {"type": "Feature", "geometry": {"type": "Point", "coordinates": [-80.0622297, 35.2074708]}, "properties": {"barrier": "fence", "name": "Tillery Substation", "power": "substation", "substation": "transmission", "voltage": "115000", "osm_id": "way/353684182", "gridlock_state": ""}}, {"type": "Feature", "geometry": {"type": "Point", "coordinates": [-85.1565045, 31.8734413]}, "properties": {"barrier": "fence", "name": "Eufaula Substation", "operator": "Alabama Power", "operator:wikidata": "Q4705296", "power": "substation", "substation": "transmission", "voltage": "115000;44000", "osm_id": "way/355510507", "gridlock_state": ""}}, {"type": "Feature", "geometry": {"type": "Point", "coordinates": [-85.6875239, 30.4385602]}, "properties": {"barrier": "fence", "frequency": "60", "location": "outdoor", "name": "Crystal Lake Substation", "operator": "PowerSouth Energy Cooperative", "power": "substation", "substation": "distribution", "voltage": "115000", "osm_id": "way/356702689", "gridlock_state": ""}}, {"type": "Feature", "geometry": {"type": "Point", "coordinates": [-81.2378603, 34.9936199]}, "properties": {"barrier": "fence", "name": "York Ret Substation", "operator": "Duke Energy", "operator:wikidata": "Q1264404", "power": "substation", "substation": "distribution", "voltage": "100000;24000;13000", "osm_id": "way/356876488", "gridlock_state": "SC"}}, {"type": "Feature", "geometry": {"type": "Point", "coordinates": [-79.0327133, 33.6301197]}, "properties": {"barrier": "fence", "name": "Burgess Substation", "power": "substation", "substation": "distribution", "voltage": "115000", "osm_id": "way/357572070", "gridlock_state": "SC"}}, {"type": "Feature", "geometry": {"type": "Point", "coordinates": [-80.8932153, 34.5591288]}, "properties": {"barrier": "fence", "name": "Great Falls Substation", "power": "substation", "substation": "transmission", "voltage": "100000", "osm_id": "way/357934492", "gridlock_state": "SC"}}, {"type": "Feature", "geometry": {"type": "Point", "coordinates": [-80.9777609, 34.6649817]}, "properties": {"barrier": "fence", "name": "Richburg Substation", "power": "substation", "substation": "transmission", "voltage": "230000;69000", "osm_id": "way/357934513", "gridlock_state": "SC"}}, {"type": "Feature", "geometry": {"type": "Point", "coordinates": [-84.1343646, 34.0548638]}, "properties": {"barrier": "fence", "name": "Shakerag Substation", "operator": "Georgia Power", "operator:wikidata": "Q5547666", "operator:wikipedia": "en:Georgia Power", "power": "substation", "substation": "distribution", "voltage": "230000", "osm_id": "way/358429929", "gridlock_state": "GA"}}, {"type": "Feature", "geometry": {"type": "Point", "coordinates": [-84.1354166, 34.0986298]}, "properties": {"barrier": "fence", "name": "Old Atlanta Road Substation", "operator": "Georgia Power", "operator:wikidata": "Q5547666", "operator:wikipedia": "en:Georgia Power", "power": "substation", "substation": "distribution", "voltage": "115000", "osm_id": "way/358645805", "gridlock_state": "GA"}}, {"type": "Feature", "geometry": {"type": "Point", "coordinates": [-81.7437028, 31.7215974]}, "properties": {"barrier": "fence", "name": "Ludowici Primary Substation", "operator": "Georgia Power", "operator:wikidata": "Q5547666", "power": "substation", "substation": "distribution", "voltage": "115000", "osm_id": "way/358894868", "gridlock_state": "GA"}}, {"type": "Feature", "geometry": {"type": "Point", "coordinates": [-81.6585945, 31.8120665]}, "properties": {"barrier": "fence", "name": "Horse Creek Substation", "operator": "Georgia Power", "operator:wikidata": "Q5547666", "power": "substation", "substation": "distribution", "voltage": "115000", "osm_id": "way/358894877", "gridlock_state": "GA"}}, {"type": "Feature", "geometry": {"type": "Point", "coordinates": [-81.608729, 31.8518263]}, "properties": {"barrier": "fence", "name": "Hinesville Primary Substation", "operator": "Georgia Power", "operator:wikidata": "Q5547666", "power": "substation", "substation": "distribution", "voltage": "115000", "osm_id": "way/358894878", "gridlock_state": "GA"}}, {"type": "Feature", "geometry": {"type": "Point", "coordinates": [-82.3619468, 31.318784]}, "properties": {"barrier": "fence", "name": "Waltertown Substation", "operator": "Georgia Power", "operator:wikidata": "Q5547666", "operator:wikipedia": "en:Georgia Power", "power": "substation", "substation": "distribution", "voltage": "115000", "osm_id": "way/359200563", "gridlock_state": "GA"}}, {"type": "Feature", "geometry": {"type": "Point", "coordinates": [-82.2376644, 31.3082298]}, "properties": {"name": "Blackshear Substation", "operator": "Georgia Power", "operator:wikidata": "Q5547666", "operator:wikipedia": "en:Georgia Power", "power": "substation", "substation": "distribution", "voltage": "115000;12000", "osm_id": "way/359210074", "gridlock_state": "GA"}}, {"type": "Feature", "geometry": {"type": "Point", "coordinates": [-82.0522453, 34.7344035]}, "properties": {"barrier": "fence", "name": "Woodruff Tie Substation", "operator": "Duke Energy", "operator:wikidata": "Q1264404", "power": "substation", "substation": "transmission", "voltage": "100000;44000", "osm_id": "way/360214911", "gridlock_state": "SC"}}, {"type": "Feature", "geometry": {"type": "Point", "coordinates": [-85.3373789, 31.901675]}, "properties": {"barrier": "fence", "name": "White Oak Substation", "operator": "Alabama Power", "operator:wikidata": "Q4705296", "power": "substation", "substation": "transmission", "voltage": "115000;46000", "osm_id": "way/361498214", "gridlock_state": ""}}, {"type": "Feature", "geometry": {"type": "Point", "coordinates": [-79.8175232, 34.2696116]}, "properties": {"barrier": "fence", "location": "outdoor", "name": "McIver Road Substation", "operator": "Pee Dee Electric Cooperative", "power": "substation", "substation": "distribution", "voltage": "69000", "osm_id": "way/361916669", "gridlock_state": "SC"}}, {"type": "Feature", "geometry": {"type": "Point", "coordinates": [-81.6814145, 30.3172629]}, "properties": {"barrier": "wall", "frequency": "60", "location": "outdoor", "name": "College Substation", "operator": "Jacksonville Electric Authority", "operator:short": "JEA", "operator:wikidata": "Q17068270", "power": "substation", "substation": "distribution", "voltage": "69000", "osm_id": "way/362680613", "gridlock_state": ""}}, {"type": "Feature", "geometry": {"type": "Point", "coordinates": [-81.0970116, 32.0845586]}, "properties": {"barrier": "fence", "name": "Riverside Substation", "operator": "Georgia Power", "operator:wikidata": "Q5547666", "operator:wikipedia": "en:Georgia Power", "power": "substation", "substation": "distribution", "voltage": "115000", "osm_id": "way/365721244", "gridlock_state": "GA"}}, {"type": "Feature", "geometry": {"type": "Point", "coordinates": [-83.2923325, 30.8791508]}, "properties": {"barrier": "fence", "name": "North Valdosta Substation", "operator": "Georgia Power", "operator:wikidata": "Q5547666", "power": "substation", "ref": "1239;1240", "substation": "distribution", "voltage": "115000;12470", "osm_id": "way/372847143", "gridlock_state": "GA"}}, {"type": "Feature", "geometry": {"type": "Point", "coordinates": [-81.5121396, 31.2222561]}, "properties": {"barrier": "fence", "name": "Glyndale Road Substation", "operator": "Georgia Power", "operator:wikidata": "Q5547666", "power": "substation", "substation": "distribution", "voltage": "115000;12470", "osm_id": "way/373215960", "gridlock_state": "GA"}}, {"type": "Feature", "geometry": {"type": "Point", "coordinates": [-83.3388762, 31.6250327]}, "properties": {"barrier": "fence", "name": "Mystic Substation", "power": "substation", "substation": "distribution", "voltage": "115000", "osm_id": "way/374370915", "gridlock_state": "GA"}}, {"type": "Feature", "geometry": {"type": "Point", "coordinates": [-83.4531742, 32.3119761]}, "properties": {"barrier": "fence", "frequency": "60", "location": "outdoor", "name": "Pulaski State Prison Substation", "power": "substation", "source": "Bing", "substation": "distribution", "voltage": "46000", "osm_id": "way/374815913", "gridlock_state": "GA"}}, {"type": "Feature", "geometry": {"type": "Point", "coordinates": [-85.6615776, 30.792953]}, "properties": {"frequency": "60", "location": "outdoor", "name": "Bonifay Substation", "operator": "Florida Power & Light", "operator:wikidata": "Q1430055", "power": "substation", "substation": "distribution", "voltage": "115000;12000", "osm_id": "way/378895126", "gridlock_state": ""}}, {"type": "Feature", "geometry": {"type": "Point", "coordinates": [-85.1741011, 30.8125359]}, "properties": {"barrier": "fence", "frequency": "60", "location": "outdoor", "name": "Caverns Road Substation", "operator": "Florida Power & Light", "operator:wikidata": "Q1430055", "power": "substation", "substation": "distribution", "voltage": "115000;12470", "osm_id": "way/378895128", "gridlock_state": ""}}, {"type": "Feature", "geometry": {"type": "Point", "coordinates": [-85.2728079, 30.7832917]}, "properties": {"barrier": "fence", "frequency": "60", "location": "outdoor", "name": "Marianna Substation", "operator": "Florida Power & Light", "operator:wikidata": "Q1430055", "power": "substation", "substation": "distribution", "voltage": "115000;12000", "osm_id": "way/378895133", "gridlock_state": ""}}, {"type": "Feature", "geometry": {"type": "Point", "coordinates": [-85.0333923, 30.4285767]}, "properties": {"frequency": "60", "location": "outdoor", "name": "Blountstown Substation", "operator": "Florida Power & Light", "operator:wikidata": "Q1430055", "power": "substation", "substation": "distribution", "voltage": "115000", "osm_id": "way/379708807", "gridlock_state": ""}}, {"type": "Feature", "geometry": {"type": "Point", "coordinates": [-85.1222854, 30.5149946]}, "properties": {"barrier": "fence", "frequency": "60", "location": "outdoor", "name": "Altha Substation", "operator": "Florida Power & Light", "operator:wikidata": "Q1430055", "power": "substation", "substation": "distribution", "voltage": "115000", "osm_id": "way/379708813", "gridlock_state": ""}}, {"type": "Feature", "geometry": {"type": "Point", "coordinates": [-85.5396404, 30.9633431]}, "properties": {"barrier": "fence", "frequency": "60", "location": "outdoor", "name": "Graceville Substation", "operator": "PowerSouth Energy Cooperative", "power": "substation", "start_date": "1980", "substation": "distribution", "voltage": "115000;12000", "osm_id": "way/379714677", "gridlock_state": ""}}, {"type": "Feature", "geometry": {"type": "Point", "coordinates": [-85.5327669, 30.7863708]}, "properties": {"frequency": "60", "location": "outdoor", "name": "Chipley Substation", "operator": "Florida Power & Light", "operator:wikidata": "Q1430055", "power": "substation", "substation": "distribution", "voltage": "115000", "osm_id": "way/379714679", "gridlock_state": ""}}, {"type": "Feature", "geometry": {"type": "Point", "coordinates": [-85.3439644, 30.6982172]}, "properties": {"barrier": "fence", "frequency": "60", "location": "outdoor", "name": "Alford Substation", "operator": "PowerSouth Energy Cooperative", "power": "substation", "substation": "distribution", "voltage": "115000", "osm_id": "way/379726551", "gridlock_state": ""}}, {"type": "Feature", "geometry": {"type": "Point", "coordinates": [-85.4873921, 30.480867]}, "properties": {"barrier": "fence", "frequency": "60", "location": "outdoor", "name": "Fountain Substation", "operator": "PowerSouth Energy Cooperative", "power": "substation", "substation": "distribution", "voltage": "115000", "osm_id": "way/379726552", "gridlock_state": ""}}, {"type": "Feature", "geometry": {"type": "Point", "coordinates": [-81.6270598, 30.3645539]}, "properties": {"barrier": "fence", "frequency": "60", "location": "outdoor", "name": "Kennedy Power Plant Substation", "operator": "Jacksonville Electric Authority", "power": "substation", "substation": "compensation", "voltage": "138000", "osm_id": "way/379890609", "gridlock_state": ""}}, {"type": "Feature", "geometry": {"type": "Point", "coordinates": [-81.5668217, 30.3515079]}, "properties": {"frequency": "60", "location": "outdoor", "name": "Merrill Substation", "operator": "Jacksonville Electric Authority", "operator:short": "JEA", "operator:wikidata": "Q17068270", "operator:wikipedia": "en:JEA", "power": "substation", "substation": "distribution", "voltage": "69000", "osm_id": "way/379890610", "gridlock_state": ""}}, {"type": "Feature", "geometry": {"type": "Point", "coordinates": [-81.6006488, 30.366563]}, "properties": {"frequency": "60", "location": "outdoor", "name": "University Park Substation JEA", "operator": "Jacksonville Electric Authority", "operator:short": "JEA", "operator:wikidata": "Q17068270", "power": "substation", "substation": "distribution", "voltage": "69000", "osm_id": "way/379890628", "gridlock_state": ""}}, {"type": "Feature", "geometry": {"type": "Point", "coordinates": [-81.5845845, 30.5898352]}, "properties": {"frequency": "60", "location": "outdoor", "name": "Nassau Substation JEA", "operator": "Jacksonville Electric Authority", "operator:short": "JEA", "operator:wikidata": "Q17068270", "power": "substation", "substation": "distribution", "voltage": "138000", "osm_id": "way/379890629", "gridlock_state": ""}}, {"type": "Feature", "geometry": {"type": "Point", "coordinates": [-81.5950488, 30.3355547]}, "properties": {"barrier": "fence", "frequency": "60", "location": "outdoor", "name": "Arlington Substation", "operator": "Jacksonville Electric Authority", "operator:short": "JEA", "operator:wikidata": "Q17068270", "power": "substation", "substation": "distribution", "voltage": "69000", "osm_id": "way/379890643", "gridlock_state": ""}}, {"type": "Feature", "geometry": {"type": "Point", "coordinates": [-81.6352598, 30.4080001]}, "properties": {"frequency": "60", "location": "outdoor", "name": "Jax Zoo Substation JEA", "operator": "Jacksonville Electric Authority", "operator:short": "JEA", "operator:wikidata": "Q17068270", "operator:wikipedia": "en:JEA", "power": "substation", "substation": "distribution", "voltage": "138000", "osm_id": "way/379890667", "gridlock_state": ""}}, {"type": "Feature", "geometry": {"type": "Point", "coordinates": [-81.6272301, 30.3639974]}, "properties": {"barrier": "fence", "frequency": "60", "location": "outdoor", "name": "Kennedy Plant Substation", "operator": "Jacksonville Electric Authority", "operator:short": "JEA", "operator:wikidata": "Q17068270", "power": "substation", "substation": "transmission", "voltage": "69000", "osm_id": "way/379890668", "gridlock_state": ""}}, {"type": "Feature", "geometry": {"type": "Point", "coordinates": [-81.6525738, 30.3105646]}, "properties": {"frequency": "60", "location": "outdoor", "name": "Kings Avenue Substation JEA", "operator": "Jacksonville Electric Authority", "operator:short": "JEA", "operator:wikidata": "Q17068270", "operator:wikipedia": "en:JEA", "power": "substation", "substation": "distribution", "voltage": "69000", "osm_id": "way/379955621", "gridlock_state": ""}}, {"type": "Feature", "geometry": {"type": "Point", "coordinates": [-81.7515327, 30.3436109]}, "properties": {"frequency": "60", "location": "outdoor", "name": "Paxon Substation", "operator": "Jacksonville Electric Authority", "operator:short": "JEA", "operator:wikidata": "Q17068270", "operator:wikipedia": "en:JEA", "power": "substation", "substation": "distribution", "voltage": "69000", "osm_id": "way/379955631", "gridlock_state": ""}}, {"type": "Feature", "geometry": {"type": "Point", "coordinates": [-81.7155611, 30.3558202]}, "properties": {"frequency": "60", "location": "outdoor", "name": "Grand Park Substation", "operator": "Jacksonville Electric Authority", "operator:short": "JEA", "operator:wikidata": "Q17068270", "operator:wikipedia": "en:JEA", "power": "substation", "substation": "distribution", "voltage": "69000", "osm_id": "way/379955640", "gridlock_state": ""}}, {"type": "Feature", "geometry": {"type": "Point", "coordinates": [-81.6895622, 30.3364422]}, "properties": {"frequency": "60", "location": "outdoor", "name": "Brooklyn Substation", "operator": "Jacksonville Electric Authority", "operator:short": "JEA", "operator:wikidata": "Q17068270", "operator:wikipedia": "en:JEA", "power": "substation", "substation": "distribution", "voltage": "69000", "osm_id": "way/379971647", "gridlock_state": ""}}, {"type": "Feature", "geometry": {"type": "Point", "coordinates": [-81.6692797, 30.3329997]}, "properties": {"frequency": "60", "location": "outdoor", "name": "Church Substation", "operator": "JEA", "power": "substation", "substation": "distribution", "voltage": "69000", "osm_id": "way/379971648", "gridlock_state": ""}}, {"type": "Feature", "geometry": {"type": "Point", "coordinates": [-81.6262504, 30.3629665]}, "properties": {"barrier": "fence", "frequency": "60", "location": "outdoor", "name": "Kennedy Plant Substation South", "operator": "Jacksonville Electric Authority", "operator:short": "JEA", "operator:wikidata": "Q17068270", "power": "substation", "substation": "transmission", "voltage": "138000", "osm_id": "way/379971649", "gridlock_state": ""}}, {"type": "Feature", "geometry": {"type": "Point", "coordinates": [-81.7525165, 30.3074309]}, "properties": {"frequency": "60", "location": "outdoor", "name": "Lane Substation JEA", "operator": "Jacksonville Electric Authority", "operator:short": "JEA", "operator:wikidata": "Q17068270", "operator:wikipedia": "en:JEA", "power": "substation", "substation": "distribution", "voltage": "138000", "osm_id": "way/379971650", "gridlock_state": ""}}, {"type": "Feature", "geometry": {"type": "Point", "coordinates": [-81.6545603, 30.3358497]}, "properties": {"frequency": "60", "location": "outdoor", "name": "Main Substation", "operator": "Jacksonville Electric Authority", "operator:short": "JEA", "operator:wikidata": "Q17068270", "power": "substation", "substation": "distribution", "voltage": "69000", "osm_id": "way/379971651", "gridlock_state": ""}}, {"type": "Feature", "geometry": {"type": "Point", "coordinates": [-81.5692009, 30.3233065]}, "properties": {"frequency": "60", "location": "outdoor", "name": "Oakwood Villa Substation", "operator": "Jacksonville Electric Authority", "operator:short": "JEA", "operator:wikidata": "Q17068270", "power": "substation", "substation": "distribution", "voltage": "69000", "osm_id": "way/379971652", "gridlock_state": ""}}, {"type": "Feature", "geometry": {"type": "Point", "coordinates": [-81.6490572, 30.3139977]}, "properties": {"name": "Southside Substation JEA", "power": "substation", "substation": "distribution", "voltage": "69000", "osm_id": "way/379991766", "gridlock_state": ""}}, {"type": "Feature", "geometry": {"type": "Point", "coordinates": [-81.4693707, 30.6308995]}, "properties": {"frequency": "60", "location": "outdoor", "name": "Stepdown Substation", "operator": "FPUC", "power": "substation", "substation": "distribution", "voltage": "138000;69000;12400", "osm_id": "way/380061372", "gridlock_state": ""}}, {"type": "Feature", "geometry": {"type": "Point", "coordinates": [-81.6444389, 30.434374]}, "properties": {"barrier": "fence", "frequency": "60", "location": "outdoor", "name": "Anheuser-Busch Substation JEA", "operator": "Jacksonville Electric Authority", "operator:short": "JEA", "operator:wikidata": "Q17068270", "power": "substation", "substation": "industrial", "voltage": "138000", "osm_id": "way/380061465", "gridlock_state": ""}}, {"type": "Feature", "geometry": {"type": "Point", "coordinates": [-81.5243766, 30.4065152]}, "properties": {"barrier": "fence", "location": "outdoor", "name": "Blount Island Substation", "operator": "Jacksonville Electric Authority", "operator:short": "JEA", "operator:wikidata": "Q17068270", "power": "substation", "substation": "distribution", "voltage": "138000", "osm_id": "way/380061466", "gridlock_state": ""}}, {"type": "Feature", "geometry": {"type": "Point", "coordinates": [-81.8990627, 33.4184048]}, "properties": {"barrier": "fence", "name": "Kimberley-Clark Substation", "power": "substation", "substation": "industrial", "voltage": "115000", "osm_id": "way/380872161", "gridlock_state": "SC"}}, {"type": "Feature", "geometry": {"type": "Point", "coordinates": [-81.4592157, 30.6547516]}, "properties": {"frequency": "60", "location": "outdoor", "name": "Jesse L Terry Substation", "operator": "FPUC", "power": "substation", "substation": "distribution", "voltage": "69000;12400", "osm_id": "way/381486911", "gridlock_state": ""}}, {"type": "Feature", "geometry": {"type": "Point", "coordinates": [-81.1444637, 32.0412308]}, "properties": {"barrier": "fence", "frequency": "60", "location": "outdoor", "name": "Boulevard Substation", "operator": "Georgia Power", "operator:wikidata": "Q5547666", "power": "substation", "substation": "distribution", "voltage": "230000;115000;46000;13800", "osm_id": "way/381797798", "gridlock_state": "GA"}}, {"type": "Feature", "geometry": {"type": "Point", "coordinates": [-82.1382744, 33.4776227]}, "properties": {"barrier": "fence", "name": "Wrightsboro Road Substation", "operator": "Georgia Power", "operator:wikidata": "Q5547666", "operator:wikipedia": "en:Georgia Power", "power": "substation", "substation": "distribution", "voltage": "115000;12000", "osm_id": "way/381801799", "gridlock_state": "GA"}}, {"type": "Feature", "geometry": {"type": "Point", "coordinates": [-82.5426932, 33.4492403]}, "properties": {"barrier": "fence", "name": "Shaw Industries Substation", "operator": "Georgia Power", "operator:wikidata": "Q5547666", "operator:wikipedia": "en:Georgia Power", "power": "substation", "substation": "industrial", "voltage": "115000;4000", "osm_id": "way/382245090", "gridlock_state": "GA"}}, {"type": "Feature", "geometry": {"type": "Point", "coordinates": [-85.0473891, 31.6151006]}, "properties": {"barrier": "fence", "name": "Fort Gaines Substation", "operator": "Georgia Power", "operator:wikidata": "Q5547666", "power": "substation", "ref": "648", "substation": "distribution", "voltage": "115000;12470", "osm_id": "way/382551226", "gridlock_state": "GA"}}, {"type": "Feature", "geometry": {"type": "Point", "coordinates": [-84.7308638, 31.165777]}, "properties": {"barrier": "fence", "name": "Colquitt Substation", "operator": "Georgia Power", "operator:wikidata": "Q5547666", "power": "substation", "substation": "distribution", "voltage": "115000;12000", "osm_id": "way/382870812", "gridlock_state": "GA"}}, {"type": "Feature", "geometry": {"type": "Point", "coordinates": [-84.618168, 30.3922681]}, "properties": {"addr:city": "Tallahassee", "addr:housenumber": "22359", "addr:postcode": "32310", "addr:state": "FL", "addr:street": "Blountstown Highway", "barrier": "fence", "frequency": "60", "location": "outdoor", "name": "Lake Talquin Tap Substation", "operator": "Duke Energy", "operator:wikidata": "Q1264404", "power": "substation", "source": "https://www.duke-energy.com/our-company/about-us/electric-transmission-projects/lake-talquin", "substation": "distribution", "voltage": "69000", "osm_id": "way/382908217", "gridlock_state": ""}}, {"type": "Feature", "geometry": {"type": "Point", "coordinates": [-82.9185058, 30.699596]}, "properties": {"barrier": "fence", "frequency": "60", "location": "outdoor", "name": "Tarver Substation", "operator": "Georgia Power", "operator:wikidata": "Q5547666", "power": "substation", "ref": "1731", "substation": "transmission", "voltage": "115000;46000", "osm_id": "way/382908218", "gridlock_state": "GA"}}, {"type": "Feature", "geometry": {"type": "Point", "coordinates": [-82.7559207, 31.0429964]}, "properties": {"frequency": "60", "location": "outdoor", "name": "Homerville Substation", "operator": "PWR", "power": "substation", "substation": "distribution", "voltage": "115000", "osm_id": "way/382908227", "gridlock_state": "GA"}}, {"type": "Feature", "geometry": {"type": "Point", "coordinates": [-83.0688269, 30.6660624]}, "properties": {"barrier": "fence", "frequency": "60", "location": "outdoor", "name": "Wrights Chapel Substation", "operator": "Georgia Transmission Corporation", "power": "substation", "substation": "distribution", "voltage": "115000;24940", "osm_id": "way/382911240", "gridlock_state": "GA"}}, {"type": "Feature", "geometry": {"type": "Point", "coordinates": [-82.0004786, 33.390696]}, "properties": {"barrier": "fence", "name": "Proctor & Gamble Substation", "operator": "Georgia Power", "operator:wikidata": "Q5547666", "operator:wikipedia": "en:Georgia Power", "power": "substation", "substation": "industrial", "voltage": "115000", "osm_id": "way/383827119", "gridlock_state": "GA"}}, {"type": "Feature", "geometry": {"type": "Point", "coordinates": [-82.0816744, 33.4520341]}, "properties": {"barrier": "fence", "name": "Dum Jon Substation", "operator": "Georgia Power", "operator:wikidata": "Q5547666", "power": "substation", "substation": "transmission", "voltage": "230000;115000;46000", "osm_id": "way/385486666", "gridlock_state": "GA"}}, {"type": "Feature", "geometry": {"type": "Point", "coordinates": [-82.1186929, 33.3154829]}, "properties": {"barrier": "fence", "name": "Albion Substation", "operator": "Georgia Power", "operator:wikidata": "Q5547666", "operator:wikipedia": "en:Georgia Power", "power": "substation", "substation": "distribution", "voltage": "46000", "osm_id": "way/387263303", "gridlock_state": "GA"}}, {"type": "Feature", "geometry": {"type": "Point", "coordinates": [-81.9848094, 33.4800189]}, "properties": {"barrier": "fence", "name": "15th Street Substation", "operator": "Georgia Power", "operator:wikidata": "Q5547666", "operator:wikipedia": "en:Georgia Power", "power": "substation", "substation": "distribution", "voltage": "230000", "osm_id": "way/387268950", "gridlock_state": "GA"}}, {"type": "Feature", "geometry": {"type": "Point", "coordinates": [-82.1279795, 33.4312506]}, "properties": {"barrier": "fence", "name": "Fort Gordon Hospital Substation", "operator": "Georgia Power", "operator:wikidata": "Q5547666", "operator:wikipedia": "en:Georgia Power", "power": "substation", "substation": "distribution", "voltage": "115000;12000", "osm_id": "way/387371966", "gridlock_state": "GA"}}, {"type": "Feature", "geometry": {"type": "Point", "coordinates": [-82.1470462, 33.4273989]}, "properties": {"barrier": "fence", "name": "Fort Gordon Substation", "operator": "Georgia Power", "operator:wikidata": "Q5547666", "operator:wikipedia": "en:Georgia Power", "power": "substation", "substation": "distribution", "voltage": "115000;12000", "osm_id": "way/387371972", "gridlock_state": "GA"}}, {"type": "Feature", "geometry": {"type": "Point", "coordinates": [-84.7763934, 32.2966933]}, "properties": {"barrier": "fence", "name": "Cusetta Substation", "operator": "Georgia Power", "operator:wikidata": "Q5547666", "operator:wikipedia": "en:Georgia Power", "power": "substation", "start_date": "2012", "substation": "distribution", "voltage": "115000", "osm_id": "way/392102828", "gridlock_state": "GA"}}, {"type": "Feature", "geometry": {"type": "Point", "coordinates": [-81.6587799, 34.7238639]}, "properties": {"barrier": "fence", "name": "Union Substation", "power": "substation", "substation": "transmission", "voltage": "100000;34500;13000", "osm_id": "way/394517338", "gridlock_state": "SC"}}, {"type": "Feature", "geometry": {"type": "Point", "coordinates": [-81.7599498, 32.4012541]}, "properties": {"barrier": "fence", "name": "Fair Road Substation", "operator": "Georgia Power", "operator:wikidata": "Q5547666", "operator:wikipedia": "en:Georgia Power", "power": "substation", "substation": "distribution", "voltage": "115000;12000", "osm_id": "way/394919912", "gridlock_state": "GA"}}, {"type": "Feature", "geometry": {"type": "Point", "coordinates": [-80.762072, 32.1575773]}, "properties": {"barrier": "fence", "name": "Market Place Substation", "power": "substation", "substation": "distribution", "voltage": "115000;12000", "osm_id": "way/395927378", "gridlock_state": "SC"}}, {"type": "Feature", "geometry": {"type": "Point", "coordinates": [-83.7590017, 30.3233892]}, "properties": {"barrier": "fence", "name": "Eridu Substation", "operator": "Tri-County Electric Cooperative", "power": "substation", "substation": "distribution", "voltage": "69000", "osm_id": "way/399724202", "gridlock_state": ""}}, {"type": "Feature", "geometry": {"type": "Point", "coordinates": [-82.5799117, 31.8719516]}, "properties": {"barrier": "fence", "name": "Hazlehurst Primary Substation", "operator": "Georgia Power", "operator:wikidata": "Q5547666", "power": "substation", "substation": "distribution", "voltage": "115000;46000;12470", "osm_id": "way/400979756", "gridlock_state": "GA"}}, {"type": "Feature", "geometry": {"type": "Point", "coordinates": [-84.5160518, 34.0195688]}, "properties": {"barrier": "fence", "name": "Blackwells Substation", "operator": "Georgia Power", "operator:wikidata": "Q5547666", "operator:wikipedia": "en:Georgia Power", "power": "substation", "substation": "distribution", "voltage": "115000", "osm_id": "way/401909546", "gridlock_state": "GA"}}, {"type": "Feature", "geometry": {"type": "Point", "coordinates": [-83.0287233, 30.7065173]}, "properties": {"barrier": "fence", "name": "Statenville Substation", "operator": "Georgia Power", "operator:wikidata": "Q5547666", "operator:wikipedia": "en:Georgia Power", "power": "substation", "substation": "distribution", "voltage": "46000;12000", "osm_id": "way/403890327", "gridlock_state": "GA"}}, {"type": "Feature", "geometry": {"type": "Point", "coordinates": [-84.4121619, 34.0191681]}, "properties": {"addr:housenumber": "4743", "addr:street": "Post Oak Tritt Road Northeast", "barrier": "fence", "name": "McPherson Road Substation", "operator": "Georgia Power", "operator:wikidata": "Q5547666", "operator:wikipedia": "en:Georgia Power", "power": "substation", "substation": "distribution", "voltage": "115000", "osm_id": "way/405950372", "gridlock_state": "GA"}}, {"type": "Feature", "geometry": {"type": "Point", "coordinates": [-81.4942535, 34.2180751]}, "properties": {"barrier": "fence", "name": "Georgia Pacific Substation", "power": "substation", "substation": "industrial", "voltage": "115000", "osm_id": "way/409118587", "gridlock_state": "SC"}}, {"type": "Feature", "geometry": {"type": "Point", "coordinates": [-81.5452534, 31.1236647]}, "properties": {"barrier": "fence", "name": "Colonels Island Substation", "power": "substation", "substation": "distribution", "voltage": "115000", "osm_id": "way/418650493", "gridlock_state": "GA"}}, {"type": "Feature", "geometry": {"type": "Point", "coordinates": [-83.9541928, 31.9523315]}, "properties": {"barrier": "fence", "name": "Flintside Substation", "power": "substation", "substation": "distribution", "voltage": "46000", "osm_id": "way/422283678", "gridlock_state": "GA"}}, {"type": "Feature", "geometry": {"type": "Point", "coordinates": [-83.4568216, 31.9234411]}, "properties": {"barrier": "fence", "name": "Whittle Substation", "power": "substation", "substation": "distribution", "voltage": "115000;46000;12000", "osm_id": "way/422301103", "gridlock_state": "GA"}}, {"type": "Feature", "geometry": {"type": "Point", "coordinates": [-85.3896844, 30.734432]}, "properties": {"barrier": "fence", "name": "Green Circle Substation", "operator": "PowerSouth Energy Cooperative", "power": "substation", "start_date": "2007", "substation": "distribution", "voltage": "115000", "osm_id": "way/422483020", "gridlock_state": ""}}, {"type": "Feature", "geometry": {"type": "Point", "coordinates": [-85.4298981, 31.2717222]}, "properties": {"addr:city": "Dothan", "addr:housenumber": "2705", "addr:state": "AL", "addr:street": "Flynn Road", "barrier": "fence", "location": "outdoor", "name": "Flynn Substation", "operator": "Dothan Utilities", "power": "substation", "substation": "distribution", "voltage": "115000", "osm_id": "way/422900748", "gridlock_state": ""}}, {"type": "Feature", "geometry": {"type": "Point", "coordinates": [-81.1801135, 32.1492085]}, "properties": {"barrier": "fence", "name": "Cherokee Substation", "operator": "Georgia Power", "operator:wikidata": "Q5547666", "operator:wikipedia": "en:Georgia Power", "power": "substation", "substation": "distribution", "voltage": "46000", "osm_id": "way/423218220", "gridlock_state": "GA"}}, {"type": "Feature", "geometry": {"type": "Point", "coordinates": [-81.5443241, 31.2767861]}, "properties": {"barrier": "fence", "name": "Georgia Pacific Substation", "operator": "Georgia Power", "operator:wikidata": "Q5547666", "power": "substation", "substation": "distribution", "voltage": "115000;12470", "osm_id": "way/423725101", "gridlock_state": "GA"}}, {"type": "Feature", "geometry": {"type": "Point", "coordinates": [-81.5217279, 31.1754367]}, "properties": {"barrier": "fence", "name": "Georgia Pacific Substation", "operator": "Georgia Power", "operator:wikidata": "Q5547666", "power": "substation", "substation": "industrial", "voltage": "115000;12470", "osm_id": "way/423726654", "gridlock_state": "GA"}}, {"type": "Feature", "geometry": {"type": "Point", "coordinates": [-83.2876241, 30.8240849]}, "properties": {"barrier": "fence", "name": "Valdosta Substation", "operator": "Georgia Power", "operator:wikidata": "Q5547666", "operator:wikipedia": "en:Georgia Power", "power": "substation", "substation": "distribution", "voltage": "115000", "osm_id": "way/424876668", "gridlock_state": "GA"}}, {"type": "Feature", "geometry": {"type": "Point", "coordinates": [-79.8841983, 34.3082544]}, "properties": {"barrier": "fence", "name": "Darlington 115kV Substation", "operator": "Duke Energy Progress", "operator:wikidata": "Q1264404", "power": "substation", "substation": "distribution", "voltage": "115000", "osm_id": "way/426143897", "gridlock_state": "SC"}}, {"type": "Feature", "geometry": {"type": "Point", "coordinates": [-79.3546383, 34.4317098]}, "properties": {"barrier": "fence", "name": "Dillon 115kV Substation", "operator": "Duke Energy Progress", "operator:wikidata": "Q1264404", "power": "substation", "substation": "distribution", "voltage": "115000;23000", "osm_id": "way/426571867", "gridlock_state": "SC"}}, {"type": "Feature", "geometry": {"type": "Point", "coordinates": [-78.8801674, 34.1573878]}, "properties": {"barrier": "fence", "name": "Tabor City Substation", "power": "substation", "substation": "distribution", "voltage": "115000", "osm_id": "way/427847089", "gridlock_state": ""}}, {"type": "Feature", "geometry": {"type": "Point", "coordinates": [-78.8903175, 35.2049554]}, "properties": {"barrier": "fence", "name": "Collier Substation", "operator": "South River Electric Membership Corporation", "power": "substation", "substation": "distribution", "voltage": "115000", "osm_id": "way/434838090", "gridlock_state": ""}}, {"type": "Feature", "geometry": {"type": "Point", "coordinates": [-85.3109475, 32.7062928]}, "properties": {"barrier": "fence", "name": "Andrews Substation", "operator": "PowerSouth Energy Cooperative", "power": "substation", "substation": "distribution", "voltage": "115000", "osm_id": "way/435986783", "gridlock_state": ""}}, {"type": "Feature", "geometry": {"type": "Point", "coordinates": [-85.268521, 32.6791381]}, "properties": {"barrier": "fence", "name": "Opelika Substation", "operator": "PowerSouth Energy Cooperative", "power": "substation", "substation": "distribution", "voltage": "115000", "osm_id": "way/435986784", "gridlock_state": ""}}, {"type": "Feature", "geometry": {"type": "Point", "coordinates": [-85.300258, 32.6092374]}, "properties": {"barrier": "fence", "name": "Spring Villa Substation", "operator": "PowerSouth Energy Cooperative", "power": "substation", "substation": "distribution", "voltage": "115000", "osm_id": "way/435986785", "gridlock_state": ""}}, {"type": "Feature", "geometry": {"type": "Point", "coordinates": [-85.2735206, 34.7507327]}, "properties": {"barrier": "fence", "name": "Young Substation", "operator": "North Georgia EMC", "power": "substation", "substation": "distribution", "voltage": "115000;12000", "osm_id": "way/440547758", "gridlock_state": "GA"}}, {"type": "Feature", "geometry": {"type": "Point", "coordinates": [-80.2932907, 32.5427478]}, "properties": {"barrier": "fence", "name": "Edisto Island Substation", "power": "substation", "substation": "distribution", "voltage": "69000", "osm_id": "way/446242261", "gridlock_state": "SC"}}, {"type": "Feature", "geometry": {"type": "Point", "coordinates": [-81.5328103, 32.139614]}, "properties": {"barrier": "fence", "name": "Ellabell Substation", "operator": "Georgia Power", "operator:wikidata": "Q5547666", "power": "substation", "substation": "distribution", "voltage": "115000;13800", "osm_id": "way/448024615", "gridlock_state": "GA"}}, {"type": "Feature", "geometry": {"type": "Point", "coordinates": [-81.437549, 32.165455]}, "properties": {"barrier": "fence", "name": "Interstate Center Substation", "operator": "Georgia Power", "operator:wikidata": "Q5547666", "operator:wikipedia": "en:Georgia Power", "power": "substation", "substation": "distribution", "voltage": "115000", "osm_id": "way/448033626", "gridlock_state": "GA"}}, {"type": "Feature", "geometry": {"type": "Point", "coordinates": [-85.4902858, 31.8891975]}, "properties": {"barrier": "fence", "frequency": "60", "location": "outdoor", "name": "Clayton Highway Substation", "operator": "Alabama Power", "operator:wikidata": "Q4705296", "power": "substation", "substation": "distribution", "voltage": "46000;13090", "osm_id": "way/450601687", "gridlock_state": ""}}, {"type": "Feature", "geometry": {"type": "Point", "coordinates": [-84.0519588, 34.0431945]}, "properties": {"barrier": "fence", "name": "Avonlea Substation", "operator": "Georgia Power", "operator:wikidata": "Q5547666", "operator:wikipedia": "en:Georgia Power", "power": "substation", "substation": "distribution", "voltage": "230000", "osm_id": "way/461017241", "gridlock_state": "GA"}}, {"type": "Feature", "geometry": {"type": "Point", "coordinates": [-82.7365985, 35.2397776]}, "properties": {"barrier": "fence", "name": "Brevard Substation", "operator": "Duke Energy", "operator:wikidata": "Q1264404", "power": "substation", "substation": "distribution", "voltage": "44000", "osm_id": "way/464555897", "gridlock_state": ""}}, {"type": "Feature", "geometry": {"type": "Point", "coordinates": [-81.8796988, 33.7506785]}, "properties": {"barrier": "fence", "name": "Trenton Substation", "power": "substation", "substation": "distribution", "voltage": "115000", "osm_id": "way/466936022", "gridlock_state": "SC"}}, {"type": "Feature", "geometry": {"type": "Point", "coordinates": [-80.0024408, 33.1968175]}, "properties": {"barrier": "fence", "name": "Moncks Corner Substation", "power": "substation", "substation": "distribution", "voltage": "115000", "osm_id": "way/467794473", "gridlock_state": "SC"}}, {"type": "Feature", "geometry": {"type": "Point", "coordinates": [-79.8174524, 33.6635699]}, "properties": {"barrier": "fence", "name": "Kingstree Substation", "operator": "Duke Energy", "operator:wikidata": "Q1264404", "power": "substation", "substation": "distribution", "voltage": "230000", "osm_id": "way/467834959", "gridlock_state": "SC"}}, {"type": "Feature", "geometry": {"type": "Point", "coordinates": [-83.4200455, 33.6141931]}, "properties": {"barrier": "fence", "name": "Georgia Pacific Substation", "power": "substation", "substation": "industrial", "voltage": "115000", "osm_id": "way/473860848", "gridlock_state": "GA"}}, {"type": "Feature", "geometry": {"type": "Point", "coordinates": [-84.1772536, 33.0519658]}, "properties": {"barrier": "fence", "name": "Aldora Mills Substation", "operator": "Georgia Power", "operator:wikidata": "Q5547666", "operator:wikipedia": "en:Georgia Power", "power": "substation", "substation": "distribution", "voltage": "69000", "osm_id": "way/475560519", "gridlock_state": "GA"}}, {"type": "Feature", "geometry": {"type": "Point", "coordinates": [-84.1238836, 31.5005144]}, "properties": {"barrier": "fence", "name": "Radium Springs Substation", "operator": "Georgia Power", "operator:wikidata": "Q5547666", "operator:wikipedia": "en:Georgia Power", "power": "substation", "substation": "distribution", "voltage": "115000;12000", "osm_id": "way/476947383", "gridlock_state": "GA"}}, {"type": "Feature", "geometry": {"type": "Point", "coordinates": [-84.1111994, 31.5639706]}, "properties": {"name": "Albany Primary Substation", "operator": "Georgia Power", "operator:wikidata": "Q5547666", "operator:wikipedia": "en:Georgia Power", "power": "substation", "substation": "distribution", "voltage": "230000;115000;13800", "osm_id": "way/476947518", "gridlock_state": "GA"}}, {"type": "Feature", "geometry": {"type": "Point", "coordinates": [-84.1117479, 31.5185466]}, "properties": {"barrier": "fence", "name": "U.S. Hwy 19 Substation", "operator": "Georgia Power", "operator:wikidata": "Q5547666", "operator:wikipedia": "en:Georgia Power", "power": "substation", "substation": "distribution", "voltage": "115000", "osm_id": "way/476947521", "gridlock_state": "GA"}}, {"type": "Feature", "geometry": {"type": "Point", "coordinates": [-83.6574222, 32.4937353]}, "properties": {"barrier": "fence", "name": "Bear Branch Substation", "operator": "Flint Energies", "power": "substation", "ref": "Bear Branch #21", "substation": "distribution", "voltage": "115000", "osm_id": "way/477375510", "gridlock_state": "GA"}}, {"type": "Feature", "geometry": {"type": "Point", "coordinates": [-80.6418068, 33.8875618]}, "properties": {"barrier": "fence", "name": "Industrial Paper Substation", "power": "substation", "substation": "industrial", "voltage": "115000", "osm_id": "way/478709861", "gridlock_state": "SC"}}, {"type": "Feature", "geometry": {"type": "Point", "coordinates": [-83.2411278, 33.07785]}, "properties": {"barrier": "fence", "name": "Milledgeville Primary Substation", "operator": "Georgia Power", "operator:wikidata": "Q5547666", "operator:wikipedia": "en:Georgia Power", "power": "substation", "substation": "distribution", "voltage": "115000;46000;12000", "osm_id": "way/480341615", "gridlock_state": "GA"}}, {"type": "Feature", "geometry": {"type": "Point", "coordinates": [-81.8995965, 32.1740354]}, "properties": {"barrier": "fence", "name": "Claxton Substation", "operator": "Georgia Power", "operator:wikidata": "Q5547666", "power": "substation", "substation": "distribution", "voltage": "115000;12000", "osm_id": "way/481616312", "gridlock_state": "GA"}}, {"type": "Feature", "geometry": {"type": "Point", "coordinates": [-81.9162254, 32.0007907]}, "properties": {"barrier": "fence", "name": "North Glennville Substation", "operator": "Georgia Power", "operator:wikidata": "Q5547666", "power": "substation", "substation": "distribution", "voltage": "115000", "osm_id": "way/481627723", "gridlock_state": "GA"}}, {"type": "Feature", "geometry": {"type": "Point", "coordinates": [-81.8280038, 31.7920714]}, "properties": {"barrier": "fence", "name": "Donald Substation", "operator": "Georgia Power", "operator:wikidata": "Q5547666", "power": "substation", "substation": "distribution", "voltage": "115000", "osm_id": "way/481633205", "gridlock_state": "GA"}}, {"type": "Feature", "geometry": {"type": "Point", "coordinates": [-84.0519708, 32.292817]}, "properties": {"barrier": "fence", "name": "Oglethorpe Substation", "power": "substation", "substation": "distribution", "voltage": "115000;46000;12000", "osm_id": "way/483265905", "gridlock_state": "GA"}}, {"type": "Feature", "geometry": {"type": "Point", "coordinates": [-83.0065199, 33.2778013]}, "properties": {"barrier": "fence", "name": "Devereux Substation", "operator": "Georgia Power", "operator:wikidata": "Q5547666", "operator:wikipedia": "en:Georgia Power", "power": "substation", "substation": "distribution", "voltage": "46000", "osm_id": "way/483620250", "gridlock_state": "GA"}}, {"type": "Feature", "geometry": {"type": "Point", "coordinates": [-83.217835, 33.0482082]}, "properties": {"barrier": "fence", "name": "Central State Hospital Substation", "operator": "Georgia Power", "operator:wikidata": "Q5547666", "operator:wikipedia": "en:Georgia Power", "power": "substation", "substation": "distribution", "voltage": "115000;12000", "osm_id": "way/484479137", "gridlock_state": "GA"}}, {"type": "Feature", "geometry": {"type": "Point", "coordinates": [-82.8327291, 33.0018214]}, "properties": {"barrier": "fence", "name": "Sandersville Substation #6", "power": "substation", "substation": "distribution", "voltage": "115000;12000", "osm_id": "way/484518626", "gridlock_state": "GA"}}, {"type": "Feature", "geometry": {"type": "Point", "coordinates": [-82.8254763, 32.9756063]}, "properties": {"barrier": "fence", "name": "Kaolin Substation", "power": "substation", "substation": "distribution", "voltage": "115000;46000;12000", "osm_id": "way/484518633", "gridlock_state": "GA"}}, {"type": "Feature", "geometry": {"type": "Point", "coordinates": [-84.0203631, 34.466355]}, "properties": {"barrier": "fence", "name": "Auraria Substation", "power": "substation", "substation": "distribution", "voltage": "115000", "osm_id": "way/485214198", "gridlock_state": "GA"}}, {"type": "Feature", "geometry": {"type": "Point", "coordinates": [-79.9514264, 32.8476442]}, "properties": {"barrier": "fence", "name": "Port of Charlston Substation", "power": "substation", "substation": "distribution", "voltage": "115000", "osm_id": "way/487069958", "gridlock_state": "SC"}}, {"type": "Feature", "geometry": {"type": "Point", "coordinates": [-79.9419597, 32.8248043]}, "properties": {"barrier": "fence", "name": "Kinder Morgan Substation", "power": "substation", "substation": "industrial", "voltage": "115000", "osm_id": "way/488337087", "gridlock_state": "SC"}}, {"type": "Feature", "geometry": {"type": "Point", "coordinates": [-79.9295234, 33.4264707]}, "properties": {"barrier": "fence", "name": "St. Stephen Dam", "power": "substation", "substation": "generation", "voltage": "115000", "osm_id": "way/489247836", "gridlock_state": "SC"}}, {"type": "Feature", "geometry": {"type": "Point", "coordinates": [-80.2238205, 33.0587773]}, "properties": {"barrier": "fence", "name": "McQueen Substation", "power": "substation", "substation": "distribution", "voltage": "115000", "osm_id": "way/489577607", "gridlock_state": "SC"}}, {"type": "Feature", "geometry": {"type": "Point", "coordinates": [-79.9733901, 32.7233566]}, "properties": {"barrier": "fence", "name": "Queensborough Switching Station", "operator": "Santee Cooper", "power": "substation", "substation": "switching", "voltage": "115000", "osm_id": "way/490188635", "gridlock_state": "SC"}}, {"type": "Feature", "geometry": {"type": "Point", "coordinates": [-83.4651209, 34.211987]}, "properties": {"barrier": "fence", "name": "Commerce Primary Substation", "operator": "Georgia Power", "operator:wikidata": "Q5547666", "operator:wikipedia": "en:Georgia Power", "power": "substation", "substation": "distribution", "voltage": "115000", "osm_id": "way/490760952", "gridlock_state": "GA"}}, {"type": "Feature", "geometry": {"type": "Point", "coordinates": [-83.1177125, 34.2900454]}, "properties": {"barrier": "fence", "name": "Royston Substation", "operator": "Georgia Power", "operator:wikidata": "Q5547666", "operator:wikipedia": "en:Georgia Power", "power": "substation", "substation": "distribution", "voltage": "46000", "osm_id": "way/490780192", "gridlock_state": "GA"}}, {"type": "Feature", "geometry": {"type": "Point", "coordinates": [-80.0391631, 32.8023416]}, "properties": {"barrier": "fence", "name": "Savage Substation", "operator": "Dominion Energy", "power": "substation", "substation": "distribution", "voltage": "115000", "osm_id": "way/490789511", "gridlock_state": "SC"}}, {"type": "Feature", "geometry": {"type": "Point", "coordinates": [-80.0243066, 32.7863051]}, "properties": {"addr:city": "Charleston", "addr:housenumber": "504", "addr:state": "SC", "addr:street": "Stinson Drive", "barrier": "fence", "name": "Stono Park Substation", "operator": "Dominion Energy South Carolina", "operator:wikidata": "Q114367619", "power": "substation", "ref": "416", "substation": "distribution", "voltage": "115000", "osm_id": "way/490789515", "gridlock_state": "SC"}}, {"type": "Feature", "geometry": {"type": "Point", "coordinates": [-79.9894378, 32.7609163]}, "properties": {"barrier": "fence", "name": "Riverland Terrace Substation", "power": "substation", "substation": "distribution", "voltage": "115000", "osm_id": "way/490789516", "gridlock_state": "SC"}}, {"type": "Feature", "geometry": {"type": "Point", "coordinates": [-82.7535734, 33.7055871]}, "properties": {"barrier": "fence", "name": "Washington Substation #2 Stepup", "operator": "Georgia Power", "operator:wikidata": "Q5547666", "power": "substation", "substation": "transmission", "voltage": "115000;46000", "osm_id": "way/490789706", "gridlock_state": "GA"}}, {"type": "Feature", "geometry": {"type": "Point", "coordinates": [-82.7531958, 33.7065043]}, "properties": {"barrier": "fence", "name": "Washington Substation #2", "operator": "Georgia Power", "operator:wikidata": "Q5547666", "operator:wikipedia": "en:Georgia Power", "power": "substation", "substation": "distribution", "voltage": "115000;12000", "osm_id": "way/490789707", "gridlock_state": "GA"}}, {"type": "Feature", "geometry": {"type": "Point", "coordinates": [-82.7512848, 33.731504]}, "properties": {"barrier": "fence", "name": "Washington Primary Substation", "operator": "Georgia Power", "operator:wikidata": "Q5547666", "operator:wikipedia": "en:Georgia Power", "power": "substation", "substation": "distribution", "voltage": "115000", "osm_id": "way/490789716", "gridlock_state": "GA"}}, {"type": "Feature", "geometry": {"type": "Point", "coordinates": [-81.6441136, 32.749161]}, "properties": {"barrier": "fence", "name": "Sylvania Substation #2", "operator": "Georgia Power", "operator:wikidata": "Q5547666", "operator:wikipedia": "en:Georgia Power", "power": "substation", "substation": "distribution", "voltage": "115000;12000", "osm_id": "way/491025959", "gridlock_state": "GA"}}, {"type": "Feature", "geometry": {"type": "Point", "coordinates": [-79.945311, 32.8054218]}, "properties": {"barrier": "fence", "name": "Meeting Street Substation", "operator": "Dominion Energy South Carolina", "operator:wikidata": "Q114367619", "power": "substation", "substation": "distribution", "voltage": "115000", "osm_id": "way/491927098", "gridlock_state": "SC"}}, {"type": "Feature", "geometry": {"type": "Point", "coordinates": [-81.89082, 31.6039085]}, "properties": {"barrier": "fence", "name": "Jesup City Substation", "operator": "Georgia Power", "operator:wikidata": "Q5547666", "power": "substation", "substation": "distribution", "voltage": "115000;12470", "osm_id": "way/492135523", "gridlock_state": "GA"}}, {"type": "Feature", "geometry": {"type": "Point", "coordinates": [-84.5487673, 30.9114763]}, "properties": {"barrier": "fence", "name": "East Bainbridge Substation", "operator": "Georgia Power", "operator:wikidata": "Q5547666", "power": "substation", "ref": "529;530", "substation": "transmission", "voltage": "115000;24900;12470", "osm_id": "way/492355206", "gridlock_state": "GA"}}, {"type": "Feature", "geometry": {"type": "Point", "coordinates": [-82.0663614, 32.4051012]}, "properties": {"barrier": "fence", "name": "Metter Substation", "power": "substation", "substation": "distribution", "voltage": "115000", "osm_id": "way/492762978", "gridlock_state": "GA"}}, {"type": "Feature", "geometry": {"type": "Point", "coordinates": [-83.8722581, 32.561358]}, "properties": {"barrier": "fence", "name": "Fort Valley Substation", "power": "substation", "substation": "distribution", "voltage": "115000", "osm_id": "way/493048692", "gridlock_state": "GA"}}, {"type": "Feature", "geometry": {"type": "Point", "coordinates": [-83.1743722, 33.5731235]}, "properties": {"barrier": "fence", "name": "Greensboro Substation", "power": "substation", "substation": "distribution", "voltage": "115000", "osm_id": "way/493325000", "gridlock_state": "GA"}}, {"type": "Feature", "geometry": {"type": "Point", "coordinates": [-85.1715333, 33.7400067]}, "properties": {"barrier": "fence", "name": "Colonial Pipeline Substation", "operator": "Colonial Pipeline", "operator:wikidata": "Q107145391", "operator:wikipedia": "en:Georgia Power", "power": "substation", "substation": "industrial", "voltage": "115000", "osm_id": "way/493984564", "gridlock_state": "GA"}}, {"type": "Feature", "geometry": {"type": "Point", "coordinates": [-85.1740483, 33.6428099]}, "properties": {"barrier": "fence", "name": "North Mount Zion Substation", "power": "substation", "substation": "distribution", "voltage": "115000", "osm_id": "way/493984609", "gridlock_state": "GA"}}, {"type": "Feature", "geometry": {"type": "Point", "coordinates": [-84.6767263, 33.37809]}, "properties": {"barrier": "fence", "name": "Summer Grove Substation", "operator": "Georgia Power", "operator:wikidata": "Q5547666", "power": "substation", "substation": "distribution", "voltage": "115000;25000;12000", "osm_id": "way/494304424", "gridlock_state": "GA"}}, {"type": "Feature", "geometry": {"type": "Point", "coordinates": [-84.7644475, 33.4222416]}, "properties": {"barrier": "fence", "name": "Madras Substation", "operator": "Georgia Power", "operator:wikidata": "Q5547666", "power": "substation", "substation": "distribution", "voltage": "115000;25000;12000", "osm_id": "way/494304430", "gridlock_state": "GA"}}, {"type": "Feature", "geometry": {"type": "Point", "coordinates": [-84.7257883, 33.4026135]}, "properties": {"barrier": "fence", "name": "Yamaha Substation", "operator": "Georgia Power", "operator:wikidata": "Q5547666", "power": "substation", "substation": "distribution", "voltage": "115000;25000;12000", "osm_id": "way/494304432", "gridlock_state": "GA"}}, {"type": "Feature", "geometry": {"type": "Point", "coordinates": [-84.3864513, 33.2979911]}, "properties": {"barrier": "fence", "name": "Vaughn Substation", "operator": "Georgia Power", "operator:wikidata": "Q5547666", "operator:wikipedia": "en:Georgia Power", "power": "substation", "substation": "distribution", "voltage": "115000", "osm_id": "way/494316468", "gridlock_state": "GA"}}, {"type": "Feature", "geometry": {"type": "Point", "coordinates": [-80.0280558, 33.0897567]}, "properties": {"barrier": "fence", "name": "Strawberry Substation", "power": "substation", "substation": "distribution", "voltage": "115000", "osm_id": "way/494863759", "gridlock_state": "SC"}}, {"type": "Feature", "geometry": {"type": "Point", "coordinates": [-80.0431722, 33.0659869]}, "properties": {"barrier": "fence", "name": "Google Substation #1", "power": "substation", "substation": "industrial", "voltage": "115000", "osm_id": "way/494863765", "gridlock_state": "SC"}}, {"type": "Feature", "geometry": {"type": "Point", "coordinates": [-80.4510965, 33.2386573]}, "properties": {"barrier": "fence", "name": "Giant Switching Station", "power": "substation", "substation": "switching", "voltage": "115000", "osm_id": "way/495010406", "gridlock_state": "SC"}}, {"type": "Feature", "geometry": {"type": "Point", "coordinates": [-80.2537449, 33.214056]}, "properties": {"barrier": "fence", "name": "Lebanon Substation", "power": "substation", "substation": "distribution", "voltage": "115000", "osm_id": "way/495010422", "gridlock_state": "SC"}}, {"type": "Feature", "geometry": {"type": "Point", "coordinates": [-79.7891455, 32.7886156]}, "properties": {"barrier": "fence", "name": "Isle of Palms Substation", "operator": "South Carolina Gas & Electric", "power": "substation", "substation": "distribution", "voltage": "115000;24900", "osm_id": "way/495084142", "gridlock_state": "SC"}}, {"type": "Feature", "geometry": {"type": "Point", "coordinates": [-80.0186883, 32.9271609]}, "properties": {"barrier": "fence", "name": "Hanahan Water Treatment Plant Substation", "power": "substation", "substation": "industrial", "voltage": "115000", "osm_id": "way/495306284", "gridlock_state": "SC"}}, {"type": "Feature", "geometry": {"type": "Point", "coordinates": [-79.9754427, 32.9030288]}, "properties": {"barrier": "fence", "name": "North Charleston Port Substation", "power": "substation", "substation": "distribution", "voltage": "115000", "osm_id": "way/495306290", "gridlock_state": "SC"}}, {"type": "Feature", "geometry": {"type": "Point", "coordinates": [-79.92664, 32.874804]}, "properties": {"barrier": "fence", "name": "Thomas Island Substation", "operator": "Dominion Energy South Carolina", "operator:wikidata": "Q114367619", "power": "substation", "substation": "distribution", "voltage": "115000;24940", "osm_id": "way/495306293", "gridlock_state": "SC"}}, {"type": "Feature", "geometry": {"type": "Point", "coordinates": [-83.2062628, 33.1366714]}, "properties": {"barrier": "fence", "name": "Lake Sinclair Substation", "operator": "Georgia Power", "operator:wikidata": "Q5547666", "operator:wikipedia": "en:Georgia Power", "power": "substation", "substation": "distribution", "voltage": "115000;25000", "osm_id": "way/495650839", "gridlock_state": "GA"}}, {"type": "Feature", "geometry": {"type": "Point", "coordinates": [-84.4757101, 33.8819987]}, "properties": {"barrier": "fence", "name": "Colonial Substation", "operator": "Georgia Power", "operator:wikidata": "Q5547666", "operator:wikipedia": "en:Georgia Power", "power": "substation", "substation": "industrial", "voltage": "115000", "osm_id": "way/496174116", "gridlock_state": "GA"}}, {"type": "Feature", "geometry": {"type": "Point", "coordinates": [-83.3712061, 33.9400838]}, "properties": {"barrier": "fence", "name": "University of Georgia Substation", "operator": "Georgia Power", "operator:wikidata": "Q5547666", "operator:wikipedia": "en:Georgia Power", "power": "substation", "substation": "distribution", "voltage": "115000", "osm_id": "way/497514286", "gridlock_state": "GA"}}, {"type": "Feature", "geometry": {"type": "Point", "coordinates": [-80.1020204, 32.9059833]}, "properties": {"barrier": "fence", "name": "Bosch Substation", "power": "substation", "substation": "industrial", "voltage": "115000", "osm_id": "way/497876658", "gridlock_state": "SC"}}, {"type": "Feature", "geometry": {"type": "Point", "coordinates": [-79.9293462, 32.9842448]}, "properties": {"barrier": "fence", "name": "Charleston International Manufacturing Center Substation", "power": "substation", "substation": "industrial", "voltage": "115000", "osm_id": "way/497962234", "gridlock_state": "SC"}}, {"type": "Feature", "geometry": {"type": "Point", "coordinates": [-79.9431144, 32.9337503]}, "properties": {"barrier": "fence", "name": "Naval Support Activity Charleston Substation", "power": "substation", "substation": "industrial", "voltage": "115000", "osm_id": "way/497962236", "gridlock_state": "SC"}}, {"type": "Feature", "geometry": {"type": "Point", "coordinates": [-80.2208317, 32.9873703]}, "properties": {"barrier": "fence", "name": "Summerville Wastewater Treatment Substation", "power": "substation", "substation": "industrial", "voltage": "115000", "osm_id": "way/497970794", "gridlock_state": "SC"}}, {"type": "Feature", "geometry": {"type": "Point", "coordinates": [-80.365653, 33.1393553]}, "properties": {"barrier": "fence", "name": "Dorchester Substation", "power": "substation", "substation": "distribution", "voltage": "115000", "osm_id": "way/498040759", "gridlock_state": "SC"}}, {"type": "Feature", "geometry": {"type": "Point", "coordinates": [-80.2017229, 33.0881438]}, "properties": {"barrier": "fence", "name": "New Hope Substation", "power": "substation", "substation": "distribution", "voltage": "115000", "osm_id": "way/498040764", "gridlock_state": "SC"}}, {"type": "Feature", "geometry": {"type": "Point", "coordinates": [-81.4232584, 33.0894775]}, "properties": {"barrier": "fence", "name": "Baldock Substation", "operator": "South Carolina Electric & Gas Company", "power": "substation", "ref": "363", "voltage": "115000", "osm_id": "way/498828317", "gridlock_state": "SC"}}, {"type": "Feature", "geometry": {"type": "Point", "coordinates": [-81.2258213, 32.9952616]}, "properties": {"barrier": "fence", "name": "Georgia Pacific Substation", "power": "substation", "substation": "industrial", "voltage": "115000", "osm_id": "way/498828320", "gridlock_state": "SC"}}, {"type": "Feature", "geometry": {"type": "Point", "coordinates": [-81.1070287, 32.8987661]}, "properties": {"barrier": "fence", "name": "Hampton Substation", "power": "substation", "substation": "distribution", "voltage": "115000", "osm_id": "way/498828321", "gridlock_state": "SC"}}, {"type": "Feature", "geometry": {"type": "Point", "coordinates": [-81.2335961, 32.9891574]}, "properties": {"barrier": "fence", "name": "Fairfax Substation", "operator": "South Carolina Gas & Electric", "power": "substation", "substation": "transmission", "voltage": "115000;46000", "osm_id": "way/498828323", "gridlock_state": "SC"}}, {"type": "Feature", "geometry": {"type": "Point", "coordinates": [-80.8533836, 32.2350272]}, "properties": {"barrier": "fence", "name": "Bluffton Substation", "operator": "South Carolina Electric & Gas", "power": "substation", "substation": "distribution", "voltage": "115000", "osm_id": "way/498967268", "gridlock_state": "SC"}}, {"type": "Feature", "geometry": {"type": "Point", "coordinates": [-81.3167591, 33.0184066]}, "properties": {"barrier": "fence", "name": "Allendale Substation", "power": "substation", "substation": "distribution", "voltage": "115000", "osm_id": "way/499420033", "gridlock_state": "SC"}}, {"type": "Feature", "geometry": {"type": "Point", "coordinates": [-81.8474982, 33.5170276]}, "properties": {"barrier": "fence", "name": "Burnettown Substation", "power": "substation", "substation": "distribution", "voltage": "115000;12000", "osm_id": "way/499570746", "gridlock_state": "SC"}}, {"type": "Feature", "geometry": {"type": "Point", "coordinates": [-81.2338379, 33.9884855]}, "properties": {"barrier": "wall", "name": "Lexington Substation", "operator": "Dominion Energy", "operator:wikidata": "Q677464", "power": "substation", "substation": "distribution", "voltage": "115000", "osm_id": "way/499649718", "gridlock_state": "SC"}}, {"type": "Feature", "geometry": {"type": "Point", "coordinates": [-83.5119993, 33.985864]}, "properties": {"barrier": "fence", "name": "Savage Rd Substation", "operator": "Georgia Power", "operator:wikidata": "Q5547666", "operator:wikipedia": "en:Georgia Power", "power": "substation", "substation": "distribution", "voltage": "115000", "osm_id": "way/499863333", "gridlock_state": "GA"}}, {"type": "Feature", "geometry": {"type": "Point", "coordinates": [-82.5946095, 31.8856456]}, "properties": {"barrier": "fence", "name": "Rocky Branch Substation", "operator": "Georgia Power", "operator:wikidata": "Q5547666", "operator:wikipedia": "en:Georgia Power", "power": "substation", "substation": "distribution", "voltage": "115000", "osm_id": "way/503305611", "gridlock_state": "GA"}}, {"type": "Feature", "geometry": {"type": "Point", "coordinates": [-81.3308738, 34.2640927]}, "properties": {"barrier": "fence", "name": "Parr Substation", "power": "substation", "substation": "transmission", "voltage": "115000", "osm_id": "way/504932099", "gridlock_state": "SC"}}, {"type": "Feature", "geometry": {"type": "Point", "coordinates": [-80.3818033, 33.8637523]}, "properties": {"barrier": "fence", "name": "Sumter Industrial Substation", "power": "substation", "substation": "distribution", "voltage": "115000;23000", "osm_id": "way/505190930", "gridlock_state": "SC"}}, {"type": "Feature", "geometry": {"type": "Point", "coordinates": [-83.5562304, 34.4843283]}, "properties": {"barrier": "fence", "name": "Fieldale Farms Substation", "power": "substation", "substation": "industrial", "voltage": "115000", "osm_id": "way/507631814", "gridlock_state": "GA"}}, {"type": "Feature", "geometry": {"type": "Point", "coordinates": [-84.099991, 34.8587595]}, "properties": {"barrier": "fence", "name": "Youngcane Substation", "operator": "TVA", "operator:wikidata": "Q1367577", "power": "substation", "substation": "distribution", "voltage": "161000", "osm_id": "way/510579244", "gridlock_state": "GA"}}, {"type": "Feature", "geometry": {"type": "Point", "coordinates": [-81.0325192, 33.9972684]}, "properties": {"building": "service", "name": "North Energy Facility", "power": "substation", "osm_id": "way/510854867", "gridlock_state": "SC"}}, {"type": "Feature", "geometry": {"type": "Point", "coordinates": [-81.0247631, 33.9889717]}, "properties": {"building": "service", "name": "South Energy Facility", "power": "substation", "osm_id": "way/511177956", "gridlock_state": "SC"}}, {"type": "Feature", "geometry": {"type": "Point", "coordinates": [-81.0236485, 33.9983511]}, "properties": {"addr:housenumber": "815", "addr:street": "Henderson Street", "building": "university", "building:levels": "1", "name": "East Energy Facility", "operator": "University of South Carolina", "operator:type": "university", "operator:wikidata": "Q1024426", "operator:wikipedia": "University of South Carolina", "power": "substation", "roof:levels": "0", "roof:shape": "flat", "osm_id": "way/511507070", "gridlock_state": "SC"}}, {"type": "Feature", "geometry": {"type": "Point", "coordinates": [-81.01535, 34.0002377]}, "properties": {"barrier": "fence", "name": "Five Points Substation", "power": "substation", "substation": "distribution", "voltage": "115000", "osm_id": "way/511584982", "gridlock_state": "SC"}}, {"type": "Feature", "geometry": {"type": "Point", "coordinates": [-83.2329792, 33.1101205]}, "properties": {"barrier": "fence", "name": "North Milledgville Substation", "operator": "Georgia Power", "operator:wikidata": "Q5547666", "operator:wikipedia": "en:Georgia Power", "power": "substation", "substation": "distribution", "voltage": "115000;12000", "osm_id": "way/513022977", "gridlock_state": "GA"}}, {"type": "Feature", "geometry": {"type": "Point", "coordinates": [-81.0266755, 34.0058054]}, "properties": {"addr:city": "Columbia", "addr:housenumber": "1300", "addr:postcode": "29201", "addr:state": "SC", "addr:street": "Henderson Street", "barrier": "fence", "name": "Uptown 1300 Henderson Street", "operator": "Dominion Energy South Carolina", "operator:wikidata": "Q114367619", "power": "substation", "substation": "distribution", "voltage": "115000", "osm_id": "way/513963984", "gridlock_state": "SC"}}, {"type": "Feature", "geometry": {"type": "Point", "coordinates": [-84.0007988, 33.985981]}, "properties": {"barrier": "fence", "name": "Lawrenceville Primary Substation", "operator": "Georgia Power", "operator:wikidata": "Q5547666", "power": "substation", "substation": "transmission", "voltage": "230000;115000;46000", "osm_id": "way/516459394", "gridlock_state": "GA"}}, {"type": "Feature", "geometry": {"type": "Point", "coordinates": [-83.2803175, 33.0861378]}, "properties": {"barrier": "fence", "name": "Fishing Creek Substation", "operator": "Georgia Power", "operator:wikidata": "Q5547666", "operator:wikipedia": "en:Georgia Power", "power": "substation", "substation": "distribution", "voltage": "115000;12000", "osm_id": "way/516729983", "gridlock_state": "GA"}}, {"type": "Feature", "geometry": {"type": "Point", "coordinates": [-82.9234856, 34.4509411]}, "properties": {"barrier": "fence", "name": "Reed Creek Substation", "power": "substation", "substation": "distribution", "voltage": "115000", "osm_id": "way/524633669", "gridlock_state": "GA"}}, {"type": "Feature", "geometry": {"type": "Point", "coordinates": [-82.9229762, 34.450609]}, "properties": {"barrier": "fence", "name": "Reed Creek Switching Station", "power": "substation", "substation": "switching", "voltage": "12000", "osm_id": "way/524633670", "gridlock_state": "GA"}}, {"type": "Feature", "geometry": {"type": "Point", "coordinates": [-84.9558895, 30.7252668]}, "properties": {"barrier": "fence", "name": "Sneads Substation", "operator": "PowerSouth Energy Cooperative", "power": "substation", "substation": "distribution", "voltage": "115000", "osm_id": "way/526259773", "gridlock_state": ""}}, {"type": "Feature", "geometry": {"type": "Point", "coordinates": [-85.0675886, 30.7488632]}, "properties": {"barrier": "fence", "name": "Cypress Substation", "power": "substation", "substation": "distribution", "voltage": "115000", "osm_id": "way/526259774", "gridlock_state": ""}}, {"type": "Feature", "geometry": {"type": "Point", "coordinates": [-80.8818402, 33.6346446]}, "properties": {"barrier": "fence", "name": "Burke Road Substation", "power": "substation", "substation": "distribution", "voltage": "115000", "osm_id": "way/526941724", "gridlock_state": "SC"}}, {"type": "Feature", "geometry": {"type": "Point", "coordinates": [-83.6833462, 33.3018648]}, "properties": {"barrier": "fence", "name": "Monticello Substation", "operator": "MEAG", "power": "substation", "substation": "distribution", "voltage": "115000", "osm_id": "way/531135027", "gridlock_state": "GA"}}, {"type": "Feature", "geometry": {"type": "Point", "coordinates": [-82.8277211, 35.1455647]}, "properties": {"barrier": "fence", "name": "Rossman Substation", "operator": "Duke Energy", "operator:wikidata": "Q1264404", "power": "substation", "substation": "distribution", "voltage": "44000;13000", "osm_id": "way/531143538", "gridlock_state": ""}}, {"type": "Feature", "geometry": {"type": "Point", "coordinates": [-84.7066553, 34.4421414]}, "properties": {"barrier": "fence", "name": "Fairmount Substation", "power": "substation", "substation": "distribution", "voltage": "115000", "osm_id": "way/535345037", "gridlock_state": "GA"}}, {"type": "Feature", "geometry": {"type": "Point", "coordinates": [-83.2176033, 31.3822625]}, "properties": {"barrier": "fence", "name": "Alapaha Substation", "power": "substation", "substation": "distribution", "voltage": "115000", "osm_id": "way/536035134", "gridlock_state": "GA"}}, {"type": "Feature", "geometry": {"type": "Point", "coordinates": [-84.4591383, 32.5989336]}, "properties": {"barrier": "fence", "name": "Junction City Substation", "power": "substation", "substation": "distribution", "voltage": "46000", "osm_id": "way/536082333", "gridlock_state": "GA"}}, {"type": "Feature", "geometry": {"type": "Point", "coordinates": [-84.2331514, 31.1225518]}, "properties": {"barrier": "fence", "name": "Mount Olive Substation #15", "operator": "Mitchell EMC", "power": "substation", "substation": "distribution", "voltage": "46000", "osm_id": "way/541200832", "gridlock_state": "GA"}}, {"type": "Feature", "geometry": {"type": "Point", "coordinates": [-85.4043268, 31.1049819]}, "properties": {"barrier": "fence", "location": "outdoor", "name": "Limestone Substation", "operator": "PowerSouth Energy Cooperative", "power": "substation", "substation": "distribution", "voltage": "115000", "osm_id": "way/541782088", "gridlock_state": ""}}, {"type": "Feature", "geometry": {"type": "Point", "coordinates": [-83.872072, 31.0043721]}, "properties": {"barrier": "fence", "name": "Coolidge Substation", "operator": "Georgia Power", "operator:wikidata": "Q5547666", "power": "substation", "ref": "394", "substation": "distribution", "voltage": "69000;12470", "osm_id": "way/541803014", "gridlock_state": "GA"}}, {"type": "Feature", "geometry": {"type": "Point", "coordinates": [-84.03968, 34.3703855]}, "properties": {"barrier": "fence", "name": "Dawsonville Substation", "operator": "Georgia Power", "operator:wikidata": "Q5547666", "operator:wikipedia": "en:Georgia Power", "power": "substation", "substation": "distribution", "voltage": "115000;25000;12000", "osm_id": "way/543202595", "gridlock_state": "GA"}}, {"type": "Feature", "geometry": {"type": "Point", "coordinates": [-82.08127, 33.4714907]}, "properties": {"barrier": "fence", "name": "Beaver Road Substation", "operator": "Georgia Power", "operator:wikidata": "Q5547666", "operator:wikipedia": "en:Georgia Power", "power": "substation", "substation": "distribution", "voltage": "115000", "osm_id": "way/543424690", "gridlock_state": "GA"}}, {"type": "Feature", "geometry": {"type": "Point", "coordinates": [-79.0643216, 35.0494356]}, "properties": {"barrier": "fence", "name": "Cliffdale Substation", "operator": "Lumbee River EMC", "power": "substation", "substation": "distribution", "voltage": "115000", "osm_id": "way/544480803", "gridlock_state": ""}}, {"type": "Feature", "geometry": {"type": "Point", "coordinates": [-79.0683275, 35.0327248]}, "properties": {"barrier": "fence", "name": "Highway 401 Substation", "operator": "Lumbee River EMC", "power": "substation", "substation": "distribution", "voltage": "115000", "osm_id": "way/544480807", "gridlock_state": ""}}, {"type": "Feature", "geometry": {"type": "Point", "coordinates": [-84.3176765, 34.9345487]}, "properties": {"barrier": "fence", "name": "Hothouse Substation", "operator": "TVA", "operator:wikidata": "Q1367577", "power": "substation", "substation": "distribution", "voltage": "161000", "osm_id": "way/545524540", "gridlock_state": "GA"}}, {"type": "Feature", "geometry": {"type": "Point", "coordinates": [-80.8543606, 34.9645667]}, "properties": {"barrier": "fence", "name": "US 521 Substation", "operator": "Duke Energy", "operator:wikidata": "Q1264404", "operator:wikipedia": "en:Duke Energy", "power": "substation", "substation": "distribution", "voltage": "44000", "osm_id": "way/546854782", "gridlock_state": "SC"}}, {"type": "Feature", "geometry": {"type": "Point", "coordinates": [-83.7277464, 32.6180361]}, "properties": {"barrier": "fence", "name": "Gunn Road Substation", "operator": "Flint Energies", "power": "substation", "substation": "distribution", "voltage": "230000", "osm_id": "way/548159224", "gridlock_state": "GA"}}, {"type": "Feature", "geometry": {"type": "Point", "coordinates": [-81.180476, 34.0839268]}, "properties": {"barrier": "fence", "name": "Irmo Substation", "power": "substation", "substation": "distribution", "voltage": "115000", "osm_id": "way/549805436", "gridlock_state": "SC"}}, {"type": "Feature", "geometry": {"type": "Point", "coordinates": [-84.5971214, 31.5415208]}, "properties": {"barrier": "fence", "name": "Morgan Substation", "power": "substation", "substation": "distribution", "voltage": "46000", "osm_id": "way/549815295", "gridlock_state": "GA"}}, {"type": "Feature", "geometry": {"type": "Point", "coordinates": [-81.3954259, 34.2242852]}, "properties": {"barrier": "fence", "name": "Pomoria Substation", "power": "substation", "substation": "transmission", "voltage": "230000;115000", "osm_id": "way/550174122", "gridlock_state": "SC"}}, {"type": "Feature", "geometry": {"type": "Point", "coordinates": [-81.0708571, 33.988231]}, "properties": {"barrier": "fence", "name": "West Columbia Substation", "operator": "Dominion Energy", "operator:wikidata": "Q677464", "power": "substation", "substation": "distribution", "voltage": "33000", "osm_id": "way/550500246", "gridlock_state": "SC"}}, {"type": "Feature", "geometry": {"type": "Point", "coordinates": [-83.0609301, 32.5417949]}, "properties": {"barrier": "fence", "name": "Dudley Substation", "power": "substation", "substation": "distribution", "voltage": "115000", "osm_id": "way/550913817", "gridlock_state": "GA"}}, {"type": "Feature", "geometry": {"type": "Point", "coordinates": [-82.8945494, 32.5406038]}, "properties": {"barrier": "fence", "name": "Dublin Primary Substation", "power": "substation", "substation": "distribution", "voltage": "115000", "osm_id": "way/550916538", "gridlock_state": "GA"}}, {"type": "Feature", "geometry": {"type": "Point", "coordinates": [-82.8349998, 32.5103539]}, "properties": {"barrier": "fence", "name": "Catlin Substation", "power": "substation", "substation": "distribution", "voltage": "115000", "osm_id": "way/550917439", "gridlock_state": "GA"}}, {"type": "Feature", "geometry": {"type": "Point", "coordinates": [-81.2040721, 33.8554059]}, "properties": {"barrier": "fence", "name": "Edmund Substation", "operator": "MCEC", "power": "substation", "substation": "distribution", "voltage": "115000", "osm_id": "way/552694024", "gridlock_state": "SC"}}, {"type": "Feature", "geometry": {"type": "Point", "coordinates": [-81.0496661, 33.8092129]}, "properties": {"barrier": "fence", "name": "Sandy Run Substation", "power": "substation", "substation": "transmission", "voltage": "230000;115000", "osm_id": "way/552828359", "gridlock_state": "SC"}}, {"type": "Feature", "geometry": {"type": "Point", "coordinates": [-81.3286149, 34.2903782]}, "properties": {"barrier": "fence", "name": "Virgil C. Summer Nuclear #2/3 Switching Station", "power": "substation", "substation": "switching", "voltage": "230000", "osm_id": "way/552845047", "gridlock_state": "SC"}}, {"type": "Feature", "geometry": {"type": "Point", "coordinates": [-82.9708437, 34.6892011]}, "properties": {"barrier": "fence", "name": "Seneca Tie Substation", "operator": "Duke Energy", "operator:wikidata": "Q1264404", "power": "substation", "substation": "transmission", "voltage": "100000;44000", "osm_id": "way/553097887", "gridlock_state": "SC"}}, {"type": "Feature", "geometry": {"type": "Point", "coordinates": [-81.7812312, 30.394554]}, "properties": {"barrier": "fence", "name": "Utsey Road Switching Station", "operator": "Jacksonville Electric Authority", "operator:short": "JEA", "operator:wikidata": "Q17068270", "power": "substation", "substation": "switching", "voltage": "138000", "osm_id": "way/557834321", "gridlock_state": ""}}, {"type": "Feature", "geometry": {"type": "Point", "coordinates": [-84.1948723, 34.4738429]}, "properties": {"barrier": "fence", "name": "Juno Substation", "power": "substation", "substation": "distribution", "voltage": "115000", "osm_id": "way/558088418", "gridlock_state": "GA"}}, {"type": "Feature", "geometry": {"type": "Point", "coordinates": [-81.5828145, 30.5053884]}, "properties": {"barrier": "fence", "name": "Pecan Park Substation JEA", "operator": "Jacksonville Electric Authority", "operator:short": "JEA", "operator:wikidata": "Q17068270", "power": "substation", "substation": "distribution", "voltage": "138000", "osm_id": "way/558145457", "gridlock_state": ""}}, {"type": "Feature", "geometry": {"type": "Point", "coordinates": [-81.4882095, 30.3362367]}, "properties": {"barrier": "fence", "name": "Waterleaf Substation JEA", "operator": "Jacksonville Electric Authority", "operator:short": "JEA", "operator:wikidata": "Q17068270", "power": "substation", "substation": "distribution", "voltage": "230000", "osm_id": "way/558906897", "gridlock_state": ""}}, {"type": "Feature", "geometry": {"type": "Point", "coordinates": [-82.0014998, 34.5106473]}, "properties": {"barrier": "fence", "name": "Laurens Substation", "power": "substation", "substation": "transmission", "voltage": "100000", "osm_id": "way/559640218", "gridlock_state": "SC"}}, {"type": "Feature", "geometry": {"type": "Point", "coordinates": [-83.9109774, 31.3100958]}, "properties": {"barrier": "fence", "name": "Doerun Substation", "operator": "Colquitt EMC", "power": "substation", "substation": "distribution", "voltage": "115000;12000", "osm_id": "way/560880142", "gridlock_state": "GA"}}, {"type": "Feature", "geometry": {"type": "Point", "coordinates": [-80.8555176, 35.2149535]}, "properties": {"barrier": "fence", "name": "Dilworth Distribution", "operator": "Duke Energy", "operator:wikidata": "Q1264404", "power": "substation", "substation": "switching", "voltage": "44000", "osm_id": "way/562949233", "gridlock_state": ""}}, {"type": "Feature", "geometry": {"type": "Point", "coordinates": [-84.8950739, 32.0666877]}, "properties": {"barrier": "fence", "name": "Providence Canyon Substation", "power": "substation", "substation": "distribution", "voltage": "46000", "osm_id": "way/563753957", "gridlock_state": "GA"}}, {"type": "Feature", "geometry": {"type": "Point", "coordinates": [-84.2012582, 33.0320694]}, "properties": {"barrier": "fence", "name": "Barnesville Primary Substation", "operator": "Georgia Power", "operator:wikidata": "Q5547666", "operator:wikipedia": "en:Georgia Power", "power": "substation", "substation": "distribution", "voltage": "230000;115000;69000", "osm_id": "way/564834100", "gridlock_state": "GA"}}, {"type": "Feature", "geometry": {"type": "Point", "coordinates": [-84.3109028, 32.9285872]}, "properties": {"barrier": "fence", "name": "North Thomaston Substation", "operator": "Georgia Power", "operator:wikidata": "Q5547666", "operator:wikipedia": "en:Georgia Power", "power": "substation", "substation": "distribution", "voltage": "115000;25000", "osm_id": "way/564842276", "gridlock_state": "GA"}}, {"type": "Feature", "geometry": {"type": "Point", "coordinates": [-84.5837609, 33.7511286]}, "properties": {"barrier": "fence", "name": "Google Substation", "operator": "Georgia Power", "operator:wikidata": "Q5547666", "operator:wikipedia": "en:Georgia Power", "power": "substation", "substation": "industrial", "voltage": "230000", "osm_id": "way/578435600", "gridlock_state": "GA"}}, {"type": "Feature", "geometry": {"type": "Point", "coordinates": [-81.636995, 30.3959857]}, "properties": {"barrier": "fence", "name": "Jax Zoo Underground Transition #1 JEA 138KV", "operator": "Jacksonville Electric Authority", "operator:short": "JEA", "operator:wikidata": "Q17068270", "power": "substation", "substation": "transition", "voltage": "138000", "osm_id": "way/584523754", "gridlock_state": ""}}, {"type": "Feature", "geometry": {"type": "Point", "coordinates": [-84.9886993, 34.083133]}, "properties": {"barrier": "fence", "name": "Taylorsville Substation", "operator": "Georgia Power", "operator:wikidata": "Q5547666", "power": "substation", "substation": "distribution", "voltage": "46000;12000", "osm_id": "way/588207137", "gridlock_state": "GA"}}, {"type": "Feature", "geometry": {"type": "Point", "coordinates": [-84.8579349, 33.9187441]}, "properties": {"barrier": "fence", "name": "Dallas Substation", "power": "substation", "substation": "distribution", "voltage": "115000", "osm_id": "way/589062317", "gridlock_state": "GA"}}, {"type": "Feature", "geometry": {"type": "Point", "coordinates": [-84.2740065, 33.9343928]}, "properties": {"barrier": "fence", "name": "DeKalb Water Substation", "operator": "Georgia Power", "operator:wikidata": "Q5547666", "operator:wikipedia": "en:Georgia Power", "power": "substation", "substation": "industrial", "voltage": "115000", "osm_id": "way/589445978", "gridlock_state": "GA"}}, {"type": "Feature", "geometry": {"type": "Point", "coordinates": [-83.6799286, 33.6764948]}, "properties": {"barrier": "fence", "name": "Simon Solar Substation", "power": "substation", "substation": "generation", "voltage": "115000", "osm_id": "way/589480598", "gridlock_state": "GA"}}, {"type": "Feature", "geometry": {"type": "Point", "coordinates": [-84.9921736, 33.3583035]}, "properties": {"barrier": "fence", "frequency": "60", "name": "Hawk Road Substation", "operator": "Georgia Power", "operator:wikidata": "Q5547666", "power": "substation", "substation": "switching", "voltage": "500000", "osm_id": "way/595950275", "gridlock_state": "GA"}}, {"type": "Feature", "geometry": {"type": "Point", "coordinates": [-83.9291848, 33.8780193]}, "properties": {"barrier": "fence", "name": "Oak Grove Substation", "operator": "Georgia Power", "operator:wikidata": "Q5547666", "power": "substation", "substation": "distribution", "voltage": "115000", "osm_id": "way/600444467", "gridlock_state": "GA"}}, {"type": "Feature", "geometry": {"type": "Point", "coordinates": [-83.3955706, 34.8821438]}, "properties": {"barrier": "fence", "name": "Clayton Substation", "operator": "Georgia Power", "operator:wikidata": "Q5547666", "power": "substation", "substation": "distribution", "voltage": "115000", "osm_id": "way/601131723", "gridlock_state": "GA"}}, {"type": "Feature", "geometry": {"type": "Point", "coordinates": [-83.1703279, 35.2935858]}, "properties": {"barrier": "fence", "name": "South Cullowhee Substation", "operator": "Duke Energy", "operator:wikidata": "Q1264404", "power": "substation", "substation": "distribution", "voltage": "66000;13000", "osm_id": "way/601800183", "gridlock_state": ""}}, {"type": "Feature", "geometry": {"type": "Point", "coordinates": [-78.870619, 33.7730354]}, "properties": {"barrier": "fence", "name": "Burroughs Road Substation", "power": "substation", "substation": "distribution", "voltage": "115000", "osm_id": "way/603522903", "gridlock_state": "SC"}}, {"type": "Feature", "geometry": {"type": "Point", "coordinates": [-78.6965704, 33.8391915]}, "properties": {"barrier": "fence", "name": "Wampee Substation", "power": "substation", "substation": "distribution", "voltage": "115000", "osm_id": "way/605077054", "gridlock_state": "SC"}}, {"type": "Feature", "geometry": {"type": "Point", "coordinates": [-84.0928507, 31.5607177]}, "properties": {"barrier": "fence", "name": "Marine Corps Solar Substation", "operator": "Georgia Power", "operator:wikidata": "Q5547666", "operator:wikipedia": "en:Georgia Power", "power": "substation", "substation": "generation", "voltage": "115000", "osm_id": "way/605315625", "gridlock_state": "GA"}}, {"type": "Feature", "geometry": {"type": "Point", "coordinates": [-78.8869651, 33.7812511]}, "properties": {"barrier": "fence", "name": "Carolina Forest Substation", "power": "substation", "substation": "transmission", "voltage": "230000;115000", "osm_id": "way/605922392", "gridlock_state": "SC"}}, {"type": "Feature", "geometry": {"type": "Point", "coordinates": [-79.0520606, 33.659242]}, "properties": {"barrier": "fence", "name": "Island Green Substation", "power": "substation", "substation": "distribution", "voltage": "115000", "osm_id": "way/605922395", "gridlock_state": "SC"}}, {"type": "Feature", "geometry": {"type": "Point", "coordinates": [-78.9074773, 33.6765167]}, "properties": {"barrier": "fence", "name": "Hurl Rock Substation", "power": "substation", "substation": "distribution", "voltage": "115000", "osm_id": "way/605922396", "gridlock_state": "SC"}}, {"type": "Feature", "geometry": {"type": "Point", "coordinates": [-78.8935884, 33.6923398]}, "properties": {"barrier": "fence", "name": "Withers Swash Substation", "power": "substation", "substation": "distribution", "voltage": "115000", "osm_id": "way/605922397", "gridlock_state": "SC"}}, {"type": "Feature", "geometry": {"type": "Point", "coordinates": [-78.8400956, 33.7414119]}, "properties": {"barrier": "fence", "name": "Cane Patch Substation", "power": "substation", "substation": "distribution", "voltage": "115000", "osm_id": "way/605922400", "gridlock_state": "SC"}}, {"type": "Feature", "geometry": {"type": "Point", "coordinates": [-78.7391643, 33.8015955]}, "properties": {"barrier": "fence", "name": "Windy Hill Substation", "power": "substation", "substation": "distribution", "voltage": "115000", "osm_id": "way/605922401", "gridlock_state": "SC"}}, {"type": "Feature", "geometry": {"type": "Point", "coordinates": [-78.6702508, 33.8385391]}, "properties": {"barrier": "fence", "name": "Ocean Drive Substation", "power": "substation", "substation": "distribution", "voltage": "115000", "osm_id": "way/605922408", "gridlock_state": "SC"}}, {"type": "Feature", "geometry": {"type": "Point", "coordinates": [-78.6822424, 33.873545]}, "properties": {"barrier": "fence", "name": "Stephens Crossroads Substation", "power": "substation", "substation": "distribution", "voltage": "115000", "osm_id": "way/605922410", "gridlock_state": "SC"}}, {"type": "Feature", "geometry": {"type": "Point", "coordinates": [-78.943622, 33.721436]}, "properties": {"barrier": "fence", "name": "Burcale Road Substation", "power": "substation", "substation": "distribution", "voltage": "115000", "osm_id": "way/605953754", "gridlock_state": "SC"}}, {"type": "Feature", "geometry": {"type": "Point", "coordinates": [-83.9346289, 33.7980872]}, "properties": {"barrier": "fence", "name": "McCullers Road Substation", "power": "substation", "substation": "distribution", "voltage": "230000;12000", "osm_id": "way/606365604", "gridlock_state": "GA"}}, {"type": "Feature", "geometry": {"type": "Point", "coordinates": [-83.2026665, 33.5601121]}, "properties": {"barrier": "fence", "name": "Novelis Substation", "power": "substation", "substation": "industrial", "voltage": "115000", "osm_id": "way/606813796", "gridlock_state": "GA"}}, {"type": "Feature", "geometry": {"type": "Point", "coordinates": [-81.226912, 32.1077199]}, "properties": {"barrier": "fence", "name": "Coleman Substation", "operator": "Georgia Power", "operator:wikidata": "Q5547666", "operator:wikipedia": "en:Georgia Power", "power": "substation", "substation": "distribution", "voltage": "115000", "osm_id": "way/608270486", "gridlock_state": "GA"}}, {"type": "Feature", "geometry": {"type": "Point", "coordinates": [-83.5611353, 32.8383671]}, "properties": {"barrier": "fence", "name": "East Macon Substation", "operator": "Georgia Power", "operator:wikidata": "Q5547666", "operator:wikipedia": "en:Georgia Power", "power": "substation", "substation": "distribution", "voltage": "115000", "osm_id": "way/617608897", "gridlock_state": "GA"}}, {"type": "Feature", "geometry": {"type": "Point", "coordinates": [-84.1098824, 31.5567026]}, "properties": {"barrier": "fence", "name": "Albany Green Energy Switching Station", "operator": "Georgia Power", "operator:wikidata": "Q5547666", "operator:wikipedia": "en:Georgia Power", "power": "substation", "substation": "switching", "voltage": "115000", "osm_id": "way/617655955", "gridlock_state": "GA"}}, {"type": "Feature", "geometry": {"type": "Point", "coordinates": [-84.1204886, 31.5338282]}, "properties": {"barrier": "fence", "name": "Coats & Clark Substation", "operator": "Georgia Power", "operator:wikidata": "Q5547666", "operator:wikipedia": "en:Georgia Power", "power": "substation", "substation": "industrial", "voltage": "115000", "osm_id": "way/617655956", "gridlock_state": "GA"}}, {"type": "Feature", "geometry": {"type": "Point", "coordinates": [-82.8766811, 31.5330984]}, "properties": {"barrier": "fence", "name": "Douglas Switching Station", "operator": "Georgia Power", "operator:wikidata": "Q5547666", "operator:wikipedia": "en:Georgia Power", "power": "substation", "substation": "switching", "voltage": "230000", "osm_id": "way/617660017", "gridlock_state": "GA"}}, {"type": "Feature", "geometry": {"type": "Point", "coordinates": [-83.2924114, 31.7293346]}, "properties": {"barrier": "fence", "name": "Fitzgerald Substation", "power": "substation", "substation": "transmission", "voltage": "115000;46000", "osm_id": "way/617660021", "gridlock_state": "GA"}}, {"type": "Feature", "geometry": {"type": "Point", "coordinates": [-84.285842, 32.5681644]}, "properties": {"barrier": "fence", "name": "Butler Solar Substation", "power": "substation", "substation": "generation", "voltage": "230000", "osm_id": "way/617664722", "gridlock_state": "GA"}}, {"type": "Feature", "geometry": {"type": "Point", "coordinates": [-84.3102016, 32.5962124]}, "properties": {"barrier": "fence", "name": "Sand Hills Solar Substation", "power": "substation", "substation": "generation", "voltage": "230000", "osm_id": "way/617664725", "gridlock_state": "GA"}}, {"type": "Feature", "geometry": {"type": "Point", "coordinates": [-84.3122571, 32.5966532]}, "properties": {"barrier": "fence", "name": "Sandhills Solar Switching Station", "power": "substation", "substation": "switching", "voltage": "230000", "osm_id": "way/617664726", "gridlock_state": "GA"}}, {"type": "Feature", "geometry": {"type": "Point", "coordinates": [-85.3017453, 34.677907]}, "properties": {"barrier": "fence", "name": "Roper Substation", "operator": "North Georgia EMC", "power": "substation", "substation": "industrial", "voltage": "115000", "osm_id": "way/617713899", "gridlock_state": "GA"}}, {"type": "Feature", "geometry": {"type": "Point", "coordinates": [-81.4066399, 31.7407331]}, "properties": {"barrier": "fence", "name": "Interstate Paper Substation", "operator": "Georgia Power", "operator:wikidata": "Q5547666", "power": "substation", "substation": "industrial", "voltage": "115000;12000", "osm_id": "way/621564753", "gridlock_state": "GA"}}, {"type": "Feature", "geometry": {"type": "Point", "coordinates": [-80.3148096, 33.8800511]}, "properties": {"barrier": "fence", "name": "Continental Tire Substation", "power": "substation", "substation": "industrial", "voltage": "230000", "osm_id": "way/622705600", "gridlock_state": "SC"}}, {"type": "Feature", "geometry": {"type": "Point", "coordinates": [-81.8357172, 33.6400375]}, "properties": {"barrier": "fence", "name": "Bridgestone Substation #1", "power": "substation", "substation": "industrial", "voltage": "115000", "osm_id": "way/622775018", "gridlock_state": "SC"}}, {"type": "Feature", "geometry": {"type": "Point", "coordinates": [-81.8567156, 33.6258289]}, "properties": {"barrier": "fence", "name": "Bridgestone Substation #2", "power": "substation", "substation": "industrial", "voltage": "115000", "osm_id": "way/622775021", "gridlock_state": "SC"}}, {"type": "Feature", "geometry": {"type": "Point", "coordinates": [-80.103617, 32.9640835]}, "properties": {"barrier": "fence", "name": "Mercedes Substation", "power": "substation", "substation": "industrial", "voltage": "115000", "osm_id": "way/623128255", "gridlock_state": "SC"}}, {"type": "Feature", "geometry": {"type": "Point", "coordinates": [-84.5239434, 33.9102428]}, "properties": {"barrier": "fence", "name": "Georgia Tech Research Substation", "power": "substation", "substation": "industrial", "voltage": "46000;4000", "osm_id": "way/624105153", "gridlock_state": "GA"}}, {"type": "Feature", "geometry": {"type": "Point", "coordinates": [-82.050252, 34.2309882]}, "properties": {"barrier": "fence", "name": "Ascend Substation", "power": "substation", "substation": "industrial", "voltage": "100000", "osm_id": "way/625562804", "gridlock_state": "SC"}}, {"type": "Feature", "geometry": {"type": "Point", "coordinates": [-80.8418595, 33.4404007]}, "properties": {"barrier": "fence", "name": "Substation 20", "power": "substation", "substation": "distribution", "voltage": "115000", "osm_id": "way/625597147", "gridlock_state": "SC"}}, {"type": "Feature", "geometry": {"type": "Point", "coordinates": [-83.6180865, 32.8364457]}, "properties": {"barrier": "fence", "name": "North Macon Substation", "operator": "Georgia Power", "operator:wikidata": "Q5547666", "operator:wikipedia": "en:Georgia Power", "power": "substation", "substation": "distribution", "voltage": "115000", "osm_id": "way/626004162", "gridlock_state": "GA"}}, {"type": "Feature", "geometry": {"type": "Point", "coordinates": [-83.6538336, 32.7753222]}, "properties": {"barrier": "fence", "name": "Armstrong Substation", "operator": "Georgia Power", "operator:wikidata": "Q5547666", "operator:wikipedia": "en:Georgia Power", "power": "substation", "substation": "industrial", "voltage": "115000", "osm_id": "way/626004166", "gridlock_state": "GA"}}, {"type": "Feature", "geometry": {"type": "Point", "coordinates": [-85.3422627, 35.1232856]}, "properties": {"barrier": "fence", "name": "Signal Mountain Substation", "operator": "Electric Power Board of Chattanooga", "power": "substation", "start_date": "1958", "substation": "distribution", "voltage": "46000", "osm_id": "way/629294106", "gridlock_state": ""}}, {"type": "Feature", "geometry": {"type": "Point", "coordinates": [-83.7643797, 32.4597403]}, "properties": {"barrier": "fence", "name": "Gilmer Logistics Substation", "power": "substation", "substation": "industrial", "voltage": "115000", "osm_id": "way/632318056", "gridlock_state": "GA"}}, {"type": "Feature", "geometry": {"type": "Point", "coordinates": [-81.9888797, 32.8185509]}, "properties": {"barrier": "fence", "name": "Millen Primary Substation", "operator": "Georgia Power", "operator:wikidata": "Q5547666", "operator:wikipedia": "en:Georgia Power", "power": "substation", "substation": "distribution", "voltage": "115000", "osm_id": "way/636823099", "gridlock_state": "GA"}}, {"type": "Feature", "geometry": {"type": "Point", "coordinates": [-83.8359746, 33.6270419]}, "properties": {"barrier": "fence", "name": "Covington Airport Substation", "power": "substation", "substation": "distribution", "voltage": "115000", "osm_id": "way/637160423", "gridlock_state": "GA"}}, {"type": "Feature", "geometry": {"type": "Point", "coordinates": [-78.8655701, 35.0824968]}, "properties": {"name": "Fayetteville Water Substation", "operator": "Fayetteville Public Works", "power": "substation", "substation": "industrial", "voltage": "66000", "osm_id": "way/637374223", "gridlock_state": ""}}, {"type": "Feature", "geometry": {"type": "Point", "coordinates": [-78.8864018, 35.0491473]}, "properties": {"barrier": "fence", "name": "Williams Street Substation", "operator": "Fayetteville Public Works", "power": "substation", "substation": "distribution", "voltage": "66000", "osm_id": "way/637699272", "gridlock_state": ""}}, {"type": "Feature", "geometry": {"type": "Point", "coordinates": [-78.9341263, 35.0149975]}, "properties": {"barrier": "fence", "name": "Cumberland Road Substation", "operator": "Fayetteville Public Works", "power": "substation", "substation": "distribution", "voltage": "66000", "osm_id": "way/637699289", "gridlock_state": ""}}, {"type": "Feature", "geometry": {"type": "Point", "coordinates": [-85.3609101, 31.2271193]}, "properties": {"addr:city": "Dothan", "addr:housenumber": "2335", "addr:state": "AL", "addr:street": "East Burdeshaw Street", "barrier": "fence", "location": "outdoor", "name": "East Burdeshaw Substation", "operator": "Dothan Utilities", "power": "substation", "substation": "distribution", "voltage": "115000", "osm_id": "way/638560329", "gridlock_state": ""}}, {"type": "Feature", "geometry": {"type": "Point", "coordinates": [-85.3864023, 31.2257112]}, "properties": {"addr:city": "Dothan", "addr:housenumber": "515", "addr:state": "AL", "addr:street": "Monument Street", "barrier": "fence", "location": "outdoor", "name": "Monument Substation", "operator": "Dothan Utilities", "power": "substation", "substation": "distribution", "voltage": "115000", "osm_id": "way/638560331", "gridlock_state": ""}}, {"type": "Feature", "geometry": {"type": "Point", "coordinates": [-78.9404071, 34.9629409]}, "properties": {"barrier": "fence", "name": "Hope Mills Church Street 115kV Substation", "operator": "Duke Energy", "operator:wikidata": "Q1264404", "power": "substation", "substation": "distribution", "voltage": "115000", "osm_id": "way/646095146", "gridlock_state": ""}}, {"type": "Feature", "geometry": {"type": "Point", "coordinates": [-83.2771263, 33.3665893]}, "properties": {"barrier": "fence", "name": "Phoenix Substation", "power": "substation", "substation": "distribution", "voltage": "115000", "osm_id": "way/648584400", "gridlock_state": "GA"}}, {"type": "Feature", "geometry": {"type": "Point", "coordinates": [-83.3979212, 33.5949136]}, "properties": {"barrier": "fence", "name": "Smyrna Substation", "power": "substation", "substation": "distribution", "voltage": "115000", "osm_id": "way/648585864", "gridlock_state": "GA"}}, {"type": "Feature", "geometry": {"type": "Point", "coordinates": [-84.0840898, 34.9606641]}, "properties": {"barrier": "fence", "name": "Nottely Substation", "operator": "Tennessee Valley Authority", "operator:short": "TVA", "operator:wikidata": "Q1367577", "power": "substation", "substation": "distribution", "voltage": "69000", "osm_id": "way/652927599", "gridlock_state": "GA"}}, {"type": "Feature", "geometry": {"type": "Point", "coordinates": [-84.2846123, 34.8838831]}, "properties": {"barrier": "fence", "name": "Blue Ridge Dam Substation", "operator": "Tennessee Valley Authority", "operator:short": "TVA", "operator:wikidata": "Q1367577", "power": "substation", "substation": "distribution", "voltage": "69000", "osm_id": "way/652927602", "gridlock_state": "GA"}}, {"type": "Feature", "geometry": {"type": "Point", "coordinates": [-84.9041978, 33.4616412]}, "properties": {"barrier": "fence", "name": "Yates Common Substation", "operator": "Georgia Power", "operator:wikidata": "Q5547666", "power": "substation", "substation": "distribution", "voltage": "115000;46000", "osm_id": "way/652943491", "gridlock_state": "GA"}}, {"type": "Feature", "geometry": {"type": "Point", "coordinates": [-85.0920899, 32.6611294]}, "properties": {"barrier": "fence", "name": "Bartletts Ferry Dam Substation", "power": "substation", "substation": "generation", "voltage": "115000", "osm_id": "way/652943495", "gridlock_state": ""}}, {"type": "Feature", "geometry": {"type": "Point", "coordinates": [-84.9945306, 33.5123938]}, "properties": {"barrier": "fence", "name": "Clem Substation", "operator": "Caroll EMC", "power": "substation", "substation": "distribution", "voltage": "115000", "osm_id": "way/652954544", "gridlock_state": "GA"}}, {"type": "Feature", "geometry": {"type": "Point", "coordinates": [-83.7399508, 32.56338]}, "properties": {"barrier": "fence", "name": "Altman Road Substation", "operator": "Flint Energies", "power": "substation", "substation": "distribution", "voltage": "115000;12000", "osm_id": "way/652954546", "gridlock_state": "GA"}}, {"type": "Feature", "geometry": {"type": "Point", "coordinates": [-84.007174, 32.2907555]}, "properties": {"barrier": "fence", "name": "Montezuma Substation", "power": "substation", "substation": "distribution", "voltage": "115000", "osm_id": "way/652958037", "gridlock_state": "GA"}}, {"type": "Feature", "geometry": {"type": "Point", "coordinates": [-81.2277075, 33.9069458]}, "properties": {"barrier": "fence", "name": "Platt Springs Road", "operator": "South Carolina Gas & Electric", "power": "substation", "substation": "distribution", "voltage": "115000;23000", "osm_id": "way/653575354", "gridlock_state": "SC"}}, {"type": "Feature", "geometry": {"type": "Point", "coordinates": [-84.1338426, 31.4471208]}, "properties": {"barrier": "fence", "name": "Mitchell Substation (230kV)", "operator": "Georgia Power", "operator:wikidata": "Q5547666", "power": "substation", "substation": "transmission", "voltage": "230000;115000", "osm_id": "way/656743294", "gridlock_state": "GA"}}, {"type": "Feature", "geometry": {"type": "Point", "coordinates": [-82.6393537, 33.41366]}, "properties": {"barrier": "fence", "name": "Asama Coldwater Manufacturing Substation", "operator": "Georgia Power", "operator:wikidata": "Q5547666", "operator:wikipedia": "en:Georgia Power", "power": "substation", "substation": "industrial", "voltage": "115000;13800", "osm_id": "way/656857578", "gridlock_state": "GA"}}, {"type": "Feature", "geometry": {"type": "Point", "coordinates": [-80.8567418, 33.7318414]}, "properties": {"barrier": "fence", "name": "Hammonds Substation", "power": "substation", "substation": "distribution", "voltage": "115000", "osm_id": "way/658997037", "gridlock_state": "SC"}}, {"type": "Feature", "geometry": {"type": "Point", "coordinates": [-81.6564323, 30.3252671]}, "properties": {"barrier": "wall", "name": "Water Street Substation", "operator": "Jacksonville Electric Authority", "operator:short": "JEA", "operator:wikidata": "Q17068270", "power": "substation", "substation": "distribution", "voltage": "69000", "osm_id": "way/660275716", "gridlock_state": ""}}, {"type": "Feature", "geometry": {"type": "Point", "coordinates": [-83.4803236, 30.7853188]}, "properties": {"barrier": "fence", "name": "Langboard Substation", "operator": "Georgia Power", "operator:wikidata": "Q5547666", "power": "substation", "substation": "distribution", "voltage": "115000", "osm_id": "way/660604137", "gridlock_state": "GA"}}, {"type": "Feature", "geometry": {"type": "Point", "coordinates": [-84.7600848, 31.1534752]}, "properties": {"barrier": "fence", "name": "Spring Creek Switching Station", "power": "substation", "substation": "switching", "voltage": "115000", "website": "https://www.rd.usda.gov/files/UWP_GA110-GTC_SpringCreek_EA.pdf", "osm_id": "way/660604142", "gridlock_state": "GA"}}, {"type": "Feature", "geometry": {"type": "Point", "coordinates": [-84.7623029, 31.7664575]}, "properties": {"barrier": "fence", "name": "Cuthbert Primary Substation", "operator": "Georgia Power", "operator:wikidata": "Q5547666", "operator:wikipedia": "en:Georgia Power", "power": "substation", "substation": "distribution", "voltage": "115000", "osm_id": "way/660610683", "gridlock_state": "GA"}}, {"type": "Feature", "geometry": {"type": "Point", "coordinates": [-85.0651478, 31.6230898]}, "properties": {"barrier": "fence", "name": "George Dam Substation", "power": "substation", "substation": "generation", "voltage": "115000", "osm_id": "way/660610687", "gridlock_state": ""}}, {"type": "Feature", "geometry": {"type": "Point", "coordinates": [-82.1162379, 33.0388261]}, "properties": {"barrier": "fence", "name": "White Oak Solar Substation", "power": "substation", "start_date": "2016", "substation": "generation", "voltage": "230000", "osm_id": "way/662318941", "gridlock_state": "GA"}}, {"type": "Feature", "geometry": {"type": "Point", "coordinates": [-82.1154907, 33.0382708]}, "properties": {"barrier": "fence", "name": "White Oak Solar Switching Station", "power": "substation", "start_date": "2016", "substation": "switching", "voltage": "230000", "osm_id": "way/662318943", "gridlock_state": "GA"}}, {"type": "Feature", "geometry": {"type": "Point", "coordinates": [-83.9659339, 33.2851844]}, "properties": {"barrier": "fence", "name": "Jackson Substation", "operator": "Georgia Power", "operator:wikidata": "Q5547666", "operator:wikipedia": "en:Georgia Power", "power": "substation", "substation": "distribution", "voltage": "115000", "osm_id": "way/662379580", "gridlock_state": "GA"}}, {"type": "Feature", "geometry": {"type": "Point", "coordinates": [-83.50442, 32.927804]}, "properties": {"barrier": "fence", "name": "Nixon Substation #4", "operator": "Georgia Power", "operator:wikidata": "Q5547666", "operator:wikipedia": "en:Georgia Power", "power": "substation", "substation": "distribution", "voltage": "115000", "osm_id": "way/663591461", "gridlock_state": "GA"}}, {"type": "Feature", "geometry": {"type": "Point", "coordinates": [-81.8964882, 35.0064629]}, "properties": {"barrier": "fence", "name": "Peach Valley Tie Substation", "operator": "Duke Energy", "operator:wikidata": "Q1264404", "power": "substation", "substation": "transmission", "voltage": "230000;100000;44000", "osm_id": "way/664275625", "gridlock_state": "SC"}}, {"type": "Feature", "geometry": {"type": "Point", "coordinates": [-83.7784733, 32.8804057]}, "properties": {"barrier": "fence", "name": "Zebulon Road Substation", "operator": "Georgia Power", "operator:wikidata": "Q5547666", "operator:wikipedia": "en:Georgia Power", "power": "substation", "substation": "distribution", "voltage": "115000", "osm_id": "way/666515600", "gridlock_state": "GA"}}, {"type": "Feature", "geometry": {"type": "Point", "coordinates": [-81.089842, 33.9230274]}, "properties": {"barrier": "fence", "name": "Dixiana Substation", "operator": "South Carolina Gas & Electric", "power": "substation", "substation": "distribution", "voltage": "115000;24900", "osm_id": "way/668152069", "gridlock_state": "SC"}}, {"type": "Feature", "geometry": {"type": "Point", "coordinates": [-84.0693576, 34.0659914]}, "properties": {"barrier": "fence", "frequency": "60", "name": "Suwanee Substation", "operator": "Georgia Power", "operator:wikidata": "Q5547666", "power": "substation", "substation": "transmission", "voltage": "230000", "osm_id": "way/669039341", "gridlock_state": "GA"}}, {"type": "Feature", "geometry": {"type": "Point", "coordinates": [-78.8849819, 33.6955637]}, "properties": {"barrier": "fence", "name": "Oil Engine Substation", "power": "substation", "substation": "distribution", "voltage": "115000;12000", "osm_id": "way/670759533", "gridlock_state": "SC"}}, {"type": "Feature", "geometry": {"type": "Point", "coordinates": [-81.79927, 32.4767115]}, "properties": {"barrier": "fence", "name": "North Statesboro Substation", "operator": "Georgia Power", "operator:wikidata": "Q5547666", "operator:wikipedia": "en:Georgia Power", "power": "substation", "substation": "distribution", "voltage": "115000", "osm_id": "way/671335648", "gridlock_state": "GA"}}, {"type": "Feature", "geometry": {"type": "Point", "coordinates": [-84.1753104, 34.0937074]}, "properties": {"barrier": "fence", "name": "Brookwood Substation", "operator": "Georgia Power", "operator:wikidata": "Q5547666", "operator:wikipedia": "en:Georgia Power", "power": "substation", "substation": "distribution", "voltage": "115000", "osm_id": "way/673604183", "gridlock_state": "GA"}}, {"type": "Feature", "geometry": {"type": "Point", "coordinates": [-83.343874, 32.396606]}, "properties": {"barrier": "fence", "name": "Cochran Substation", "power": "substation", "substation": "distribution", "voltage": "115000", "osm_id": "way/675048270", "gridlock_state": "GA"}}, {"type": "Feature", "geometry": {"type": "Point", "coordinates": [-84.1722036, 34.1281275]}, "properties": {"barrier": "fence", "name": "Sharon Springs Substation", "operator": "Georgia Power", "operator:wikidata": "Q5547666", "power": "substation", "substation": "transmission", "voltage": "230000", "osm_id": "way/676294382", "gridlock_state": "GA"}}, {"type": "Feature", "geometry": {"type": "Point", "coordinates": [-82.18843, 33.4577703]}, "properties": {"barrier": "fence", "name": "Georgia Iron Works Substation", "operator": "Georgia Power", "operator:wikidata": "Q5547666", "operator:wikipedia": "en:Georgia Power", "power": "substation", "substation": "industrial", "voltage": "115000;12000", "osm_id": "way/677884699", "gridlock_state": "GA"}}, {"type": "Feature", "geometry": {"type": "Point", "coordinates": [-84.4303855, 31.7575924]}, "properties": {"barrier": "fence", "name": "Dawson Substation", "power": "substation", "substation": "distribution", "voltage": "115000", "osm_id": "way/682330140", "gridlock_state": "GA"}}, {"type": "Feature", "geometry": {"type": "Point", "coordinates": [-83.8295054, 34.2824566]}, "properties": {"barrier": "fence", "name": "South Gainesville Substation", "operator": "Georgia Power", "operator:wikidata": "Q5547666", "operator:wikipedia": "en:Georgia Power", "power": "substation", "substation": "distribution", "voltage": "115000;46000;12000", "osm_id": "way/682561308", "gridlock_state": "GA"}}, {"type": "Feature", "geometry": {"type": "Point", "coordinates": [-83.8708399, 34.2654807]}, "properties": {"barrier": "fence", "name": "Oakwood Substation", "operator": "Georgia Power", "operator:wikidata": "Q5547666", "operator:wikipedia": "en:Georgia Power", "power": "substation", "substation": "distribution", "voltage": "115000;25000;12000", "osm_id": "way/682562437", "gridlock_state": "GA"}}, {"type": "Feature", "geometry": {"type": "Point", "coordinates": [-85.1112382, 33.6131562]}, "properties": {"barrier": "fence", "name": "Buck Creek Substation", "operator": "Georgia Power", "operator:wikidata": "Q5547666", "operator:wikipedia": "en:Georgia Power", "power": "substation", "substation": "distribution", "voltage": "115000", "osm_id": "way/684405611", "gridlock_state": "GA"}}, {"type": "Feature", "geometry": {"type": "Point", "coordinates": [-83.1824707, 30.3701853]}, "properties": {"barrier": "fence", "name": "Suwannee River Plant Substation", "power": "substation", "substation": "transmission", "voltage": "230000;115000", "osm_id": "way/684629357", "gridlock_state": ""}}, {"type": "Feature", "geometry": {"type": "Point", "coordinates": [-83.5896513, 32.622831]}, "properties": {"barrier": "fence", "name": "Robins AFB Substation", "operator": "Georgia Power", "operator:wikidata": "Q5547666", "operator:wikipedia": "en:Georgia Power", "power": "substation", "substation": "distribution", "voltage": "115000;12000", "osm_id": "way/685624346", "gridlock_state": "GA"}}, {"type": "Feature", "geometry": {"type": "Point", "coordinates": [-79.0498061, 33.8897515]}, "properties": {"barrier": "fence", "name": "Homewood Substation", "power": "substation", "substation": "distribution", "voltage": "115000", "osm_id": "way/686429265", "gridlock_state": "SC"}}, {"type": "Feature", "geometry": {"type": "Point", "coordinates": [-81.9005628, 34.4529541]}, "properties": {"barrier": "fence", "name": "Clinton Substation", "power": "substation", "substation": "transmission", "voltage": "100000", "osm_id": "way/692638562", "gridlock_state": "SC"}}, {"type": "Feature", "geometry": {"type": "Point", "coordinates": [-81.3293523, 34.2615997]}, "properties": {"barrier": "fence", "name": "Parr Hydro Substation", "power": "substation", "substation": "distribution", "voltage": "115000", "osm_id": "way/693429442", "gridlock_state": "SC"}}, {"type": "Feature", "geometry": {"type": "Point", "coordinates": [-84.5753161, 33.3709587]}, "properties": {"barrier": "fence", "name": "Dividend Road Substation", "operator": "Georgia Power", "operator:wikidata": "Q5547666", "power": "substation", "substation": "distribution", "voltage": "115000;12000", "osm_id": "way/694160538", "gridlock_state": "GA"}}, {"type": "Feature", "geometry": {"type": "Point", "coordinates": [-84.7858619, 34.937543]}, "properties": {"barrier": "fence", "name": "Gregory Mill Substation", "operator": "North Georgia EMC", "power": "substation", "substation": "distribution", "voltage": "115000", "osm_id": "way/696797468", "gridlock_state": "GA"}}, {"type": "Feature", "geometry": {"type": "Point", "coordinates": [-80.3539332, 32.7152773]}, "properties": {"barrier": "fence", "name": "Adams Run Substation", "power": "substation", "substation": "distribution", "voltage": "115000", "osm_id": "way/697675375", "gridlock_state": "SC"}}, {"type": "Feature", "geometry": {"type": "Point", "coordinates": [-84.3857643, 34.2169889]}, "properties": {"barrier": "fence", "name": "Avery Substation", "operator": "Georgia Power", "operator:wikidata": "Q5547666", "operator:wikipedia": "en:Georgia Power", "power": "substation", "substation": "distribution", "voltage": "115000", "osm_id": "way/700215120", "gridlock_state": "GA"}}, {"type": "Feature", "geometry": {"type": "Point", "coordinates": [-83.6216189, 32.6266653]}, "properties": {"barrier": "fence", "name": "North Warner Robins Substation", "operator": "Flint Energies", "power": "substation", "ref": "North #08", "substation": "minor_distribution", "voltage": "115000;12000", "osm_id": "way/703244135", "gridlock_state": "GA"}}, {"type": "Feature", "geometry": {"type": "Point", "coordinates": [-85.1413175, 33.7025706]}, "properties": {"barrier": "fence", "name": "Plantation Pipeline Substation", "operator": "Georgia Power", "operator:wikidata": "Q5547666", "power": "substation", "substation": "industrial", "voltage": "115000", "osm_id": "way/705857956", "gridlock_state": "GA"}}, {"type": "Feature", "geometry": {"type": "Point", "coordinates": [-85.0705483, 35.1698014]}, "properties": {"barrier": "fence", "name": "Wolftever Substation", "operator": "Volunteer Energy Cooperative", "power": "substation", "start_date": "2004", "substation": "distribution", "voltage": "161000", "osm_id": "way/707969543", "gridlock_state": ""}}, {"type": "Feature", "geometry": {"type": "Point", "coordinates": [-81.8302153, 30.8103007]}, "properties": {"barrier": "fence", "name": "Greenville Substation", "power": "substation", "substation": "distribution", "voltage": "115000", "osm_id": "way/710570191", "gridlock_state": "GA"}}, {"type": "Feature", "geometry": {"type": "Point", "coordinates": [-83.5138448, 31.5736781]}, "properties": {"barrier": "fence", "name": "Waterloo Substation", "operator": "Georgia Power", "operator:wikidata": "Q5547666", "operator:wikipedia": "en:Georgia Power", "power": "substation", "substation": "distribution", "voltage": "46000;12000", "osm_id": "way/714381770", "gridlock_state": "GA"}}, {"type": "Feature", "geometry": {"type": "Point", "coordinates": [-83.3320016, 33.9777767]}, "properties": {"barrier": "fence", "name": "Certainteed Substation", "operator": "Georgia Power", "operator:wikidata": "Q5547666", "operator:wikipedia": "en:Georgia Power", "power": "substation", "substation": "distribution", "voltage": "115000;25000;12000", "osm_id": "way/715620429", "gridlock_state": "GA"}}, {"type": "Feature", "geometry": {"type": "Point", "coordinates": [-83.5475746, 31.556908]}, "properties": {"barrier": "fence", "name": "Chula Substation", "operator": "Georgia Power", "operator:wikidata": "Q5547666", "operator:wikipedia": "en:Georgia Power", "power": "substation", "substation": "distribution", "voltage": "46000;12000", "osm_id": "way/717380167", "gridlock_state": "GA"}}, {"type": "Feature", "geometry": {"type": "Point", "coordinates": [-83.2262255, 31.7133299]}, "properties": {"barrier": "fence", "name": "Polar Beverages Substation", "power": "substation", "substation": "industrial", "voltage": "115000", "osm_id": "way/719650899", "gridlock_state": "GA"}}, {"type": "Feature", "geometry": {"type": "Point", "coordinates": [-83.7987347, 31.9629325]}, "properties": {"barrier": "fence", "name": "West Fraser Substation", "power": "substation", "substation": "industrial", "voltage": "115000", "osm_id": "way/722545829", "gridlock_state": "GA"}}, {"type": "Feature", "geometry": {"type": "Point", "coordinates": [-80.9417682, 33.4878837]}, "properties": {"barrier": "fence", "name": "Poplar Spring Substation", "power": "substation", "substation": "distribution", "voltage": "115000", "osm_id": "way/722704902", "gridlock_state": "SC"}}, {"type": "Feature", "geometry": {"type": "Point", "coordinates": [-80.8889142, 33.4595436]}, "properties": {"barrier": "fence", "name": "Orangeburg Primary Substation", "operator": "South Carolina Gas & Electric", "power": "substation", "substation": "transmission", "voltage": "230000;115000;69000", "osm_id": "way/722704907", "gridlock_state": "SC"}}, {"type": "Feature", "geometry": {"type": "Point", "coordinates": [-83.2881776, 30.8061535]}, "properties": {"barrier": "fence", "name": "Azalea Park Substation", "operator": "Colquitt EMC", "power": "substation", "substation": "distribution", "voltage": "115000", "osm_id": "way/722727347", "gridlock_state": "GA"}}, {"type": "Feature", "geometry": {"type": "Point", "coordinates": [-83.2286664, 32.8491091]}, "properties": {"barrier": "fence", "name": "Engelhard Substation", "operator": "Georgia Power", "operator:wikidata": "Q5547666", "operator:wikipedia": "en:Georgia Power", "power": "substation", "substation": "industrial", "voltage": "115000", "osm_id": "way/722757825", "gridlock_state": "GA"}}, {"type": "Feature", "geometry": {"type": "Point", "coordinates": [-82.6768678, 31.9251852]}, "properties": {"barrier": "fence", "name": "Lumber City Substation", "operator": "Georgia Power", "operator:wikidata": "Q5547666", "operator:wikipedia": "en:Georgia Power", "power": "substation", "substation": "distribution", "voltage": "46000;12000", "osm_id": "way/725814049", "gridlock_state": "GA"}}, {"type": "Feature", "geometry": {"type": "Point", "coordinates": [-84.994907, 34.6596872]}, "properties": {"barrier": "fence", "name": "Engineered Floors Substation", "power": "substation", "substation": "industrial", "voltage": "115000", "osm_id": "way/727897559", "gridlock_state": "GA"}}, {"type": "Feature", "geometry": {"type": "Point", "coordinates": [-83.9908944, 33.6612419]}, "properties": {"barrier": "fence", "name": "Pratt Industries Substation", "power": "substation", "substation": "industrial", "voltage": "115000", "osm_id": "way/728895693", "gridlock_state": "GA"}}, {"type": "Feature", "geometry": {"type": "Point", "coordinates": [-84.2664792, 32.9465641]}, "properties": {"barrier": "fence", "name": "Thomaston #3 Substation", "operator": "Georgia Power", "operator:wikidata": "Q5547666", "operator:wikipedia": "en:Georgia Power", "power": "substation", "substation": "industrial", "voltage": "115000", "osm_id": "way/729075834", "gridlock_state": "GA"}}, {"type": "Feature", "geometry": {"type": "Point", "coordinates": [-84.2515587, 32.9606938]}, "properties": {"barrier": "fence", "name": "The Rock Substation", "operator": "Georgia Power", "operator:wikidata": "Q5547666", "operator:wikipedia": "en:Georgia Power", "power": "substation", "substation": "distribution", "voltage": "230000;25000", "osm_id": "way/729075835", "gridlock_state": "GA"}}, {"type": "Feature", "geometry": {"type": "Point", "coordinates": [-80.6922802, 33.3514352]}, "properties": {"barrier": "fence", "name": "Bowman Substation", "power": "substation", "substation": "distribution", "voltage": "115000", "osm_id": "way/730064630", "gridlock_state": "SC"}}, {"type": "Feature", "geometry": {"type": "Point", "coordinates": [-81.8841398, 31.5797568]}, "properties": {"barrier": "fence", "name": "Satilla Substation", "operator": "Georgia Power", "operator:wikidata": "Q5547666", "power": "substation", "substation": "distribution", "voltage": "115000", "osm_id": "way/730172670", "gridlock_state": "GA"}}, {"type": "Feature", "geometry": {"type": "Point", "coordinates": [-81.899016, 31.6292066]}, "properties": {"barrier": "fence", "name": "North Jesup Substation", "operator": "Georgia Power", "operator:wikidata": "Q5547666", "power": "substation", "substation": "distribution", "voltage": "115000", "osm_id": "way/730172673", "gridlock_state": "GA"}}, {"type": "Feature", "geometry": {"type": "Point", "coordinates": [-81.9346049, 31.6340775]}, "properties": {"barrier": "fence", "name": "Tank Road Substation", "operator": "Georgia Power", "operator:wikidata": "Q5547666", "power": "substation", "substation": "distribution", "voltage": "115000", "osm_id": "way/730172675", "gridlock_state": "GA"}}, {"type": "Feature", "geometry": {"type": "Point", "coordinates": [-83.4021255, 34.9428421]}, "properties": {"barrier": "fence", "name": "Parkdale Mills Substation", "power": "substation", "substation": "industrial", "voltage": "115000", "osm_id": "way/730325460", "gridlock_state": "GA"}}, {"type": "Feature", "geometry": {"type": "Point", "coordinates": [-83.3772927, 34.9537685]}, "properties": {"barrier": "fence", "name": "Multitrade Rabun Gap Substation", "power": "substation", "substation": "generation", "voltage": "115000", "osm_id": "way/730325464", "gridlock_state": "GA"}}, {"type": "Feature", "geometry": {"type": "Point", "coordinates": [-81.6399371, 35.0738261]}, "properties": {"barrier": "fence", "name": "Lower Willow Street Substation", "power": "substation", "substation": "switching", "voltage": "23000", "osm_id": "way/730331478", "gridlock_state": "SC"}}, {"type": "Feature", "geometry": {"type": "Point", "coordinates": [-81.6406146, 35.0737789]}, "properties": {"barrier": "fence", "name": "Gaffney City Delivery Substation 1A/1B", "operator": "Duke Energy", "operator:wikidata": "Q1264404", "power": "substation", "substation": "distribution", "voltage": "100000;23000", "osm_id": "way/730331479", "gridlock_state": "SC"}}, {"type": "Feature", "geometry": {"type": "Point", "coordinates": [-85.2203303, 34.0462751]}, "properties": {"barrier": "fence", "name": "Burkhalter Road Substation", "operator": "Georgia Power", "operator:wikidata": "Q5547666", "power": "substation", "substation": "distribution", "voltage": "115000", "osm_id": "way/730415543", "gridlock_state": "GA"}}, {"type": "Feature", "geometry": {"type": "Point", "coordinates": [-80.783215, 34.7085512]}, "properties": {"barrier": "fence", "name": "Lancaster Mn Substation", "operator": "Duke Energy", "operator:wikidata": "Q1264404", "power": "substation", "substation": "transmission", "voltage": "100000;44000", "osm_id": "way/731211721", "gridlock_state": "SC"}}, {"type": "Feature", "geometry": {"type": "Point", "coordinates": [-80.8927437, 34.6001877]}, "properties": {"barrier": "fence", "name": "Fishing Creek Dam Substation", "operator": "Duke Energy", "operator:wikidata": "Q1264404", "power": "substation", "substation": "generation", "voltage": "100000", "osm_id": "way/731216368", "gridlock_state": "SC"}}, {"type": "Feature", "geometry": {"type": "Point", "coordinates": [-84.9582483, 34.4982628]}, "properties": {"barrier": "fence", "name": "Calhoun Substation #2", "operator": "MEAG", "power": "substation", "substation": "distribution", "voltage": "115000", "osm_id": "way/731725892", "gridlock_state": "GA"}}, {"type": "Feature", "geometry": {"type": "Point", "coordinates": [-83.6461674, 32.7444719]}, "properties": {"barrier": "fence", "name": "Kumho Tire Substation", "power": "substation", "substation": "industrial", "voltage": "115000", "osm_id": "way/732794454", "gridlock_state": "GA"}}, {"type": "Feature", "geometry": {"type": "Point", "coordinates": [-84.0914933, 31.5916387]}, "properties": {"barrier": "fence", "name": "Miller Brewing Substation", "operator": "Georgia Power", "operator:wikidata": "Q5547666", "operator:wikipedia": "en:Georgia Power", "power": "substation", "substation": "industrial", "voltage": "115000", "osm_id": "way/733146081", "gridlock_state": "GA"}}, {"type": "Feature", "geometry": {"type": "Point", "coordinates": [-84.6188063, 30.9859003]}, "properties": {"barrier": "fence", "name": "Decatur County Industrial Substation", "operator": "Georgia Power", "operator:wikidata": "Q5547666", "power": "substation", "substation": "distribution", "voltage": "115000;12470", "osm_id": "way/736483547", "gridlock_state": "GA"}}, {"type": "Feature", "geometry": {"type": "Point", "coordinates": [-81.7583356, 32.9828319]}, "properties": {"barrier": "fence", "name": "Sardis Substation", "operator": "Georgia Power", "operator:wikidata": "Q5547666", "operator:wikipedia": "en:Georgia Power", "power": "substation", "substation": "distribution", "voltage": "115000", "osm_id": "way/736912376", "gridlock_state": "GA"}}, {"type": "Feature", "geometry": {"type": "Point", "coordinates": [-83.7834108, 30.8057688]}, "properties": {"barrier": "fence", "name": "Boston Substation", "operator": "Georgia Power", "operator:wikidata": "Q5547666", "power": "substation", "ref": "188", "substation": "distribution", "voltage": "69000;12470", "osm_id": "way/739649523", "gridlock_state": "GA"}}, {"type": "Feature", "geometry": {"type": "Point", "coordinates": [-83.8493812, 30.8134149]}, "properties": {"barrier": "fence", "name": "Eason Substation", "operator": "Georgia Transmission Corporation", "power": "substation", "substation": "distribution", "voltage": "69000", "osm_id": "way/739649529", "gridlock_state": "GA"}}, {"type": "Feature", "geometry": {"type": "Point", "coordinates": [-83.0541755, 34.7406783]}, "properties": {"barrier": "fence", "name": "Walhalla Tie Substation", "operator": "Duke Energy", "operator:wikidata": "Q1264404", "power": "substation", "substation": "transmission", "voltage": "100000;44000", "osm_id": "way/740407823", "gridlock_state": "SC"}}, {"type": "Feature", "geometry": {"type": "Point", "coordinates": [-83.0856849, 34.6695361]}, "properties": {"barrier": "fence", "name": "Westminster Substation", "operator": "Duke Energy", "operator:wikidata": "Q1264404", "power": "substation", "substation": "transmission", "voltage": "100000;44000", "osm_id": "way/740407830", "gridlock_state": "SC"}}, {"type": "Feature", "geometry": {"type": "Point", "coordinates": [-83.2543359, 30.846057]}, "properties": {"barrier": "fence", "name": "East Valdosta Substation", "operator": "Georgia Power", "operator:wikidata": "Q5547666", "operator:wikipedia": "en:Georgia Power", "power": "substation", "substation": "distribution", "voltage": "115000;12000", "osm_id": "way/740574499", "gridlock_state": "GA"}}, {"type": "Feature", "geometry": {"type": "Point", "coordinates": [-85.5585248, 32.6643163]}, "properties": {"barrier": "fence", "name": "Auburn", "power": "substation", "voltage": "115000", "osm_id": "way/742345156", "gridlock_state": ""}}, {"type": "Feature", "geometry": {"type": "Point", "coordinates": [-83.8748015, 33.2795967]}, "properties": {"barrier": "fence", "name": "Dixie Pipeline Substation", "power": "substation", "substation": "industrial", "voltage": "25000", "osm_id": "way/742744002", "gridlock_state": "GA"}}, {"type": "Feature", "geometry": {"type": "Point", "coordinates": [-83.4421977, 34.1839275]}, "properties": {"barrier": "fence", "name": "Commerce Substation #4", "operator": "Georgia Power", "operator:wikidata": "Q5547666", "operator:wikipedia": "en:Georgia Power", "power": "substation", "substation": "distribution", "voltage": "115000", "osm_id": "way/744603767", "gridlock_state": "GA"}}, {"type": "Feature", "geometry": {"type": "Point", "coordinates": [-83.568171, 34.0941788]}, "properties": {"barrier": "fence", "name": "Buhler Substation", "operator": "Georgia Power", "operator:wikidata": "Q5547666", "operator:wikipedia": "en:Georgia Power", "power": "substation", "substation": "industrial", "voltage": "115000", "osm_id": "way/744608349", "gridlock_state": "GA"}}, {"type": "Feature", "geometry": {"type": "Point", "coordinates": [-83.5789427, 34.1300661]}, "properties": {"barrier": "fence", "name": "North Jefferson Substation", "operator": "Georgia Power", "operator:wikidata": "Q5547666", "operator:wikipedia": "en:Georgia Power", "power": "substation", "substation": "distribution", "voltage": "115000", "osm_id": "way/744608351", "gridlock_state": "GA"}}, {"type": "Feature", "geometry": {"type": "Point", "coordinates": [-81.0078956, 35.024023]}, "properties": {"barrier": "fence", "name": "Wylie Hydro Substation", "operator": "Duke Energy", "operator:wikidata": "Q1264404", "power": "substation", "substation": "transmission", "voltage": "100000", "osm_id": "way/746615796", "gridlock_state": "SC"}}, {"type": "Feature", "geometry": {"type": "Point", "coordinates": [-82.0199068, 33.0894337]}, "properties": {"barrier": "fence", "name": "Waynesboro Substation", "operator": "Georgia Power", "operator:wikidata": "Q5547666", "operator:wikipedia": "en:Georgia Power", "power": "substation", "substation": "distribution", "voltage": "115000", "osm_id": "way/749962144", "gridlock_state": "GA"}}, {"type": "Feature", "geometry": {"type": "Point", "coordinates": [-79.8778133, 34.9838533]}, "properties": {"barrier": "fence", "name": "Blewett Hydro Substation", "operator": "Duke Energy Progress", "operator:wikidata": "Q1264404", "power": "substation", "substation": "switching", "voltage": "115000", "osm_id": "way/755178315", "gridlock_state": ""}}, {"type": "Feature", "geometry": {"type": "Point", "coordinates": [-83.5595027, 32.3951425]}, "properties": {"barrier": "fence", "name": "Houston County Landfill Substation", "power": "substation", "substation": "distribution", "voltage": "115000", "osm_id": "way/758180621", "gridlock_state": "GA"}}, {"type": "Feature", "geometry": {"type": "Point", "coordinates": [-79.9501193, 34.8266458]}, "properties": {"barrier": "fence", "name": "Innovativs Solar Substation", "power": "substation", "start_date": "2017", "substation": "generation", "voltage": "115000", "osm_id": "way/758452670", "gridlock_state": ""}}, {"type": "Feature", "geometry": {"type": "Point", "coordinates": [-85.0780302, 34.9036428]}, "properties": {"barrier": "fence", "name": "Stone Church Substation", "power": "substation", "substation": "distribution", "voltage": "115000", "osm_id": "way/759732776", "gridlock_state": "GA"}}, {"type": "Feature", "geometry": {"type": "Point", "coordinates": [-81.3056047, 31.9168289]}, "properties": {"barrier": "fence", "name": "Sterling Creek Substation", "power": "substation", "substation": "distribution", "voltage": "115000", "osm_id": "way/761321872", "gridlock_state": "GA"}}, {"type": "Feature", "geometry": {"type": "Point", "coordinates": [-82.767595, 33.3036612]}, "properties": {"barrier": "fence", "name": "Jewell Substation", "operator": "Georgia Power", "operator:wikidata": "Q5547666", "operator:wikipedia": "en:Georgia Power", "power": "substation", "substation": "distribution", "voltage": "46000;12000", "osm_id": "way/761324116", "gridlock_state": "GA"}}, {"type": "Feature", "geometry": {"type": "Point", "coordinates": [-82.5029455, 33.529303]}, "properties": {"barrier": "fence", "name": "Milliken Substation", "operator": "Georgia Power", "operator:wikidata": "Q5547666", "operator:wikipedia": "en:Georgia Power", "power": "substation", "substation": "industrial", "voltage": "115000;4000", "osm_id": "way/761328502", "gridlock_state": "GA"}}, {"type": "Feature", "geometry": {"type": "Point", "coordinates": [-83.2040795, 33.1398882]}, "properties": {"barrier": "fence", "name": "Sinclair Dam Hydro Substation", "operator": "Georgia Power", "operator:wikidata": "Q5547666", "operator:wikipedia": "en:Georgia Power", "power": "substation", "substation": "generation", "voltage": "6600;115000", "osm_id": "way/761328510", "gridlock_state": "GA"}}, {"type": "Feature", "geometry": {"type": "Point", "coordinates": [-82.9417305, 30.5092898]}, "properties": {"barrier": "fence", "name": "Jasper Substation", "operator": "Duke Energy", "operator:wikidata": "Q1264404", "power": "substation", "substation": "transmission", "voltage": "115000", "osm_id": "way/761871874", "gridlock_state": ""}}, {"type": "Feature", "geometry": {"type": "Point", "coordinates": [-84.3909302, 32.0349888]}, "properties": {"barrier": "fence", "name": "Plains Substation", "power": "substation", "substation": "distribution", "voltage": "46000", "osm_id": "way/762090227", "gridlock_state": "GA"}}, {"type": "Feature", "geometry": {"type": "Point", "coordinates": [-79.303441, 33.3689884]}, "properties": {"barrier": "fence", "name": "International Paper Substation", "power": "substation", "substation": "industrial", "voltage": "34500", "osm_id": "way/764677803", "gridlock_state": "SC"}}, {"type": "Feature", "geometry": {"type": "Point", "coordinates": [-81.6982546, 35.2954804]}, "properties": {"barrier": "fence", "name": "Mooresboro Ret Substation", "operator": "Duke Energy", "operator:wikidata": "Q1264404", "power": "substation", "substation": "distribution", "voltage": "44000;13000", "osm_id": "way/765229246", "gridlock_state": ""}}, {"type": "Feature", "geometry": {"type": "Point", "coordinates": [-81.4243347, 32.3167645]}, "properties": {"barrier": "fence", "name": "Guyton Substation", "operator": "Georgia Power", "operator:wikidata": "Q5547666", "operator:wikipedia": "en:Georgia Power", "power": "substation", "substation": "distribution", "voltage": "115000", "osm_id": "way/765821585", "gridlock_state": "GA"}}, {"type": "Feature", "geometry": {"type": "Point", "coordinates": [-85.6616691, 35.0518843]}, "properties": {"barrier": "fence", "location": "outdoor", "name": "Kimball Substation", "operator": "Sequachee Valley Electric Cooperative", "power": "substation", "start_date": "1983", "substation": "distribution", "voltage": "46000;24940", "osm_id": "way/767683056", "gridlock_state": ""}}, {"type": "Feature", "geometry": {"type": "Point", "coordinates": [-85.519682, 35.2087038]}, "properties": {"barrier": "fence", "location": "outdoor", "name": "Whitwell Substation", "operator": "Sequachee Valley Electric Cooperative", "power": "substation", "substation": "distribution", "voltage": "46000", "osm_id": "way/767686372", "gridlock_state": ""}}, {"type": "Feature", "geometry": {"type": "Point", "coordinates": [-83.2074434, 32.2202907]}, "properties": {"barrier": "fence", "name": "Rayonier Substation", "power": "substation", "substation": "industrial", "voltage": "115000", "osm_id": "way/767714514", "gridlock_state": "GA"}}, {"type": "Feature", "geometry": {"type": "Point", "coordinates": [-85.5730067, 30.5397512]}, "properties": {"barrier": "fence", "name": "Sunny Hills Substation", "power": "substation", "substation": "distribution", "voltage": "115000;25000", "osm_id": "way/769806851", "gridlock_state": ""}}, {"type": "Feature", "geometry": {"type": "Point", "coordinates": [-78.7958947, 34.7308782]}, "properties": {"barrier": "fence", "name": "Tar Heel Substation", "operator": "Four County EMC", "operator:wikidata": "Q114366906", "power": "substation", "substation": "distribution", "voltage": "69000", "osm_id": "way/770529173", "gridlock_state": ""}}, {"type": "Feature", "geometry": {"type": "Point", "coordinates": [-85.5362488, 30.9705936]}, "properties": {"barrier": "fence", "frequency": "60", "location": "outdoor", "name": "Graceville Substation", "operator": "Florida Power & Light", "operator:wikidata": "Q1430055", "power": "substation", "substation": "transmission", "voltage": "230000;115000;12000", "osm_id": "way/771107902", "gridlock_state": ""}}, {"type": "Feature", "geometry": {"type": "Point", "coordinates": [-85.1702231, 34.9609995]}, "properties": {"barrier": "fence", "name": "Catoosa Substation", "operator": "North Georgia EMC", "power": "substation", "substation": "distribution", "voltage": "161000", "osm_id": "way/775863380", "gridlock_state": "GA"}}, {"type": "Feature", "geometry": {"type": "Point", "coordinates": [-84.9774134, 33.6366015]}, "properties": {"barrier": "fence", "name": "Sand Hill Substation", "power": "substation", "substation": "distribution", "voltage": "115000", "osm_id": "way/775865419", "gridlock_state": "GA"}}, {"type": "Feature", "geometry": {"type": "Point", "coordinates": [-80.1346736, 35.2310242]}, "properties": {"barrier": "fence", "name": "Norwood Substation", "power": "substation", "substation": "distribution", "voltage": "100000", "osm_id": "way/778834939", "gridlock_state": ""}}, {"type": "Feature", "geometry": {"type": "Point", "coordinates": [-84.3772427, 30.3907541]}, "properties": {"barrier": "fence", "name": "Tallahassee Airport Solar Substation", "power": "substation", "start_date": "2019", "substation": "generation", "voltage": "230000", "osm_id": "way/784691433", "gridlock_state": ""}}, {"type": "Feature", "geometry": {"type": "Point", "coordinates": [-84.9296272, 31.3943266]}, "properties": {"barrier": "fence", "name": "Blakely Substation", "operator": "Municipal Electric Authority of Georgia", "power": "substation", "substation": "distribution", "voltage": "115000", "osm_id": "way/788588051", "gridlock_state": "GA"}}, {"type": "Feature", "geometry": {"type": "Point", "coordinates": [-83.0443343, 31.3280691]}, "properties": {"barrier": "fence", "name": "Willachoochee Substation", "operator": "Georgia Power", "operator:wikidata": "Q5547666", "operator:wikipedia": "en:Georgia Power", "power": "substation", "substation": "distribution", "voltage": "115000", "osm_id": "way/791660634", "gridlock_state": "GA"}}, {"type": "Feature", "geometry": {"type": "Point", "coordinates": [-84.9976908, 33.838341]}, "properties": {"barrier": "fence", "name": "Union Substation", "power": "substation", "substation": "distribution", "voltage": "115000", "osm_id": "way/794190523", "gridlock_state": "GA"}}, {"type": "Feature", "geometry": {"type": "Point", "coordinates": [-83.9891383, 30.6996961]}, "properties": {"barrier": "fence", "name": "Metcalfe Substation", "operator": "MEAG", "power": "substation", "substation": "distribution", "voltage": "46000;12470", "osm_id": "way/794604041", "gridlock_state": "GA"}}, {"type": "Feature", "geometry": {"type": "Point", "coordinates": [-81.5471873, 30.737359]}, "properties": {"barrier": "fence", "capacity": "22.4 MVA", "name": "Saint Marys Substation", "operator": "Georgia Power", "operator:wikidata": "Q5547666", "power": "substation", "ref": "1520", "substation": "distribution", "voltage": "115000;12470", "osm_id": "way/795461719", "gridlock_state": "GA"}}, {"type": "Feature", "geometry": {"type": "Point", "coordinates": [-85.1376538, 34.8932106]}, "properties": {"barrier": "fence", "name": "West Ringgold Substation", "power": "substation", "substation": "transmission", "voltage": "230000;115000;25000;12000", "osm_id": "way/796588200", "gridlock_state": "GA"}}, {"type": "Feature", "geometry": {"type": "Point", "coordinates": [-85.2904057, 33.7387996]}, "properties": {"barrier": "fence", "name": "Tallapoosa Substation", "power": "substation", "substation": "distribution", "voltage": "115000", "osm_id": "way/800861066", "gridlock_state": "GA"}}, {"type": "Feature", "geometry": {"type": "Point", "coordinates": [-80.4929433, 33.9685043]}, "properties": {"barrier": "fence", "name": "Shaw AFB Substation", "power": "substation", "substation": "distribution", "voltage": "115000", "osm_id": "way/802750731", "gridlock_state": "SC"}}, {"type": "Feature", "geometry": {"type": "Point", "coordinates": [-83.698739, 34.1798285]}, "properties": {"barrier": "fence", "name": "Talmo Substation", "operator": "Georgia Power", "operator:wikidata": "Q5547666", "operator:wikipedia": "en:Georgia Power", "power": "substation", "substation": "distribution", "voltage": "46000;12000", "osm_id": "way/802851170", "gridlock_state": "GA"}}, {"type": "Feature", "geometry": {"type": "Point", "coordinates": [-83.3128289, 31.992807]}, "properties": {"barrier": "fence", "name": "Abbeville Substation", "power": "substation", "substation": "distribution", "voltage": "46000", "osm_id": "way/809822806", "gridlock_state": "GA"}}, {"type": "Feature", "geometry": {"type": "Point", "coordinates": [-84.613916, 31.7656572]}, "properties": {"barrier": "fence", "location": "outdoor", "name": "Shellman Substation", "operator": "Georgia Power", "operator:wikidata": "Q5547666", "operator:wikipedia": "en:Georgia Power", "power": "substation", "substation": "distribution", "voltage": "115000", "osm_id": "way/809894892", "gridlock_state": "GA"}}, {"type": "Feature", "geometry": {"type": "Point", "coordinates": [-84.7196874, 33.0240378]}, "properties": {"barrier": "fence", "name": "Greenville Primary Substation", "operator": "Georgia Power", "operator:wikidata": "Q5547666", "power": "substation", "substation": "transmission", "voltage": "115000", "osm_id": "way/813311285", "gridlock_state": "GA"}}, {"type": "Feature", "geometry": {"type": "Point", "coordinates": [-83.1760366, 30.374788]}, "properties": {"barrier": "fence", "frequency": "60", "name": "Suwannee Solar Substation", "power": "substation", "substation": "generation", "voltage": "115000", "osm_id": "way/815567208", "gridlock_state": ""}}, {"type": "Feature", "geometry": {"type": "Point", "coordinates": [-85.2513482, 33.5433163]}, "properties": {"barrier": "fence", "name": "Bowdon Substation", "operator": "Georgia Power", "operator:wikidata": "Q5547666", "operator:wikipedia": "en:Georgia Power", "power": "substation", "substation": "distribution", "voltage": "46000", "osm_id": "way/816265645", "gridlock_state": "GA"}}, {"type": "Feature", "geometry": {"type": "Point", "coordinates": [-83.3524282, 33.9307603]}, "properties": {"addr:city": "Athens", "addr:housenumber": "225", "addr:postcode": "30605", "addr:street": "Research Drive", "barrier": "fence", "name": "East Athens Substation", "operator": "Georgia Power", "operator:wikidata": "Q5547666", "operator:wikipedia": "en:Georgia Power", "power": "substation", "ref:athensclarkeaddress": "19875", "substation": "distribution", "voltage": "115000;12000", "osm_id": "way/820353294", "gridlock_state": "GA"}}, {"type": "Feature", "geometry": {"type": "Point", "coordinates": [-80.9565722, 32.4708253]}, "properties": {"barrier": "fence", "name": "Grahamville Substation", "power": "substation", "substation": "distribution", "voltage": "115000", "osm_id": "way/824451377", "gridlock_state": "SC"}}, {"type": "Feature", "geometry": {"type": "Point", "coordinates": [-83.4576953, 33.9119927]}, "properties": {"barrier": "fence", "name": "Mars Hill Substation", "operator": "Georgia Power", "operator:wikidata": "Q5547666", "operator:wikipedia": "en:Georgia Power", "power": "substation", "substation": "distribution", "voltage": "115000", "osm_id": "way/824713486", "gridlock_state": "GA"}}, {"type": "Feature", "geometry": {"type": "Point", "coordinates": [-79.8029783, 33.1026807]}, "properties": {"barrier": "fence", "name": "Huger Substation", "power": "substation", "substation": "distribution", "voltage": "46000", "osm_id": "way/826354227", "gridlock_state": "SC"}}, {"type": "Feature", "geometry": {"type": "Point", "coordinates": [-84.8720727, 32.549294]}, "properties": {"barrier": "fence", "name": "Flat Rock Substation", "power": "substation", "substation": "distribution", "voltage": "230000", "osm_id": "way/827334305", "gridlock_state": "GA"}}, {"type": "Feature", "geometry": {"type": "Point", "coordinates": [-79.7213396, 34.5029309]}, "properties": {"barrier": "fence", "name": "Mohawk Substation", "operator": "Marlboro Electric Coorperative", "power": "substation", "substation": "industrial", "voltage": "69000", "osm_id": "way/827518787", "gridlock_state": "SC"}}, {"type": "Feature", "geometry": {"type": "Point", "coordinates": [-85.0466081, 34.0105583]}, "properties": {"barrier": "fence", "name": "North Rockmart Substation", "power": "substation", "substation": "distribution", "voltage": "115000", "osm_id": "way/827867726", "gridlock_state": "GA"}}, {"type": "Feature", "geometry": {"type": "Point", "coordinates": [-79.826678, 34.1386942]}, "properties": {"barrier": "fence", "name": "Danwood Substation", "operator": "Pee Dee Electric Cooperative", "power": "substation", "substation": "distribution", "voltage": "69000", "osm_id": "way/830186402", "gridlock_state": "SC"}}, {"type": "Feature", "geometry": {"type": "Point", "coordinates": [-79.7920688, 34.3332186]}, "properties": {"barrier": "fence", "name": "Mechanicsville Substation", "operator": "Pee Dee Electric Cooperative", "power": "substation", "source": "Esri beta;Bing Streetside 2015", "substation": "distribution", "voltage": "69000", "osm_id": "way/830609800", "gridlock_state": "SC"}}, {"type": "Feature", "geometry": {"type": "Point", "coordinates": [-79.8776099, 34.0656213]}, "properties": {"barrier": "fence", "name": "Sparrows Crossroads Substation", "operator": "Pee Dee Electric Cooperative", "power": "substation", "substation": "distribution", "voltage": "69000", "osm_id": "way/832048833", "gridlock_state": "SC"}}, {"type": "Feature", "geometry": {"type": "Point", "coordinates": [-85.0609891, 34.0404972]}, "properties": {"barrier": "fence", "name": "Aragon Substation", "operator": "Georgia Power", "operator:wikidata": "Q5547666", "power": "substation", "substation": "distribution", "voltage": "46000", "osm_id": "way/833684917", "gridlock_state": "GA"}}, {"type": "Feature", "geometry": {"type": "Point", "coordinates": [-79.9266229, 34.2334064]}, "properties": {"barrier": "fence", "name": "High Hill Substation", "operator": "Pee Dee Electric Cooperative", "power": "substation", "substation": "distribution", "voltage": "69000", "osm_id": "way/833688014", "gridlock_state": "SC"}}, {"type": "Feature", "geometry": {"type": "Point", "coordinates": [-85.4599341, 31.2352698]}, "properties": {"addr:city": "Dothan", "addr:housenumber": "4465", "addr:state": "AL", "addr:street": "West Main Street", "barrier": "fence", "name": "West Dothan Substation", "operator": "Dothan Utilities", "power": "substation", "voltage": "115000", "osm_id": "way/834737894", "gridlock_state": ""}}, {"type": "Feature", "geometry": {"type": "Point", "coordinates": [-85.4011016, 31.25915]}, "properties": {"addr:city": "Dothan", "addr:housenumber": "1650", "addr:state": "AL", "addr:street": "Industrial Road", "barrier": "fence", "location": "outdoor", "name": "115 KV Switching Substation", "operator": "Dothan Utilities", "power": "substation", "substation": "transmission", "voltage": "115000", "osm_id": "way/834737902", "gridlock_state": ""}}, {"type": "Feature", "geometry": {"type": "Point", "coordinates": [-84.7799652, 33.7571672]}, "properties": {"barrier": "fence", "name": "Cedar Mountain Substation", "power": "substation", "substation": "distribution", "voltage": "230000", "osm_id": "way/836145162", "gridlock_state": "GA"}}, {"type": "Feature", "geometry": {"type": "Point", "coordinates": [-85.2232269, 34.0077106]}, "properties": {"barrier": "fence", "name": "Cedar Hill Substation", "operator": "Georgia Power", "operator:wikidata": "Q5547666", "power": "substation", "substation": "distribution", "voltage": "230000", "osm_id": "way/836238404", "gridlock_state": "GA"}}, {"type": "Feature", "geometry": {"type": "Point", "coordinates": [-85.1811184, 33.6310321]}, "properties": {"barrier": "fence", "name": "Mount Zion Substation", "operator": "Georgia Power", "operator:wikidata": "Q5547666", "operator:wikipedia": "en:Georgia Power", "power": "substation", "substation": "distribution", "voltage": "115000", "osm_id": "way/836252204", "gridlock_state": "GA"}}, {"type": "Feature", "geometry": {"type": "Point", "coordinates": [-85.1227596, 33.6358808]}, "properties": {"barrier": "fence", "name": "Walmart Substation", "operator": "Georgia Power", "operator:wikidata": "Q5547666", "operator:wikipedia": "en:Georgia Power", "power": "substation", "substation": "industrial", "voltage": "115000", "osm_id": "way/836252906", "gridlock_state": "GA"}}, {"type": "Feature", "geometry": {"type": "Point", "coordinates": [-82.7541332, 30.3404425]}, "properties": {"barrier": "fence", "name": "White Springs Substation", "power": "substation", "substation": "distribution", "voltage": "115000", "osm_id": "way/836499683", "gridlock_state": ""}}, {"type": "Feature", "geometry": {"type": "Point", "coordinates": [-85.0314933, 33.60242]}, "properties": {"barrier": "fence", "name": "Moose Lodge Substation", "power": "substation", "substation": "distribution", "voltage": "115000", "osm_id": "way/837276080", "gridlock_state": "GA"}}, {"type": "Feature", "geometry": {"type": "Point", "coordinates": [-84.7863792, 33.3726592]}, "properties": {"barrier": "fence", "name": "Newnan Primary Substation", "operator": "Georgia Power", "operator:wikidata": "Q5547666", "power": "substation", "substation": "transmission", "voltage": "115000;46000", "osm_id": "way/837441584", "gridlock_state": "GA"}}, {"type": "Feature", "geometry": {"type": "Point", "coordinates": [-84.199539, 33.0827802]}, "properties": {"barrier": "fence", "name": "Weyerheuser Substation", "operator": "Georgia Power", "operator:wikidata": "Q5547666", "operator:wikipedia": "en:Georgia Power", "power": "substation", "substation": "distribution", "voltage": "69000", "osm_id": "way/837493093", "gridlock_state": "GA"}}, {"type": "Feature", "geometry": {"type": "Point", "coordinates": [-84.2031529, 33.0763217]}, "properties": {"barrier": "fence", "name": "Rayonier Substation", "operator": "Georgia Power", "operator:wikidata": "Q5547666", "operator:wikipedia": "en:Georgia Power", "power": "substation", "substation": "industrial", "voltage": "69000", "osm_id": "way/837493095", "gridlock_state": "GA"}}, {"type": "Feature", "geometry": {"type": "Point", "coordinates": [-84.1529696, 33.0555442]}, "properties": {"barrier": "fence", "name": "Barnesville #1 Substation", "operator": "Georgia Power", "operator:wikidata": "Q5547666", "operator:wikipedia": "en:Georgia Power", "power": "substation", "substation": "distribution", "voltage": "115000", "osm_id": "way/837495144", "gridlock_state": "GA"}}, {"type": "Feature", "geometry": {"type": "Point", "coordinates": [-83.939614, 33.0475043]}, "properties": {"barrier": "fence", "name": "Forsyth Substation", "operator": "Georgia Power", "operator:wikidata": "Q5547666", "operator:wikipedia": "en:Georgia Power", "power": "substation", "substation": "distribution", "voltage": "115000", "osm_id": "way/837496155", "gridlock_state": "GA"}}, {"type": "Feature", "geometry": {"type": "Point", "coordinates": [-84.3021169, 33.6086084]}, "properties": {"barrier": "fence", "name": "Ellenwood Substation", "operator": "Georgia Power", "operator:wikidata": "Q5547666", "operator:wikipedia": "en:Georgia Power", "power": "substation", "substation": "distribution", "voltage": "115000", "osm_id": "way/837666362", "gridlock_state": "GA"}}, {"type": "Feature", "geometry": {"type": "Point", "coordinates": [-84.2242897, 33.6031427]}, "properties": {"barrier": "fence", "name": "Fairview Substation", "operator": "Georgia Power", "operator:wikidata": "Q5547666", "operator:wikipedia": "en:Georgia Power", "power": "substation", "substation": "distribution", "voltage": "115000", "osm_id": "way/837666513", "gridlock_state": "GA"}}, {"type": "Feature", "geometry": {"type": "Point", "coordinates": [-84.7291879, 34.2885389]}, "properties": {"barrier": "fence", "name": "Toyo Tire Substation", "power": "substation", "substation": "industrial", "voltage": "115000", "osm_id": "way/838832895", "gridlock_state": "GA"}}, {"type": "Feature", "geometry": {"type": "Point", "coordinates": [-84.5851823, 34.4282138]}, "properties": {"barrier": "fence", "name": "Talmadge Substation", "power": "substation", "substation": "distribution", "voltage": "115000", "osm_id": "way/838846019", "gridlock_state": "GA"}}, {"type": "Feature", "geometry": {"type": "Point", "coordinates": [-81.2967866, 33.5661202]}, "properties": {"barrier": "fence", "name": "Salley Substation", "power": "substation", "substation": "distribution", "voltage": "46000", "osm_id": "way/839712486", "gridlock_state": "SC"}}, {"type": "Feature", "geometry": {"type": "Point", "coordinates": [-82.5396377, 33.4530458]}, "properties": {"barrier": "fence", "name": "Mesena Substation", "power": "substation", "substation": "distribution", "voltage": "46000", "osm_id": "way/839732487", "gridlock_state": "GA"}}, {"type": "Feature", "geometry": {"type": "Point", "coordinates": [-82.4090911, 33.274249]}, "properties": {"barrier": "fence", "name": "Kamin Substation", "operator": "Georgia Power", "operator:wikidata": "Q5547666", "operator:wikipedia": "en:Georgia Power", "power": "substation", "substation": "industrial", "voltage": "46000", "osm_id": "way/839732498", "gridlock_state": "GA"}}, {"type": "Feature", "geometry": {"type": "Point", "coordinates": [-82.4130583, 33.250655]}, "properties": {"barrier": "fence", "name": "Southern Natural Gas Substation", "operator": "Georgia Power", "operator:wikidata": "Q5547666", "operator:wikipedia": "en:Georgia Power", "power": "substation", "substation": "industrial", "voltage": "46000", "osm_id": "way/839732504", "gridlock_state": "GA"}}, {"type": "Feature", "geometry": {"type": "Point", "coordinates": [-82.4341609, 33.2583988]}, "properties": {"barrier": "fence", "name": "Georgia Kaolin Substation", "operator": "Georgia Power", "operator:wikidata": "Q5547666", "operator:wikipedia": "en:Georgia Power", "power": "substation", "substation": "distribution", "voltage": "46000", "osm_id": "way/839732505", "gridlock_state": "GA"}}, {"type": "Feature", "geometry": {"type": "Point", "coordinates": [-82.4444759, 33.3286715]}, "properties": {"barrier": "fence", "name": "Kaolin Mine Substation", "operator": "Georgia Power", "operator:wikidata": "Q5547666", "operator:wikipedia": "en:Georgia Power", "power": "substation", "substation": "distribution", "voltage": "46000", "osm_id": "way/839732509", "gridlock_state": "GA"}}, {"type": "Feature", "geometry": {"type": "Point", "coordinates": [-82.7968643, 32.9605112]}, "properties": {"barrier": "fence", "name": "Southern Chips Substation", "power": "substation", "substation": "industrial", "voltage": "46000", "osm_id": "way/839744754", "gridlock_state": "GA"}}, {"type": "Feature", "geometry": {"type": "Point", "coordinates": [-83.5574812, 32.7047216]}, "properties": {"barrier": "fence", "name": "J. M. Huber Substation (Reids)", "operator": "Georgia Power", "operator:wikidata": "Q5547666", "operator:wikipedia": "en:Georgia Power", "power": "substation", "substation": "industrial", "voltage": "46000", "osm_id": "way/840325998", "gridlock_state": "GA"}}, {"type": "Feature", "geometry": {"type": "Point", "coordinates": [-83.6373838, 32.7440456]}, "properties": {"barrier": "fence", "name": "Irving Tissue Substation", "operator": "Georgia Power", "operator:wikidata": "Q5547666", "operator:wikipedia": "en:Georgia Power", "power": "substation", "substation": "industrial", "voltage": "115000", "osm_id": "way/840326005", "gridlock_state": "GA"}}, {"type": "Feature", "geometry": {"type": "Point", "coordinates": [-83.5398667, 32.8113401]}, "properties": {"barrier": "fence", "name": "Yoshida Substation", "operator": "Georgia Power", "operator:wikidata": "Q5547666", "operator:wikipedia": "en:Georgia Power", "power": "substation", "substation": "distribution", "voltage": "115000", "osm_id": "way/840326009", "gridlock_state": "GA"}}, {"type": "Feature", "geometry": {"type": "Point", "coordinates": [-83.3020145, 32.8920255]}, "properties": {"barrier": "fence", "name": "International Paper Substation", "operator": "Georgia Power", "operator:wikidata": "Q5547666", "operator:wikipedia": "en:Georgia Power", "power": "substation", "substation": "industrial", "voltage": "115000", "osm_id": "way/840326020", "gridlock_state": "GA"}}, {"type": "Feature", "geometry": {"type": "Point", "coordinates": [-83.0090764, 33.0160447]}, "properties": {"barrier": "fence", "name": "Deepstep Substation", "operator": "Georgia Power", "operator:wikidata": "Q5547666", "operator:wikipedia": "en:Georgia Power", "power": "substation", "substation": "distribution", "voltage": "115000", "osm_id": "way/840326021", "gridlock_state": "GA"}}, {"type": "Feature", "geometry": {"type": "Point", "coordinates": [-82.5973117, 32.3697053]}, "properties": {"barrier": "fence", "name": "Soperton Primary Substation", "operator": "Georgia Power", "operator:wikidata": "Q5547666", "operator:wikipedia": "en:Georgia Power", "power": "substation", "substation": "distribution", "voltage": "115000", "osm_id": "way/840331491", "gridlock_state": "GA"}}, {"type": "Feature", "geometry": {"type": "Point", "coordinates": [-82.6230723, 32.3999477]}, "properties": {"barrier": "fence", "name": "Lanzatech Substation", "operator": "Georgia Power", "operator:wikidata": "Q5547666", "operator:wikipedia": "en:Georgia Power", "power": "substation", "substation": "distribution", "voltage": "115000", "osm_id": "way/840331492", "gridlock_state": "GA"}}, {"type": "Feature", "geometry": {"type": "Point", "coordinates": [-82.8021167, 32.9436378]}, "properties": {"barrier": "fence", "name": "Tennille City Substation", "operator": "Georgia Power", "operator:wikidata": "Q5547666", "operator:wikipedia": "en:Georgia Power", "power": "substation", "substation": "distribution", "voltage": "46000", "osm_id": "way/840331502", "gridlock_state": "GA"}}, {"type": "Feature", "geometry": {"type": "Point", "coordinates": [-85.3253972, 34.2535564]}, "properties": {"barrier": "fence", "name": "Georgia Pacific Substation", "power": "substation", "substation": "industrial", "voltage": "115000", "osm_id": "way/842248187", "gridlock_state": "GA"}}, {"type": "Feature", "geometry": {"type": "Point", "coordinates": [-83.4524334, 35.2826101]}, "properties": {"barrier": "fence", "name": "Wests Mill Substation", "power": "substation", "substation": "transmission", "voltage": "161000;66000", "osm_id": "way/842264675", "gridlock_state": ""}}, {"type": "Feature", "geometry": {"type": "Point", "coordinates": [-82.9343644, 30.409534]}, "properties": {"barrier": "fence", "name": "Suwannee Springs Substation", "power": "substation", "substation": "distribution", "voltage": "69000", "osm_id": "way/842886181", "gridlock_state": ""}}, {"type": "Feature", "geometry": {"type": "Point", "coordinates": [-84.0388397, 31.3786151]}, "properties": {"barrier": "fence", "name": "Lester Substation", "operator": "Mitchell EMC", "power": "substation", "substation": "distribution", "voltage": "115000", "osm_id": "way/843606906", "gridlock_state": "GA"}}, {"type": "Feature", "geometry": {"type": "Point", "coordinates": [-83.7150086, 32.8024716]}, "properties": {"barrier": "fence", "name": "Bloomfield Substation", "operator": "Georgia Power", "operator:wikidata": "Q5547666", "operator:wikipedia": "en:Georgia Power", "power": "substation", "substation": "distribution", "voltage": "115000", "osm_id": "way/843679649", "gridlock_state": "GA"}}, {"type": "Feature", "geometry": {"type": "Point", "coordinates": [-83.6694565, 32.815542]}, "properties": {"barrier": "fence", "name": "Mill Irons Substation", "operator": "Georgia Power", "operator:wikidata": "Q5547666", "operator:wikipedia": "en:Georgia Power", "power": "substation", "substation": "distribution", "voltage": "115000", "osm_id": "way/843681847", "gridlock_state": "GA"}}, {"type": "Feature", "geometry": {"type": "Point", "coordinates": [-83.6295555, 32.7742888]}, "properties": {"barrier": "fence", "name": "Graphic Packaging Substation", "power": "substation", "substation": "industrial", "voltage": "115000", "osm_id": "way/843682666", "gridlock_state": "GA"}}, {"type": "Feature", "geometry": {"type": "Point", "coordinates": [-83.7847845, 32.144322]}, "properties": {"barrier": "fence", "name": "Findlay Substation", "power": "substation", "substation": "distribution", "voltage": "46000", "osm_id": "way/843713563", "gridlock_state": "GA"}}, {"type": "Feature", "geometry": {"type": "Point", "coordinates": [-83.7491073, 32.2432139]}, "properties": {"barrier": "fence", "name": "Unadilla Substation", "power": "substation", "substation": "distribution", "voltage": "46000", "osm_id": "way/843715082", "gridlock_state": "GA"}}, {"type": "Feature", "geometry": {"type": "Point", "coordinates": [-79.0175198, 34.3142645]}, "properties": {"barrier": "fence", "name": "Fair Bluff Substation", "operator": "Duke Energy Progress", "operator:wikidata": "Q1264404", "power": "substation", "substation": "distribution", "voltage": "115000;23000", "osm_id": "way/844103152", "gridlock_state": ""}}, {"type": "Feature", "geometry": {"type": "Point", "coordinates": [-80.0408171, 33.0660096]}, "properties": {"barrier": "fence", "name": "Google Substation #2", "power": "substation", "substation": "industrial", "voltage": "115000", "osm_id": "way/844351348", "gridlock_state": "SC"}}, {"type": "Feature", "geometry": {"type": "Point", "coordinates": [-85.3003534, 34.9201616]}, "properties": {"barrier": "fence", "name": "Wallaceville Substation", "power": "substation", "substation": "distribution", "voltage": "161000", "osm_id": "way/844618650", "gridlock_state": "GA"}}, {"type": "Feature", "geometry": {"type": "Point", "coordinates": [-82.4659851, 33.9755652]}, "properties": {"barrier": "fence", "name": "Willigton Substation", "power": "substation", "substation": "distribution", "voltage": "46000", "osm_id": "way/845910582", "gridlock_state": "SC"}}, {"type": "Feature", "geometry": {"type": "Point", "coordinates": [-83.5780615, 33.9015331]}, "properties": {"barrier": "fence", "name": "Bethabara Substation", "operator": "Georgia Power", "operator:wikidata": "Q5547666", "operator:wikipedia": "en:Georgia Power", "power": "substation", "substation": "distribution", "voltage": "230000", "osm_id": "way/846248440", "gridlock_state": "GA"}}, {"type": "Feature", "geometry": {"type": "Point", "coordinates": [-80.811151, 32.9707164]}, "properties": {"barrier": "fence", "name": "Ruffin Substation", "power": "substation", "substation": "transmission", "voltage": "115000;69000", "osm_id": "way/847030713", "gridlock_state": "SC"}}, {"type": "Feature", "geometry": {"type": "Point", "coordinates": [-82.2167387, 31.3219177]}, "properties": {"barrier": "fence", "name": "West Fraser Substation", "power": "substation", "substation": "industrial", "voltage": "115000", "osm_id": "way/849808603", "gridlock_state": "GA"}}, {"type": "Feature", "geometry": {"type": "Point", "coordinates": [-83.344356, 30.7952141]}, "properties": {"barrier": "fence", "name": "Arglass Substation", "power": "substation", "substation": "industrial", "voltage": "115000", "osm_id": "way/851793209", "gridlock_state": "GA"}}, {"type": "Feature", "geometry": {"type": "Point", "coordinates": [-81.5129895, 33.8809216]}, "properties": {"addr:city": "Batesburg-Leesville", "addr:housenumber": "1075", "addr:state": "SC", "addr:street": "South Lee Street", "barrier": "fence", "name": "Leesville Substation", "operator": "MCEC", "power": "substation", "substation": "distribution", "voltage": "115000", "osm_id": "way/851861199", "gridlock_state": "SC"}}, {"type": "Feature", "geometry": {"type": "Point", "coordinates": [-83.2198826, 34.3639317]}, "properties": {"barrier": "fence", "name": "Carnesville Substation", "operator": "Georgia Power", "operator:wikidata": "Q5547666", "operator:wikipedia": "en:Georgia Power", "power": "substation", "substation": "distribution", "voltage": "46000", "osm_id": "way/853043647", "gridlock_state": "GA"}}, {"type": "Feature", "geometry": {"type": "Point", "coordinates": [-85.0939439, 31.1709513]}, "properties": {"barrier": "fence", "name": "Georgia Pacific Substation", "power": "substation", "substation": "industrial", "voltage": "115000", "osm_id": "way/854910326", "gridlock_state": "GA"}}, {"type": "Feature", "geometry": {"type": "Point", "coordinates": [-84.8891602, 31.5526637]}, "properties": {"barrier": "fence", "name": "Harrisons Mill Substation", "operator": "Georgia Power", "operator:wikidata": "Q5547666", "operator:wikipedia": "en:Georgia Power", "power": "substation", "substation": "distribution", "voltage": "46000", "osm_id": "way/855622189", "gridlock_state": "GA"}}, {"type": "Feature", "geometry": {"type": "Point", "coordinates": [-84.7217938, 31.4395793]}, "properties": {"barrier": "fence", "name": "Arlington Substation", "operator": "Georgia Power", "operator:wikidata": "Q5547666", "operator:wikipedia": "en:Georgia Power", "power": "substation", "substation": "distribution", "voltage": "46000", "osm_id": "way/855787918", "gridlock_state": "GA"}}, {"type": "Feature", "geometry": {"type": "Point", "coordinates": [-85.1503508, 31.8548077]}, "properties": {"barrier": "fence", "name": "State Docks Road Substation", "operator": "Alabama Power", "operator:wikidata": "Q4705296", "power": "substation", "substation": "distribution", "voltage": "115000;13090", "osm_id": "way/856292064", "gridlock_state": ""}}, {"type": "Feature", "geometry": {"type": "Point", "coordinates": [-84.1378053, 31.603588]}, "properties": {"barrier": "fence", "name": "Flint River Substation", "operator": "Georgia Power", "operator:wikidata": "Q5547666", "operator:wikipedia": "en:Georgia Power", "power": "substation", "substation": "generation", "voltage": "46000", "osm_id": "way/856292080", "gridlock_state": "GA"}}, {"type": "Feature", "geometry": {"type": "Point", "coordinates": [-84.062652, 31.564162]}, "properties": {"barrier": "fence", "name": "Georgia Pacific Substation", "power": "substation", "substation": "industrial", "voltage": "115000", "osm_id": "way/856292083", "gridlock_state": "GA"}}, {"type": "Feature", "geometry": {"type": "Point", "coordinates": [-82.0679618, 34.2441714]}, "properties": {"barrier": "fence", "name": "Fujifilm Substation #1", "power": "substation", "substation": "industrial", "voltage": "100000", "osm_id": "way/861230365", "gridlock_state": "SC"}}, {"type": "Feature", "geometry": {"type": "Point", "coordinates": [-84.0524349, 31.5097956]}, "properties": {"barrier": "fence", "name": "Dougherty County Solar Substation", "operator": "Georgia Power", "operator:wikidata": "Q5547666", "operator:wikipedia": "en:Georgia Power", "power": "substation", "substation": "generation", "voltage": "115000", "osm_id": "way/863199141", "gridlock_state": "GA"}}, {"type": "Feature", "geometry": {"type": "Point", "coordinates": [-81.5347012, 34.2086525]}, "properties": {"barrier": "fence", "name": "Prosperity Substation", "power": "substation", "substation": "distribution", "voltage": "34500", "osm_id": "way/863470932", "gridlock_state": "SC"}}, {"type": "Feature", "geometry": {"type": "Point", "coordinates": [-81.7696068, 33.145012]}, "properties": {"barrier": "fence", "name": "Vogtle 500KV Switchyard", "operator": "Georgia Power", "operator:wikidata": "Q5547666", "power": "substation", "start_date": "1986", "substation": "switching", "voltage": "500000", "osm_id": "way/863571818", "gridlock_state": "GA"}}, {"type": "Feature", "geometry": {"type": "Point", "coordinates": [-81.1815513, 32.3487187]}, "properties": {"barrier": "fence", "name": "McIntosh Combined Cycle Facility Substation", "power": "substation", "substation": "generation", "voltage": "230000", "osm_id": "way/863571829", "gridlock_state": "GA"}}, {"type": "Feature", "geometry": {"type": "Point", "coordinates": [-84.5905635, 33.391018]}, "properties": {"barrier": "fence", "name": "Peachtree City Substation #2", "operator": "Georgia Power", "operator:wikidata": "Q5547666", "power": "substation", "substation": "distribution", "voltage": "115000;12000", "osm_id": "way/863979526", "gridlock_state": "GA"}}, {"type": "Feature", "geometry": {"type": "Point", "coordinates": [-83.4572497, 31.9504149]}, "properties": {"barrier": "fence", "name": "Rochelle Substation", "power": "substation", "substation": "distribution", "voltage": "46000", "osm_id": "way/868287852", "gridlock_state": "GA"}}, {"type": "Feature", "geometry": {"type": "Point", "coordinates": [-78.9889808, 34.6932623]}, "properties": {"barrier": "fence", "name": "North Lumberton Substation", "operator": "Lumbee River EMC", "power": "substation", "substation": "distribution", "voltage": "115000;12470", "osm_id": "way/870996103", "gridlock_state": ""}}, {"type": "Feature", "geometry": {"type": "Point", "coordinates": [-81.8459986, 35.1969315]}, "properties": {"barrier": "fence", "name": "American Zinc Recycling Substation", "power": "substation", "substation": "compensation", "voltage": "100000", "osm_id": "way/873324072", "gridlock_state": ""}}, {"type": "Feature", "geometry": {"type": "Point", "coordinates": [-84.2557379, 31.9047941]}, "properties": {"barrier": "fence", "name": "Smithville Substation", "power": "substation", "substation": "distribution", "voltage": "115000", "osm_id": "way/874418278", "gridlock_state": "GA"}}, {"type": "Feature", "geometry": {"type": "Point", "coordinates": [-84.9767043, 32.4099912]}, "properties": {"barrier": "fence", "name": "Columbus Water Works Substation", "power": "substation", "substation": "industrial", "voltage": "115000", "osm_id": "way/874421666", "gridlock_state": "GA"}}, {"type": "Feature", "geometry": {"type": "Point", "coordinates": [-84.8213925, 35.1842841]}, "properties": {"barrier": "fence", "name": "Cleveland Substation", "operator": "Tennessee Valley Authority", "operator:short": "TVA", "operator:wikidata": "Q1367577", "power": "substation", "voltage": "161000", "osm_id": "way/874437033", "gridlock_state": ""}}, {"type": "Feature", "geometry": {"type": "Point", "coordinates": [-79.2945689, 34.3685627]}, "properties": {"barrier": "fence", "name": "Pittman Corner Substation", "power": "substation", "substation": "distribution", "voltage": "69000", "osm_id": "way/874466949", "gridlock_state": "SC"}}, {"type": "Feature", "geometry": {"type": "Point", "coordinates": [-80.1715788, 32.6658821]}, "properties": {"barrier": "fence", "name": "Wadmalaw Substation", "power": "substation", "substation": "distribution", "voltage": "115000", "osm_id": "way/875666983", "gridlock_state": "SC"}}, {"type": "Feature", "geometry": {"type": "Point", "coordinates": [-84.5920246, 33.4426058]}, "properties": {"barrier": "fence", "name": "Kedron Substation", "operator": "Georgia Power", "operator:wikidata": "Q5547666", "power": "substation", "substation": "distribution", "voltage": "115000;12470", "osm_id": "way/878748939", "gridlock_state": "GA"}}, {"type": "Feature", "geometry": {"type": "Point", "coordinates": [-85.6466501, 31.5050513]}, "properties": {"barrier": "fence", "name": "Bottom's Mill Substation", "operator": "PowerSouth Energy Cooperative", "power": "substation", "substation": "distribution", "voltage": "115000", "osm_id": "way/878771822", "gridlock_state": ""}}, {"type": "Feature", "geometry": {"type": "Point", "coordinates": [-81.7520815, 33.2018058]}, "properties": {"barrier": "fence", "name": "Pump Station #3 Substation", "power": "substation", "substation": "industrial", "voltage": "115000", "osm_id": "way/878912981", "gridlock_state": "SC"}}, {"type": "Feature", "geometry": {"type": "Point", "coordinates": [-81.1587088, 34.0460379]}, "properties": {"barrier": "fence", "name": "Shaw Industries Substation", "power": "substation", "substation": "industrial", "voltage": "115000", "osm_id": "way/878912985", "gridlock_state": "SC"}}, {"type": "Feature", "geometry": {"type": "Point", "coordinates": [-81.6772945, 33.2517442]}, "properties": {"barrier": "fence", "name": "C Reactor Substation", "power": "substation", "substation": "industrial", "voltage": "115000", "osm_id": "way/878912995", "gridlock_state": "SC"}}, {"type": "Feature", "geometry": {"type": "Point", "coordinates": [-83.1152508, 34.0665384]}, "properties": {"barrier": "fence", "name": "Comer Primary Substation", "operator": "Georgia Power", "operator:wikidata": "Q5547666", "operator:wikipedia": "en:Georgia Power", "power": "substation", "substation": "distribution", "voltage": "115000", "osm_id": "way/879395800", "gridlock_state": "GA"}}, {"type": "Feature", "geometry": {"type": "Point", "coordinates": [-83.3190022, 34.0663477]}, "properties": {"barrier": "fence", "name": "Neeseneese Substation", "operator": "Georgia Power", "operator:wikidata": "Q5547666", "operator:wikipedia": "en:Georgia Power", "power": "substation", "substation": "distribution", "voltage": "115000", "osm_id": "way/879402379", "gridlock_state": "GA"}}, {"type": "Feature", "geometry": {"type": "Point", "coordinates": [-81.7560773, 30.3469884]}, "properties": {"frequency": "60", "location": "outdoor", "name": "Commercial Metals Substation JEA", "operator": "JEA", "power": "substation", "substation": "distribution", "voltage": "69000", "osm_id": "way/889329878", "gridlock_state": ""}}, {"type": "Feature", "geometry": {"type": "Point", "coordinates": [-79.9034065, 34.2003481]}, "properties": {"barrier": "fence", "name": "Southborough Road Substation", "operator": "Pee Dee Electric Coorperative", "power": "substation", "substation": "distribution", "voltage": "69000", "osm_id": "way/899372304", "gridlock_state": "SC"}}, {"type": "Feature", "geometry": {"type": "Point", "coordinates": [-83.6416985, 32.4053795]}, "properties": {"barrier": "fence", "name": "Medusa Portland Cement Substation #2", "operator": "Georgia Power", "operator:wikidata": "Q5547666", "operator:wikipedia": "en:Georgia Power", "power": "substation", "substation": "industrial", "voltage": "46000", "osm_id": "way/900019534", "gridlock_state": "GA"}}, {"type": "Feature", "geometry": {"type": "Point", "coordinates": [-84.5493814, 33.3500426]}, "properties": {"barrier": "fence", "name": "Flat Creek Substation", "operator": "Georgia Power", "operator:wikidata": "Q5547666", "power": "substation", "substation": "distribution", "voltage": "115000;12000", "osm_id": "way/909020988", "gridlock_state": "GA"}}, {"type": "Feature", "geometry": {"type": "Point", "coordinates": [-81.1503133, 32.611892]}, "properties": {"barrier": "fence", "name": "Pineland Substation", "power": "substation", "substation": "distribution", "voltage": "69000", "osm_id": "way/917253712", "gridlock_state": "SC"}}, {"type": "Feature", "geometry": {"type": "Point", "coordinates": [-83.4643491, 33.6080788]}, "properties": {"barrier": "fence", "name": "Madison Substation", "power": "substation", "substation": "distribution", "voltage": "115000", "osm_id": "way/926031299", "gridlock_state": "GA"}}, {"type": "Feature", "geometry": {"type": "Point", "coordinates": [-83.0492706, 33.606521]}, "properties": {"barrier": "fence", "name": "Union Point Substation", "power": "substation", "substation": "transmission", "voltage": "115000", "osm_id": "way/926035499", "gridlock_state": "GA"}}, {"type": "Feature", "geometry": {"type": "Point", "coordinates": [-83.2823183, 32.9098962]}, "properties": {"barrier": "fence", "name": "E. C. Lavender Substation", "operator": "Georgia Power", "operator:wikidata": "Q5547666", "operator:wikipedia": "en:Georgia Power", "power": "substation", "substation": "distribution", "voltage": "115000", "osm_id": "way/926203335", "gridlock_state": "GA"}}, {"type": "Feature", "geometry": {"type": "Point", "coordinates": [-81.8859451, 33.500115]}, "properties": {"barrier": "fence", "name": "Clearwater Substation", "power": "substation", "substation": "distribution", "voltage": "115000", "osm_id": "way/927670059", "gridlock_state": "SC"}}, {"type": "Feature", "geometry": {"type": "Point", "coordinates": [-84.5538799, 33.7655496]}, "properties": {"barrier": "fence", "name": "Six Flags Substation", "power": "substation", "substation": "distribution", "voltage": "46000", "osm_id": "way/929404873", "gridlock_state": "GA"}}, {"type": "Feature", "geometry": {"type": "Point", "coordinates": [-84.1083075, 31.5519941]}, "properties": {"barrier": "fence", "name": "Proctor & Gamble Substation", "operator": "Georgia Power", "operator:wikidata": "Q5547666", "operator:wikipedia": "en:Georgia Power", "power": "substation", "substation": "industrial", "voltage": "115000", "osm_id": "way/930208223", "gridlock_state": "GA"}}, {"type": "Feature", "geometry": {"type": "Point", "coordinates": [-83.9010669, 31.5451724]}, "properties": {"barrier": "fence", "name": "Birdsong Substation", "operator": "Georgia Power", "operator:wikidata": "Q5547666", "operator:wikipedia": "en:Georgia Power", "power": "substation", "substation": "industrial", "voltage": "46000", "osm_id": "way/930410635", "gridlock_state": "GA"}}, {"type": "Feature", "geometry": {"type": "Point", "coordinates": [-81.0012046, 32.0412635]}, "properties": {"barrier": "fence", "name": "Whitemarsh Island Substation", "operator": "Georgia Power", "operator:wikidata": "Q5547666", "power": "substation", "substation": "distribution", "voltage": "115000;13800", "osm_id": "way/930764581", "gridlock_state": "GA"}}, {"type": "Feature", "geometry": {"type": "Point", "coordinates": [-83.2403916, 30.932419]}, "properties": {"barrier": "fence", "name": "Bemiss Substation", "power": "substation", "substation": "distribution", "voltage": "115000", "osm_id": "way/930769240", "gridlock_state": "GA"}}, {"type": "Feature", "geometry": {"type": "Point", "coordinates": [-83.2197494, 30.9534706]}, "properties": {"barrier": "fence", "name": "Moody AFB Solar Substation", "operator": "Georgia Power", "operator:wikidata": "Q5547666", "power": "substation", "start_date": "2020", "substation": "generation", "voltage": "115000", "osm_id": "way/930769242", "gridlock_state": "GA"}}, {"type": "Feature", "geometry": {"type": "Point", "coordinates": [-80.2597704, 33.1337355]}, "properties": {"barrier": "fence", "name": "Volvo Substation", "power": "substation", "substation": "industrial", "voltage": "115000", "osm_id": "way/931897012", "gridlock_state": "SC"}}, {"type": "Feature", "geometry": {"type": "Point", "coordinates": [-82.0261419, 30.5230503]}, "properties": {"barrier": "fence", "name": "Saint George Substation", "power": "substation", "substation": "distribution", "voltage": "115000", "osm_id": "way/931999072", "gridlock_state": "GA"}}, {"type": "Feature", "geometry": {"type": "Point", "coordinates": [-81.4541134, 30.6805654]}, "properties": {"barrier": "fence", "name": "Fernadina Beach Mill Substation", "power": "substation", "substation": "industrial", "voltage": "69000", "osm_id": "way/932826046", "gridlock_state": ""}}, {"type": "Feature", "geometry": {"type": "Point", "coordinates": [-81.2706903, 32.0776615]}, "properties": {"barrier": "fence", "name": "Quacco Road Substation", "operator": "Georgia Power", "operator:wikidata": "Q5547666", "power": "substation", "substation": "distribution", "voltage": "115000;25000;13800", "osm_id": "way/938481400", "gridlock_state": "GA"}}, {"type": "Feature", "geometry": {"type": "Point", "coordinates": [-82.1561583, 34.1617101]}, "properties": {"addr:housenumber": "500", "addr:street": "Bond Street", "barrier": "fence", "name": "Clark Hill Tie Substation", "operator": "Duke Energy", "operator:wikidata": "Q1264404", "power": "substation", "substation": "transmission", "voltage": "115000", "osm_id": "way/940172261", "gridlock_state": "SC"}}, {"type": "Feature", "geometry": {"type": "Point", "coordinates": [-81.0007611, 32.0865877]}, "properties": {"barrier": "fence", "name": "Southern LNG Substation", "operator": "Savannah Electric and Power Company", "power": "substation", "substation": "industrial", "voltage": "115000;34500;13800", "osm_id": "way/943989070", "gridlock_state": "GA"}}, {"type": "Feature", "geometry": {"type": "Point", "coordinates": [-78.713871, 34.7470135]}, "properties": {"barrier": "fence", "name": "White Oak Substation", "operator": "Four County EMC", "operator:wikidata": "Q114366906", "power": "substation", "substation": "distribution", "voltage": "69000", "osm_id": "way/946159517", "gridlock_state": ""}}, {"type": "Feature", "geometry": {"type": "Point", "coordinates": [-82.5722552, 31.8548221]}, "properties": {"barrier": "fence", "name": "Hazlehurst Wood Pellets Substation", "power": "substation", "substation": "industrial", "voltage": "115000", "osm_id": "way/948990132", "gridlock_state": "GA"}}, {"type": "Feature", "geometry": {"type": "Point", "coordinates": [-83.2047937, 31.7016312]}, "properties": {"barrier": "fence", "name": "Fitz Forest Products Substation", "power": "substation", "substation": "industrial", "voltage": "115000", "osm_id": "way/951371744", "gridlock_state": "GA"}}, {"type": "Feature", "geometry": {"type": "Point", "coordinates": [-83.7990006, 32.0833357]}, "properties": {"barrier": "fence", "name": "Vienna Primary Substation", "power": "substation", "substation": "distribution", "voltage": "115000", "osm_id": "way/952353290", "gridlock_state": "GA"}}, {"type": "Feature", "geometry": {"type": "Point", "coordinates": [-84.1296877, 32.3355671]}, "properties": {"barrier": "fence", "name": "Southern Wood Supply Substation", "power": "substation", "substation": "industrial", "voltage": "46000", "osm_id": "way/952366793", "gridlock_state": "GA"}}, {"type": "Feature", "geometry": {"type": "Point", "coordinates": [-82.0261294, 33.47002]}, "properties": {"barrier": "fence", "name": "Central Avenue Substation", "operator": "Georgia Power", "operator:wikidata": "Q5547666", "operator:wikipedia": "en:Georgia Power", "power": "substation", "substation": "distribution", "voltage": "115000", "osm_id": "way/954388270", "gridlock_state": "GA"}}, {"type": "Feature", "geometry": {"type": "Point", "coordinates": [-85.4322297, 31.2381238]}, "properties": {"addr:city": "Dothan", "addr:housenumber": "3305", "addr:state": "AL", "addr:street": "Ross Clark Circle", "barrier": "fence", "location": "outdoor", "name": "Choctaw Substation", "operator": "Dothan Utilities", "power": "substation", "substation": "distribution", "voltage": "115000", "osm_id": "way/955514515", "gridlock_state": ""}}, {"type": "Feature", "geometry": {"type": "Point", "coordinates": [-84.1822533, 31.5517891]}, "properties": {"barrier": "fence", "name": "M&M Mars Substation", "operator": "Georgia Power", "operator:wikidata": "Q5547666", "operator:wikipedia": "en:Georgia Power", "power": "substation", "substation": "industrial", "voltage": "115000", "osm_id": "way/955860599", "gridlock_state": "GA"}}, {"type": "Feature", "geometry": {"type": "Point", "coordinates": [-82.036332, 33.4890538]}, "properties": {"barrier": "fence", "name": "Berckman Road Substation", "operator": "Georgia Power", "operator:wikidata": "Q5547666", "operator:wikipedia": "en:Georgia Power", "power": "substation", "substation": "distribution", "voltage": "115000", "osm_id": "way/955902812", "gridlock_state": "GA"}}, {"type": "Feature", "geometry": {"type": "Point", "coordinates": [-84.3463612, 31.7231453]}, "properties": {"barrier": "fence", "name": "Sasser Substation", "power": "substation", "substation": "distribution", "voltage": "46000", "osm_id": "way/956049514", "gridlock_state": "GA"}}, {"type": "Feature", "geometry": {"type": "Point", "coordinates": [-84.1099248, 31.5757808]}, "properties": {"barrier": "fence", "name": "Baker Heights Switching Station", "power": "substation", "substation": "switching", "voltage": "13800", "osm_id": "way/956049585", "gridlock_state": "GA"}}, {"type": "Feature", "geometry": {"type": "Point", "coordinates": [-84.1098083, 31.5753085]}, "properties": {"barrier": "fence", "name": "Baker Heights Substation", "power": "substation", "substation": "distribution", "voltage": "115000", "osm_id": "way/956049586", "gridlock_state": "GA"}}, {"type": "Feature", "geometry": {"type": "Point", "coordinates": [-84.0717841, 32.2513841]}, "properties": {"barrier": "fence", "name": "International Paper Substation", "power": "substation", "substation": "industrial", "voltage": "115000", "osm_id": "way/957138301", "gridlock_state": "GA"}}, {"type": "Feature", "geometry": {"type": "Point", "coordinates": [-84.9953103, 32.51687]}, "properties": {"barrier": "fence", "name": "Oliver Dam Substation", "operator": "Georgia Power", "operator:wikidata": "Q5547666", "operator:wikipedia": "en:Georgia Power", "power": "substation", "substation": "switching", "voltage": "115000", "osm_id": "way/958269648", "gridlock_state": "GA"}}, {"type": "Feature", "geometry": {"type": "Point", "coordinates": [-84.9936469, 32.4953527]}, "properties": {"barrier": "fence", "name": "Highlands Dam Substation", "power": "substation", "substation": "distribution", "voltage": "115000", "osm_id": "way/958269649", "gridlock_state": "GA"}}, {"type": "Feature", "geometry": {"type": "Point", "coordinates": [-84.7373669, 32.9185521]}, "properties": {"barrier": "fence", "name": "Durand - Troup Substation #20", "operator": "Georgia Power", "operator:wikidata": "Q5547666", "operator:wikipedia": "en:Georgia Power", "power": "substation", "substation": "distribution", "voltage": "115000;12000", "osm_id": "way/958342967", "gridlock_state": "GA"}}, {"type": "Feature", "geometry": {"type": "Point", "coordinates": [-85.0223423, 32.6880073]}, "properties": {"barrier": "fence", "name": "Antioch Substation", "power": "substation", "substation": "distribution", "voltage": "115000", "osm_id": "way/958342974", "gridlock_state": "GA"}}, {"type": "Feature", "geometry": {"type": "Point", "coordinates": [-81.2690013, 33.3495497]}, "properties": {"addr:city": "Blackville", "addr:housenumber": "5450", "addr:postcode": "29817", "addr:state": "SC", "addr:street": "Lartigue Street", "barrier": "fence", "name": "SC-28 Solar Plant Substation", "power": "substation", "substation": "generation", "voltage": "115000", "osm_id": "way/959983424", "gridlock_state": "SC"}}, {"type": "Feature", "geometry": {"type": "Point", "coordinates": [-82.8426366, 32.5036702]}, "properties": {"barrier": "fence", "name": "WestRock Substation", "operator": "Georgia Power", "operator:wikidata": "Q5547666", "operator:wikipedia": "en:Georgia Power", "power": "substation", "substation": "industrial", "voltage": "115000", "osm_id": "way/960083212", "gridlock_state": "GA"}}, {"type": "Feature", "geometry": {"type": "Point", "coordinates": [-83.3992859, 33.9683927]}, "properties": {"barrier": "fence", "name": "West Athens Substation", "operator": "Georgia Power", "operator:wikidata": "Q5547666", "operator:wikipedia": "en:Georgia Power", "power": "substation", "substation": "distribution", "voltage": "115000;12000", "osm_id": "way/963459776", "gridlock_state": "GA"}}, {"type": "Feature", "geometry": {"type": "Point", "coordinates": [-81.0889497, 32.0641747]}, "properties": {"barrier": "wall", "name": "Bolton Street Substation", "operator": "Georgia Power", "operator:wikidata": "Q5547666", "power": "substation", "substation": "distribution", "voltage": "115000;13800", "osm_id": "way/964045266", "gridlock_state": "GA"}}, {"type": "Feature", "geometry": {"type": "Point", "coordinates": [-80.9704212, 32.0214359]}, "properties": {"addr:city": "Savannah", "addr:housenumber": "6921", "addr:postcode": "31410", "addr:state": "GA", "addr:street": "Johnny Mercer Boulevard", "barrier": "fence", "name": "Wilmington Island Substation", "operator": "Georgia Power", "operator:wikidata": "Q5547666", "power": "substation", "substation": "distribution", "voltage": "115000;46000;13800", "osm_id": "way/964216495", "gridlock_state": "GA"}}, {"type": "Feature", "geometry": {"type": "Point", "coordinates": [-83.1311404, 32.8561141]}, "properties": {"barrier": "fence", "name": "Carbo Ceramics Substation", "operator": "Georgia Power", "operator:wikidata": "Q5547666", "operator:wikipedia": "en:Georgia Power", "power": "substation", "substation": "distribution", "voltage": "115000", "osm_id": "way/965939358", "gridlock_state": "GA"}}, {"type": "Feature", "geometry": {"type": "Point", "coordinates": [-83.6633392, 32.8405757]}, "properties": {"barrier": "fence", "name": "Vineville Substation", "operator": "Georgia Power", "operator:wikidata": "Q5547666", "operator:wikipedia": "en:Georgia Power", "power": "substation", "substation": "distribution", "voltage": "115000", "osm_id": "way/966788124", "gridlock_state": "GA"}}, {"type": "Feature", "geometry": {"type": "Point", "coordinates": [-84.351437, 33.5230231]}, "properties": {"name": "Jonesboro Substation", "operator": "Georgia Power", "operator:wikidata": "Q5547666", "power": "substation", "substation": "distribution", "voltage": "115000", "osm_id": "way/967362362", "gridlock_state": "GA"}}, {"type": "Feature", "geometry": {"type": "Point", "coordinates": [-84.3879455, 33.5580258]}, "properties": {"barrier": "fence", "name": "Valley Hill Road Substation", "operator": "Georgia Power", "operator:wikidata": "Q5547666", "power": "substation", "substation": "distribution", "voltage": "115000", "osm_id": "way/967362367", "gridlock_state": "GA"}}, {"type": "Feature", "geometry": {"type": "Point", "coordinates": [-84.4228497, 33.527532]}, "properties": {"barrier": "fence", "name": "Tara Substation", "operator": "Georgia Power", "operator:wikidata": "Q5547666", "operator:wikipedia": "en:Georgia Power", "power": "substation", "substation": "distribution", "voltage": "115000", "osm_id": "way/967362383", "gridlock_state": "GA"}}, {"type": "Feature", "geometry": {"type": "Point", "coordinates": [-84.0304165, 33.4820236]}, "properties": {"barrier": "fence", "name": "Ola Substation", "operator": "Georgia Power", "operator:wikidata": "Q5547666", "power": "substation", "substation": "transmission", "voltage": "230000", "osm_id": "way/967507696", "gridlock_state": "GA"}}, {"type": "Feature", "geometry": {"type": "Point", "coordinates": [-84.0728281, 33.5034915]}, "properties": {"barrier": "fence", "name": "East Lake Substation", "operator": "Georgia Power", "operator:wikidata": "Q5547666", "operator:wikipedia": "en:Georgia Power", "power": "substation", "substation": "distribution", "voltage": "230000", "osm_id": "way/967607999", "gridlock_state": "GA"}}, {"type": "Feature", "geometry": {"type": "Point", "coordinates": [-84.1264118, 33.5924475]}, "properties": {"barrier": "fence", "name": "Lorraine Substation", "operator": "Georgia Power", "operator:wikidata": "Q5547666", "operator:wikipedia": "en:Georgia Power", "power": "substation", "substation": "distribution", "voltage": "230000", "osm_id": "way/967608016", "gridlock_state": "GA"}}, {"type": "Feature", "geometry": {"type": "Point", "coordinates": [-84.4210166, 33.7803036]}, "properties": {"barrier": "fence", "name": "QTS Substation #1", "operator": "Georgia Power", "operator:wikidata": "Q5547666", "operator:wikipedia": "en:Georgia Power", "power": "substation", "substation": "industrial", "voltage": "115000", "osm_id": "way/969681681", "gridlock_state": "GA"}}, {"type": "Feature", "geometry": {"type": "Point", "coordinates": [-83.6808173, 32.8943513]}, "properties": {"barrier": "fence", "name": "Riverside Substation", "operator": "Georgia Power", "operator:wikidata": "Q5547666", "operator:wikipedia": "en:Georgia Power", "power": "substation", "substation": "distribution", "voltage": "115000", "osm_id": "way/970035135", "gridlock_state": "GA"}}, {"type": "Feature", "geometry": {"type": "Point", "coordinates": [-83.7267406, 32.8819664]}, "properties": {"barrier": "fence", "name": "Colonial Pipeline Substation", "operator": "Georgia Power", "operator:wikidata": "Q5547666", "operator:wikipedia": "en:Georgia Power", "power": "substation", "substation": "distribution", "voltage": "115000", "osm_id": "way/970035138", "gridlock_state": "GA"}}, {"type": "Feature", "geometry": {"type": "Point", "coordinates": [-83.6868788, 32.8526086]}, "properties": {"barrier": "fence", "name": "Bellevue Substation", "operator": "Georgia Power", "operator:wikidata": "Q5547666", "operator:wikipedia": "en:Georgia Power", "power": "substation", "substation": "distribution", "voltage": "115000", "osm_id": "way/970035140", "gridlock_state": "GA"}}, {"type": "Feature", "geometry": {"type": "Point", "coordinates": [-83.7873678, 33.091515]}, "properties": {"barrier": "fence", "name": "Percale Substation", "operator": "Georgia Power", "operator:wikidata": "Q5547666", "operator:wikipedia": "en:Georgia Power", "power": "substation", "substation": "industrial", "voltage": "115000", "osm_id": "way/970373443", "gridlock_state": "GA"}}, {"type": "Feature", "geometry": {"type": "Point", "coordinates": [-83.8456666, 33.5462007]}, "properties": {"barrier": "fence", "name": "Starrsville Substation", "operator": "Georgia Power", "operator:wikidata": "Q5547666", "power": "substation", "substation": "distribution", "voltage": "115000", "osm_id": "way/970373451", "gridlock_state": "GA"}}, {"type": "Feature", "geometry": {"type": "Point", "coordinates": [-83.630578, 32.6515084]}, "properties": {"barrier": "fence", "name": "Elberta Substation", "operator": "Flint Energies", "power": "substation", "ref": "Elberta #15", "substation": "minor_distribution", "voltage": "115000;25000", "osm_id": "way/973093613", "gridlock_state": "GA"}}, {"type": "Feature", "geometry": {"type": "Point", "coordinates": [-84.5069948, 33.7916954]}, "properties": {"barrier": "fence", "name": "UPS Substation", "operator": "Georgia Power", "operator:wikidata": "Q5547666", "operator:wikipedia": "en:Georgia Power", "power": "substation", "start_date": "2018", "substation": "distribution", "voltage": "115000", "osm_id": "way/975258285", "gridlock_state": "GA"}}, {"type": "Feature", "geometry": {"type": "Point", "coordinates": [-84.614965, 33.5405325]}, "properties": {"barrier": "fence", "name": "Owens Corning Substation", "operator": "Georgia Power", "operator:wikidata": "Q5547666", "operator:wikipedia": "en:Georgia Power", "power": "substation", "substation": "industrial", "voltage": "115000", "osm_id": "way/976171885", "gridlock_state": "GA"}}, {"type": "Feature", "geometry": {"type": "Point", "coordinates": [-84.6618859, 33.52411]}, "properties": {"barrier": "fence", "name": "Palmetto Substation", "operator": "Georgia Power", "operator:wikidata": "Q5547666", "operator:wikipedia": "en:Georgia Power", "power": "substation", "substation": "distribution", "voltage": "46000", "osm_id": "way/976171889", "gridlock_state": "GA"}}, {"type": "Feature", "geometry": {"type": "Point", "coordinates": [-80.7421575, 32.5613205]}, "properties": {"area": "yes", "barrier": "fence", "location": "outdoor", "name": "Seabrook Solar Switching Station", "power": "substation", "substation": "switching", "voltage": "115000", "osm_id": "way/976310382", "gridlock_state": "SC"}}, {"type": "Feature", "geometry": {"type": "Point", "coordinates": [-80.7415188, 32.5613238]}, "properties": {"barrier": "fence", "name": "Seabrook Solar Substation", "power": "substation", "substation": "generation", "voltage": "115000", "osm_id": "way/976310383", "gridlock_state": "SC"}}, {"type": "Feature", "geometry": {"type": "Point", "coordinates": [-84.6914045, 32.0866966]}, "properties": {"barrier": "fence", "name": "Richland Substation", "operator": "Georgia Power", "operator:wikidata": "Q5547666", "operator:wikipedia": "en:Georgia Power", "power": "substation", "substation": "distribution", "voltage": "46000", "osm_id": "way/977904361", "gridlock_state": "GA"}}, {"type": "Feature", "geometry": {"type": "Point", "coordinates": [-84.6913028, 32.0872941]}, "properties": {"barrier": "fence", "name": "Richland Switching Station", "operator": "Georgia Power", "operator:wikidata": "Q5547666", "operator:wikipedia": "en:Georgia Power", "power": "substation", "substation": "distribution", "voltage": "12000", "osm_id": "way/977904362", "gridlock_state": "GA"}}, {"type": "Feature", "geometry": {"type": "Point", "coordinates": [-85.3971161, 31.1891593]}, "properties": {"addr:city": "Dothan", "addr:housenumber": "533", "addr:state": "AL", "addr:street": "Hodgesville Road", "barrier": "fence", "name": "Hodgesville Substation", "operator": "Dothan Utilities", "power": "substation", "substation": "distribution", "voltage": "115000", "osm_id": "way/979710120", "gridlock_state": ""}}, {"type": "Feature", "geometry": {"type": "Point", "coordinates": [-82.3422047, 32.2009355]}, "properties": {"barrier": "fence", "name": "West Lyons Substation", "operator": "Georgia Power", "operator:wikidata": "Q5547666", "operator:wikipedia": "en:Georgia Power", "power": "substation", "substation": "distribution", "voltage": "115000", "osm_id": "way/979753434", "gridlock_state": "GA"}}, {"type": "Feature", "geometry": {"type": "Point", "coordinates": [-84.7332715, 32.7760108]}, "properties": {"barrier": "fence", "name": "Dixie Pipeline Substation", "operator": "Georgia Power", "operator:wikidata": "Q5547666", "operator:wikipedia": "en:Georgia Power", "power": "substation", "substation": "industrial", "voltage": "115000", "osm_id": "way/980632140", "gridlock_state": "GA"}}, {"type": "Feature", "geometry": {"type": "Point", "coordinates": [-85.2400391, 33.5613873]}, "properties": {"barrier": "fence", "name": "Jonesville Substation", "operator": "Georgia Power", "operator:wikidata": "Q5547666", "operator:wikipedia": "en:Georgia Power", "power": "substation", "substation": "distribution", "voltage": "46000", "osm_id": "way/981622191", "gridlock_state": "GA"}}, {"type": "Feature", "geometry": {"type": "Point", "coordinates": [-85.2849516, 33.6926531]}, "properties": {"barrier": "fence", "name": "Honda Substation", "operator": "Georgia Power", "operator:wikidata": "Q5547666", "operator:wikipedia": "en:Georgia Power", "power": "substation", "substation": "industrial", "voltage": "115000", "osm_id": "way/981622212", "gridlock_state": "GA"}}, {"type": "Feature", "geometry": {"type": "Point", "coordinates": [-83.7196159, 32.2815037]}, "properties": {"barrier": "fence", "name": "Dooly Prison Substation", "power": "substation", "substation": "distribution", "voltage": "46000", "osm_id": "way/982829447", "gridlock_state": "GA"}}, {"type": "Feature", "geometry": {"type": "Point", "coordinates": [-81.0101822, 35.188952]}, "properties": {"barrier": "fence", "name": "Allen Substation", "power": "substation", "substation": "transmission", "voltage": "100000", "osm_id": "way/984112091", "gridlock_state": ""}}, {"type": "Feature", "geometry": {"type": "Point", "coordinates": [-84.1328775, 33.8704672]}, "properties": {"barrier": "fence", "name": "Landford Substation", "operator": "Georgia Power", "operator:wikidata": "Q5547666", "operator:wikipedia": "en:Georgia Power", "power": "substation", "substation": "distribution", "voltage": "230000", "osm_id": "way/984950134", "gridlock_state": "GA"}}, {"type": "Feature", "geometry": {"type": "Point", "coordinates": [-84.0000122, 33.9302427]}, "properties": {"barrier": "fence", "name": "Moon Road Substation", "operator": "Georgia Power", "operator:wikidata": "Q5547666", "power": "substation", "substation": "distribution", "voltage": "115000", "osm_id": "way/985152696", "gridlock_state": "GA"}}, {"type": "Feature", "geometry": {"type": "Point", "coordinates": [-83.884654, 33.8806121]}, "properties": {"barrier": "fence", "name": "Vulcan Materials Substation", "operator": "Georgia Power", "operator:wikidata": "Q5547666", "operator:wikipedia": "en:Georgia Power", "power": "substation", "substation": "industrial", "voltage": "115000", "osm_id": "way/985152711", "gridlock_state": "GA"}}, {"type": "Feature", "geometry": {"type": "Point", "coordinates": [-83.9555187, 33.8617859]}, "properties": {"barrier": "fence", "name": "Fosters Crossroad Substation", "operator": "Georgia Power", "operator:wikidata": "Q5547666", "operator:wikipedia": "en:Georgia Power", "power": "substation", "substation": "distribution", "voltage": "115000", "osm_id": "way/985152713", "gridlock_state": "GA"}}, {"type": "Feature", "geometry": {"type": "Point", "coordinates": [-83.9556599, 33.944567]}, "properties": {"barrier": "fence", "name": "Lawrenceville Substation #1", "operator": "Georgia Power", "operator:wikidata": "Q5547666", "operator:wikipedia": "en:Georgia Power", "power": "substation", "substation": "distribution", "voltage": "115000", "osm_id": "way/985152717", "gridlock_state": "GA"}}, {"type": "Feature", "geometry": {"type": "Point", "coordinates": [-83.9947351, 33.9412152]}, "properties": {"barrier": "fence", "name": "Lawrenceville Substation #2", "operator": "Georgia Power", "operator:wikidata": "Q5547666", "operator:wikipedia": "en:Georgia Power", "power": "substation", "substation": "distribution", "voltage": "115000", "osm_id": "way/985152720", "gridlock_state": "GA"}}, {"type": "Feature", "geometry": {"type": "Point", "coordinates": [-84.0198792, 33.9581487]}, "properties": {"barrier": "fence", "name": "Lawrenceville Substation #1", "operator": "Georgia Power", "operator:wikidata": "Q5547666", "operator:wikipedia": "en:Georgia Power", "power": "substation", "substation": "distribution", "voltage": "115000", "osm_id": "way/985152731", "gridlock_state": "GA"}}, {"type": "Feature", "geometry": {"type": "Point", "coordinates": [-84.0149817, 34.0009085]}, "properties": {"barrier": "fence", "name": "Collins Hill Substation", "operator": "Georgia Power", "operator:wikidata": "Q5547666", "operator:wikipedia": "en:Georgia Power", "power": "substation", "substation": "distribution", "voltage": "115000", "osm_id": "way/985152741", "gridlock_state": "GA"}}, {"type": "Feature", "geometry": {"type": "Point", "coordinates": [-80.4904678, 34.0122629]}, "properties": {"barrier": "fence", "name": "Catchall Substation", "power": "substation", "substation": "distribution", "voltage": "69000", "osm_id": "way/985396516", "gridlock_state": "SC"}}, {"type": "Feature", "geometry": {"type": "Point", "coordinates": [-80.2238311, 34.2038592]}, "properties": {"barrier": "fence", "name": "Bishopville Substation", "power": "substation", "substation": "distribution", "voltage": "230000", "osm_id": "way/988445897", "gridlock_state": "SC"}}, {"type": "Feature", "geometry": {"type": "Point", "coordinates": [-81.1348532, 33.9621858]}, "properties": {"barrier": "fence", "name": "Cayce Industrial Park Substation", "operator": "South Carolina Gas & Electric", "power": "substation", "substation": "distribution", "voltage": "115000", "osm_id": "way/988763741", "gridlock_state": "SC"}}, {"type": "Feature", "geometry": {"type": "Point", "coordinates": [-81.0299333, 33.3233465]}, "properties": {"barrier": "fence", "name": "North Bamberg", "operator": "Edisto Electric", "power": "substation", "substation": "distribution", "voltage": "69000", "osm_id": "way/993532078", "gridlock_state": "SC"}}, {"type": "Feature", "geometry": {"type": "Point", "coordinates": [-81.3605659, 33.6501119]}, "properties": {"barrier": "fence", "name": "Wagener Substation", "operator": "South Carolina Gas & Electric", "power": "substation", "substation": "distribution", "voltage": "46000", "osm_id": "way/993540535", "gridlock_state": "SC"}}, {"type": "Feature", "geometry": {"type": "Point", "coordinates": [-81.1321832, 32.882402]}, "properties": {"barrier": "fence", "name": "Hampton Solar Substation", "power": "substation", "substation": "generation", "voltage": "46000", "osm_id": "way/993771560", "gridlock_state": "SC"}}, {"type": "Feature", "geometry": {"type": "Point", "coordinates": [-81.2318604, 32.9543755]}, "properties": {"barrier": "fence", "name": "Fairfax Substation", "operator": "South Carolina Gas & Electric", "power": "substation", "substation": "distribution", "voltage": "46000", "osm_id": "way/993772289", "gridlock_state": "SC"}}, {"type": "Feature", "geometry": {"type": "Point", "coordinates": [-81.2857015, 32.9991177]}, "properties": {"barrier": "fence", "name": "Allendale Biomass Switching Station", "power": "substation", "substation": "switching", "voltage": "69000", "osm_id": "way/993772819", "gridlock_state": "SC"}}, {"type": "Feature", "geometry": {"type": "Point", "coordinates": [-80.7800888, 34.1802635]}, "properties": {"barrier": "fence", "name": "Elgin Substation", "power": "substation", "substation": "distribution", "voltage": "115000", "osm_id": "way/993777014", "gridlock_state": "SC"}}, {"type": "Feature", "geometry": {"type": "Point", "coordinates": [-84.2772698, 32.4984127]}, "properties": {"barrier": "fence", "name": "White Pine Solar Switching Station", "power": "substation", "substation": "switching", "voltage": "230000", "osm_id": "way/995183693", "gridlock_state": "GA"}}, {"type": "Feature", "geometry": {"type": "Point", "coordinates": [-84.261536, 32.5034267]}, "properties": {"barrier": "fence", "name": "White Pine Solar Substation", "power": "substation", "substation": "generation", "voltage": "230000", "osm_id": "way/995183695", "gridlock_state": "GA"}}, {"type": "Feature", "geometry": {"type": "Point", "coordinates": [-84.1081319, 31.5548922]}, "properties": {"barrier": "fence", "name": "Albany Green Energy Substation", "power": "substation", "substation": "generation", "voltage": "115000", "osm_id": "way/995647303", "gridlock_state": "GA"}}, {"type": "Feature", "geometry": {"type": "Point", "coordinates": [-84.194263, 31.2690979]}, "properties": {"barrier": "fence", "name": "Southern Oak Solar Energy Substation", "power": "substation", "substation": "generation", "voltage": "230000", "osm_id": "way/995807189", "gridlock_state": "GA"}}, {"type": "Feature", "geometry": {"type": "Point", "coordinates": [-83.8008717, 31.1832361]}, "properties": {"barrier": "fence", "name": "West Moultrie Substation", "operator": "Georgia Power", "operator:wikidata": "Q5547666", "operator:wikipedia": "en:Georgia Power", "power": "substation", "substation": "distribution", "voltage": "46000;12000", "osm_id": "way/995919714", "gridlock_state": "GA"}}, {"type": "Feature", "geometry": {"type": "Point", "coordinates": [-83.2698192, 30.8040724]}, "properties": {"barrier": "fence", "name": "Mud Creek Substation", "operator": "Georgia Power", "operator:wikidata": "Q5547666", "power": "substation", "ref": "1180", "start_date": "1978", "substation": "distribution", "voltage": "115000;12470", "osm_id": "way/996001755", "gridlock_state": "GA"}}, {"type": "Feature", "geometry": {"type": "Point", "coordinates": [-83.2512863, 30.8326894]}, "properties": {"barrier": "fence", "name": "Archer Daniels Midland Substation", "operator": "Georgia Power", "operator:wikidata": "Q5547666", "operator:wikipedia": "en:Georgia Power", "power": "substation", "substation": "distribution", "voltage": "115000;12000", "osm_id": "way/996001758", "gridlock_state": "GA"}}, {"type": "Feature", "geometry": {"type": "Point", "coordinates": [-83.3180402, 30.8580108]}, "properties": {"barrier": "fence", "name": "Woodvalley Substation", "operator": "Georgia Power", "operator:wikidata": "Q5547666", "power": "substation", "ref": "2000", "substation": "distribution", "voltage": "115000;12470", "osm_id": "way/996001761", "gridlock_state": "GA"}}, {"type": "Feature", "geometry": {"type": "Point", "coordinates": [-80.0895439, 34.0241847]}, "properties": {"barrier": "fence", "name": "Lynchburg Substation", "power": "substation", "substation": "distribution", "voltage": "69000", "osm_id": "way/996734013", "gridlock_state": "SC"}}, {"type": "Feature", "geometry": {"type": "Point", "coordinates": [-82.5561804, 31.5389168]}, "properties": {"barrier": "fence", "name": "Milliken Substation", "operator": "Georgia Power", "operator:wikidata": "Q5547666", "operator:wikipedia": "en:Georgia Power", "power": "substation", "substation": "industrial", "voltage": "115000", "osm_id": "way/1002372960", "gridlock_state": "GA"}}, {"type": "Feature", "geometry": {"type": "Point", "coordinates": [-82.4284519, 31.6621823]}, "properties": {"barrier": "fence", "name": "Big Creek Substation", "operator": "Satilla EMC", "power": "substation", "substation": "distribution", "voltage": "46000", "osm_id": "way/1002413702", "gridlock_state": "GA"}}, {"type": "Feature", "geometry": {"type": "Point", "coordinates": [-82.445406, 31.8197175]}, "properties": {"barrier": "fence", "name": "Pine Grove Substation", "operator": "Satilla EMC", "power": "substation", "substation": "distribution", "voltage": "115000", "osm_id": "way/1003201213", "gridlock_state": "GA"}}, {"type": "Feature", "geometry": {"type": "Point", "coordinates": [-82.3224446, 31.7678298]}, "properties": {"barrier": "fence", "name": "Rayonier Substation", "operator": "Georgia Power", "operator:wikidata": "Q5547666", "operator:wikipedia": "en:Georgia Power", "power": "substation", "substation": "industrial", "voltage": "46000", "osm_id": "way/1003201216", "gridlock_state": "GA"}}, {"type": "Feature", "geometry": {"type": "Point", "coordinates": [-82.2549054, 31.6179522]}, "properties": {"barrier": "fence", "name": "Gainer Cotton Gin Substation", "operator": "Georgia Power", "operator:wikidata": "Q5547666", "operator:wikipedia": "en:Georgia Power", "power": "substation", "substation": "distribution", "voltage": "46000;12000", "osm_id": "way/1003201218", "gridlock_state": "GA"}}, {"type": "Feature", "geometry": {"type": "Point", "coordinates": [-82.1189375, 31.6874585]}, "properties": {"barrier": "fence", "name": "Brentwood Substation", "operator": "Georgia Power", "operator:wikidata": "Q5547666", "operator:wikipedia": "en:Georgia Power", "power": "substation", "substation": "distribution", "voltage": "115000", "osm_id": "way/1003201219", "gridlock_state": "GA"}}, {"type": "Feature", "geometry": {"type": "Point", "coordinates": [-82.3529674, 31.9316826]}, "properties": {"barrier": "fence", "name": "Hatch Site Substation #1", "operator": "Georgia Power", "operator:wikidata": "Q5547666", "operator:wikipedia": "en:Georgia Power", "power": "substation", "substation": "distribution", "voltage": "115000", "osm_id": "way/1003201241", "gridlock_state": "GA"}}, {"type": "Feature", "geometry": {"type": "Point", "coordinates": [-82.3612346, 31.9787862]}, "properties": {"barrier": "fence", "name": "Stanley Substation", "operator": "Georgia Power", "operator:wikidata": "Q5547666", "operator:wikipedia": "en:Georgia Power", "power": "substation", "substation": "distribution", "voltage": "115000", "osm_id": "way/1003714730", "gridlock_state": "GA"}}, {"type": "Feature", "geometry": {"type": "Point", "coordinates": [-82.5089987, 32.270734]}, "properties": {"barrier": "fence", "name": "Kibee Substation", "operator": "Georgia Power", "operator:wikidata": "Q5547666", "operator:wikipedia": "en:Georgia Power", "power": "substation", "substation": "distribution", "voltage": "46000", "osm_id": "way/1003714739", "gridlock_state": "GA"}}, {"type": "Feature", "geometry": {"type": "Point", "coordinates": [-82.3341516, 32.6136325]}, "properties": {"barrier": "fence", "name": "Swainsboro Substation #2", "operator": "Georgia Power", "operator:wikidata": "Q5547666", "operator:wikipedia": "en:Georgia Power", "power": "substation", "substation": "distribution", "voltage": "46000", "osm_id": "way/1005695441", "gridlock_state": "GA"}}, {"type": "Feature", "geometry": {"type": "Point", "coordinates": [-82.3194712, 32.5922406]}, "properties": {"barrier": "fence", "name": "Swainsboro Substation", "operator": "Georgia Power", "operator:wikidata": "Q5547666", "operator:wikipedia": "en:Georgia Power", "power": "substation", "substation": "distribution", "voltage": "115000", "osm_id": "way/1005695443", "gridlock_state": "GA"}}, {"type": "Feature", "geometry": {"type": "Point", "coordinates": [-82.4482061, 32.685683]}, "properties": {"barrier": "fence", "name": "Pinetucky Substation", "operator": "Georgia Power", "operator:wikidata": "Q5547666", "operator:wikipedia": "en:Georgia Power", "power": "substation", "substation": "distribution", "voltage": "46000", "osm_id": "way/1005695449", "gridlock_state": "GA"}}, {"type": "Feature", "geometry": {"type": "Point", "coordinates": [-82.5173108, 32.696423]}, "properties": {"barrier": "fence", "name": "Kite Substation", "operator": "Georgia Power", "operator:wikidata": "Q5547666", "operator:wikipedia": "en:Georgia Power", "power": "substation", "substation": "distribution", "voltage": "46000", "osm_id": "way/1005695450", "gridlock_state": "GA"}}, {"type": "Feature", "geometry": {"type": "Point", "coordinates": [-82.2328302, 32.8291643]}, "properties": {"barrier": "fence", "name": "Midville Substation", "operator": "Georgia Power", "operator:wikidata": "Q5547666", "power": "substation", "substation": "distribution", "voltage": "46000", "osm_id": "way/1005695458", "gridlock_state": "GA"}}, {"type": "Feature", "geometry": {"type": "Point", "coordinates": [-82.2337047, 32.8288487]}, "properties": {"barrier": "fence", "name": "Midville Substation #9", "operator": "Georgia Power", "operator:wikidata": "Q5547666", "power": "substation", "substation": "distribution", "voltage": "46000", "osm_id": "way/1005695459", "gridlock_state": "GA"}}, {"type": "Feature", "geometry": {"type": "Point", "coordinates": [-82.2438302, 32.783355]}, "properties": {"barrier": "fence", "name": "Northeast Emanuel Substation", "operator": "Georgia Power", "operator:wikidata": "Q5547666", "operator:wikipedia": "en:Georgia Power", "power": "substation", "substation": "distribution", "voltage": "115000", "osm_id": "way/1005695461", "gridlock_state": "GA"}}, {"type": "Feature", "geometry": {"type": "Point", "coordinates": [-81.9482778, 32.8083275]}, "properties": {"barrier": "fence", "name": "Millen Substation", "operator": "Georgia Power", "operator:wikidata": "Q5547666", "operator:wikipedia": "en:Georgia Power", "power": "substation", "substation": "distribution", "voltage": "115000", "osm_id": "way/1005695478", "gridlock_state": "GA"}}, {"type": "Feature", "geometry": {"type": "Point", "coordinates": [-81.8811393, 33.0251103]}, "properties": {"barrier": "fence", "name": "Alexander Substation", "operator": "Georgia Power", "operator:wikidata": "Q5547666", "power": "substation", "substation": "distribution", "voltage": "115000", "osm_id": "way/1005695479", "gridlock_state": "GA"}}, {"type": "Feature", "geometry": {"type": "Point", "coordinates": [-82.0008219, 33.1037464]}, "properties": {"barrier": "fence", "name": "Mills Road Substation", "operator": "Georgia Power", "operator:wikidata": "Q5547666", "operator:wikipedia": "en:Georgia Power", "power": "substation", "substation": "distribution", "voltage": "115000", "osm_id": "way/1005940883", "gridlock_state": "GA"}}, {"type": "Feature", "geometry": {"type": "Point", "coordinates": [-82.1780083, 33.0958212]}, "properties": {"barrier": "fence", "fixme": "verify name", "name": "Gough City Substation", "operator": "Georgia Power", "operator:wikidata": "Q5547666", "operator:wikipedia": "en:Georgia Power", "power": "substation", "substation": "distribution", "voltage": "46000", "osm_id": "way/1005940897", "gridlock_state": "GA"}}, {"type": "Feature", "geometry": {"type": "Point", "coordinates": [-82.384117, 33.2173076]}, "properties": {"barrier": "fence", "name": "Wrens 46/12 kV Substation", "operator": "Georgia Power", "operator:wikidata": "Q5547666", "operator:wikipedia": "en:Georgia Power", "power": "substation", "substation": "distribution", "voltage": "46000;12000", "osm_id": "way/1005940913", "gridlock_state": "GA"}}, {"type": "Feature", "geometry": {"type": "Point", "coordinates": [-82.4158724, 32.8846571]}, "properties": {"barrier": "fence", "description": "Expanded in 2018, to support the expansion of the Nuclear Plant Vogtle (+2 reactors)", "frequency": "60", "name": "Wadley Substation", "operator": "Georgia Power", "operator:wikidata": "Q5547666", "power": "substation", "substation": "transmission", "voltage": "500000", "osm_id": "way/1005940922", "gridlock_state": "GA"}}, {"type": "Feature", "geometry": {"type": "Point", "coordinates": [-82.4820452, 32.9775036]}, "properties": {"barrier": "fence", "name": "Ebenezer Substation", "operator": "Georgia Power", "operator:wikidata": "Q5547666", "power": "substation", "start_date": "2018", "substation": "distribution", "voltage": "115000", "osm_id": "way/1006156495", "gridlock_state": "GA"}}, {"type": "Feature", "geometry": {"type": "Point", "coordinates": [-82.6041517, 32.981863]}, "properties": {"barrier": "fence", "name": "Davidsboro Substation", "operator": "Georgia Power", "operator:wikidata": "Q5547666", "power": "substation", "substation": "distribution", "voltage": "46000", "osm_id": "way/1006156499", "gridlock_state": "GA"}}, {"type": "Feature", "geometry": {"type": "Point", "coordinates": [-82.4687908, 32.8857373]}, "properties": {"barrier": "fence", "name": "Bartow Substation", "operator": "Georgia Power", "operator:wikidata": "Q5547666", "operator:wikipedia": "en:Georgia Power", "power": "substation", "substation": "distribution", "voltage": "46000", "osm_id": "way/1006156507", "gridlock_state": "GA"}}, {"type": "Feature", "geometry": {"type": "Point", "coordinates": [-85.3632846, 31.234631]}, "properties": {"addr:city": "Dothan", "addr:housenumber": "664", "addr:state": "AL", "addr:street": "Ross Clark Circle", "barrier": "fence", "location": "outdoor", "name": "East Dothan Substation", "operator": "Dothan Utilities", "power": "substation", "substation": "distribution", "voltage": "115000", "osm_id": "way/1006857606", "gridlock_state": ""}}, {"type": "Feature", "geometry": {"type": "Point", "coordinates": [-85.3671772, 31.2091158]}, "properties": {"addr:city": "Dothan", "addr:housenumber": "716", "addr:state": "AL", "addr:street": "Haven Drive", "barrier": "fence", "name": "East Haven Substation", "operator": "Dothan Utilities", "power": "substation", "voltage": "115000", "osm_id": "way/1006857610", "gridlock_state": ""}}, {"type": "Feature", "geometry": {"type": "Point", "coordinates": [-81.9496519, 33.3453698]}, "properties": {"barrier": "fence", "name": "Olin Corp. Substation", "operator": "Georgia Power", "operator:wikidata": "Q5547666", "operator:wikipedia": "en:Georgia Power", "power": "substation", "substation": "industrial", "voltage": "115000", "osm_id": "way/1007026758", "gridlock_state": "GA"}}, {"type": "Feature", "geometry": {"type": "Point", "coordinates": [-81.9892916, 33.4481297]}, "properties": {"barrier": "fence", "name": "Turphy Hill Substation", "operator": "Georgia Power", "operator:wikidata": "Q5547666", "operator:wikipedia": "en:Georgia Power", "power": "substation", "substation": "distribution", "voltage": "230000", "osm_id": "way/1007026812", "gridlock_state": "GA"}}, {"type": "Feature", "geometry": {"type": "Point", "coordinates": [-82.0411356, 33.4523315]}, "properties": {"barrier": "fence", "name": "West Augusta Substation", "operator": "Georgia Power", "operator:wikidata": "Q5547666", "operator:wikipedia": "en:Georgia Power", "power": "substation", "substation": "distribution", "voltage": "115000", "osm_id": "way/1007026813", "gridlock_state": "GA"}}, {"type": "Feature", "geometry": {"type": "Point", "coordinates": [-84.4186204, 33.7764838]}, "properties": {"barrier": "wall", "name": "QTS Substation #2", "operator": "Georgia Power", "operator:wikidata": "Q5547666", "operator:wikipedia": "en:Georgia Power", "power": "substation", "substation": "industrial", "voltage": "115000", "osm_id": "way/1007825572", "gridlock_state": "GA"}}, {"type": "Feature", "geometry": {"type": "Point", "coordinates": [-81.2094724, 32.2487012]}, "properties": {"barrier": "fence", "name": "Goshen Substation", "operator": "Georgia Power", "operator:wikidata": "Q5547666", "power": "substation", "substation": "distribution", "voltage": "115000", "osm_id": "way/1008141064", "gridlock_state": "GA"}}, {"type": "Feature", "geometry": {"type": "Point", "coordinates": [-85.4185337, 31.1990205]}, "properties": {"addr:city": "Dothan", "addr:housenumber": "1301", "addr:state": "AL", "addr:street": "West Carroll Street", "barrier": "fence", "name": "West Carroll Substation", "operator": "Dothan Utilities", "power": "substation", "substation": "distribution", "voltage": "115000", "osm_id": "way/1008697159", "gridlock_state": ""}}, {"type": "Feature", "geometry": {"type": "Point", "coordinates": [-83.7756129, 32.9509945]}, "properties": {"barrier": "fence", "name": "Bolingbroke Substation", "operator": "Georgia Power", "operator:wikidata": "Q5547666", "operator:wikipedia": "en:Georgia Power", "power": "substation", "substation": "distribution", "voltage": "115000", "osm_id": "way/1010771982", "gridlock_state": "GA"}}, {"type": "Feature", "geometry": {"type": "Point", "coordinates": [-83.745818, 32.8356204]}, "properties": {"barrier": "fence", "name": "Twin Pines Substation", "operator": "Georgia Power", "operator:wikidata": "Q5547666", "operator:wikipedia": "en:Georgia Power", "power": "substation", "substation": "distribution", "voltage": "115000", "osm_id": "way/1010771989", "gridlock_state": "GA"}}, {"type": "Feature", "geometry": {"type": "Point", "coordinates": [-83.7133441, 32.9374975]}, "properties": {"barrier": "fence", "name": "Bass Road Substation", "operator": "Georgia Power", "operator:wikidata": "Q5547666", "operator:wikipedia": "en:Georgia Power", "power": "substation", "substation": "distribution", "voltage": "115000", "osm_id": "way/1010771994", "gridlock_state": "GA"}}, {"type": "Feature", "geometry": {"type": "Point", "coordinates": [-83.6654983, 32.9077822]}, "properties": {"barrier": "fence", "name": "Town Creek Substation", "operator": "Georgia Power", "operator:wikidata": "Q5547666", "operator:wikipedia": "en:Georgia Power", "power": "substation", "substation": "distribution", "voltage": "115000", "osm_id": "way/1010772010", "gridlock_state": "GA"}}, {"type": "Feature", "geometry": {"type": "Point", "coordinates": [-83.5582062, 32.9987911]}, "properties": {"barrier": "fence", "name": "Clinton Substation", "operator": "Georgia Power", "operator:wikidata": "Q5547666", "operator:wikipedia": "en:Georgia Power", "power": "substation", "substation": "distribution", "voltage": "115000", "osm_id": "way/1010772018", "gridlock_state": "GA"}}, {"type": "Feature", "geometry": {"type": "Point", "coordinates": [-83.1105422, 33.0215936]}, "properties": {"barrier": "fence", "name": "E. C. Lavender Substation", "operator": "Georgia Power", "operator:wikidata": "Q5547666", "operator:wikipedia": "en:Georgia Power", "power": "substation", "substation": "distribution", "voltage": "115000", "osm_id": "way/1011162722", "gridlock_state": "GA"}}, {"type": "Feature", "geometry": {"type": "Point", "coordinates": [-82.8797626, 33.0054267]}, "properties": {"barrier": "fence", "name": "Robins Spring Substation", "operator": "Georgia Power", "operator:wikidata": "Q5547666", "operator:wikipedia": "en:Georgia Power", "power": "substation", "substation": "distribution", "voltage": "115000", "osm_id": "way/1011162726", "gridlock_state": "GA"}}, {"type": "Feature", "geometry": {"type": "Point", "coordinates": [-83.3710151, 32.7993171]}, "properties": {"barrier": "fence", "name": "Ashbury Substation", "operator": "Georgia Power", "operator:wikidata": "Q5547666", "operator:wikipedia": "en:Georgia Power", "power": "substation", "substation": "distribution", "voltage": "115000", "osm_id": "way/1011162728", "gridlock_state": "GA"}}, {"type": "Feature", "geometry": {"type": "Point", "coordinates": [-82.1364613, 31.3933334]}, "properties": {"barrier": "fence", "name": "Patterson Switchyard", "operator": "Georgia Power", "operator:wikidata": "Q5547666", "power": "substation", "substation": "switching", "voltage": "12000", "osm_id": "way/1011655898", "gridlock_state": "GA"}}, {"type": "Feature", "geometry": {"type": "Point", "coordinates": [-81.2064371, 32.1208622]}, "properties": {"barrier": "fence", "name": "Gulfstream Hangar Substation", "operator": "Georgia Power", "operator:wikidata": "Q5547666", "operator:wikipedia": "en:Georgia Power", "power": "substation", "substation": "industrial", "voltage": "46000", "osm_id": "way/1011846543", "gridlock_state": "GA"}}, {"type": "Feature", "geometry": {"type": "Point", "coordinates": [-81.1749298, 32.1021911]}, "properties": {"barrier": "fence", "name": "Newell Recycling Substation", "operator": "Georgia Power", "operator:wikidata": "Q5547666", "operator:wikipedia": "en:Georgia Power", "power": "substation", "substation": "distribution", "voltage": "46000", "osm_id": "way/1011846546", "gridlock_state": "GA"}}, {"type": "Feature", "geometry": {"type": "Point", "coordinates": [-81.1463399, 32.0961204]}, "properties": {"barrier": "fence", "name": "Georgia Power Substation", "operator": "Georgia Power", "operator:wikidata": "Q5547666", "operator:wikipedia": "en:Georgia Power", "power": "substation", "substation": "distribution", "voltage": "46000", "osm_id": "way/1011846547", "gridlock_state": "GA"}}, {"type": "Feature", "geometry": {"type": "Point", "coordinates": [-81.116077, 32.0973197]}, "properties": {"barrier": "fence", "name": "Coleman Substation", "operator": "Georgia Power", "operator:wikidata": "Q5547666", "operator:wikipedia": "en:Georgia Power", "power": "substation", "substation": "distribution", "voltage": "115000", "osm_id": "way/1011846565", "gridlock_state": "GA"}}, {"type": "Feature", "geometry": {"type": "Point", "coordinates": [-81.1437453, 32.1113174]}, "properties": {"barrier": "fence", "name": "Herty Substation", "operator": "Georgia Power", "operator:wikidata": "Q5547666", "operator:wikipedia": "en:Georgia Power", "power": "substation", "substation": "industrial", "voltage": "46000", "osm_id": "way/1011846567", "gridlock_state": "GA"}}, {"type": "Feature", "geometry": {"type": "Point", "coordinates": [-81.1966034, 32.1384585]}, "properties": {"barrier": "fence", "name": "Gulfstream 1 Substation", "operator": "Georgia Power", "operator:wikidata": "Q5547666", "operator:wikipedia": "en:Georgia Power", "power": "substation", "substation": "distribution", "voltage": "46000", "osm_id": "way/1011846572", "gridlock_state": "GA"}}, {"type": "Feature", "geometry": {"type": "Point", "coordinates": [-81.1909653, 32.1367372]}, "properties": {"barrier": "fence", "name": "Gulfstream 3 Substation", "operator": "Georgia Power", "operator:wikidata": "Q5547666", "operator:wikipedia": "en:Georgia Power", "power": "substation", "substation": "distribution", "voltage": "46000", "osm_id": "way/1011846573", "gridlock_state": "GA"}}, {"type": "Feature", "geometry": {"type": "Point", "coordinates": [-81.1932891, 32.1369518]}, "properties": {"barrier": "fence", "name": "Gulfstream 2 Substation", "operator": "Georgia Power", "operator:wikidata": "Q5547666", "operator:wikipedia": "en:Georgia Power", "power": "substation", "substation": "distribution", "voltage": "46000", "osm_id": "way/1011846575", "gridlock_state": "GA"}}, {"type": "Feature", "geometry": {"type": "Point", "coordinates": [-83.7121892, 33.7669785]}, "properties": {"barrier": "fence", "name": "Silgan Plastics Substation", "operator": "Georgia Power", "operator:wikidata": "Q5547666", "operator:wikipedia": "en:Georgia Power", "power": "substation", "substation": "industrial", "voltage": "46000", "osm_id": "way/1012139372", "gridlock_state": "GA"}}, {"type": "Feature", "geometry": {"type": "Point", "coordinates": [-83.7083715, 33.7698747]}, "properties": {"barrier": "fence", "name": "Flanbeau Plastics Corp. Substation", "operator": "Georgia Power", "operator:wikidata": "Q5547666", "operator:wikipedia": "en:Georgia Power", "power": "substation", "substation": "industrial", "voltage": "46000", "osm_id": "way/1012139373", "gridlock_state": "GA"}}, {"type": "Feature", "geometry": {"type": "Point", "coordinates": [-83.7056541, 33.9303437]}, "properties": {"barrier": "fence", "name": "Harrison Poultry Substation", "operator": "Georgia Power", "operator:wikidata": "Q5547666", "operator:wikipedia": "en:Georgia Power", "power": "substation", "substation": "industrial", "voltage": "46000", "osm_id": "way/1012139385", "gridlock_state": "GA"}}, {"type": "Feature", "geometry": {"type": "Point", "coordinates": [-83.9611852, 34.1707187]}, "properties": {"barrier": "fence", "name": "Gaines Ferry Substation", "operator": "Georgia Power", "operator:wikidata": "Q5547666", "operator:wikipedia": "en:Georgia Power", "power": "substation", "substation": "distribution", "voltage": "115000", "osm_id": "way/1012559549", "gridlock_state": "GA"}}, {"type": "Feature", "geometry": {"type": "Point", "coordinates": [-83.928397, 34.0788539]}, "properties": {"barrier": "fence", "name": "Rock Quarry Substation", "operator": "Georgia Power", "operator:wikidata": "Q5547666", "operator:wikipedia": "en:Georgia Power", "power": "substation", "substation": "distribution", "voltage": "115000", "osm_id": "way/1012559579", "gridlock_state": "GA"}}, {"type": "Feature", "geometry": {"type": "Point", "coordinates": [-83.9700735, 34.0650148]}, "properties": {"barrier": "fence", "name": "Mall of Georgia Substation", "operator": "Georgia Power", "operator:wikidata": "Q5547666", "operator:wikipedia": "en:Georgia Power", "power": "substation", "substation": "distribution", "voltage": "115000", "osm_id": "way/1012559581", "gridlock_state": "GA"}}, {"type": "Feature", "geometry": {"type": "Point", "coordinates": [-83.9895048, 34.0483408]}, "properties": {"barrier": "fence", "name": "Ivy Creek Substation", "operator": "Georgia Power", "operator:wikidata": "Q5547666", "operator:wikipedia": "en:Georgia Power", "power": "substation", "substation": "distribution", "voltage": "115000", "osm_id": "way/1012559583", "gridlock_state": "GA"}}, {"type": "Feature", "geometry": {"type": "Point", "coordinates": [-84.0179787, 34.0558443]}, "properties": {"barrier": "fence", "name": "North AWRF Substation", "operator": "Georgia Power", "operator:wikidata": "Q5547666", "operator:wikipedia": "en:Georgia Power", "power": "substation", "substation": "industrial", "voltage": "115000", "osm_id": "way/1012559590", "gridlock_state": "GA"}}, {"type": "Feature", "geometry": {"type": "Point", "coordinates": [-84.1717497, 34.0513087]}, "properties": {"barrier": "fence", "name": "Johns Creek Substation", "operator": "Georgia Power", "operator:wikidata": "Q5547666", "operator:wikipedia": "en:Georgia Power", "power": "substation", "substation": "distribution", "voltage": "230000", "osm_id": "way/1012805245", "gridlock_state": "GA"}}, {"type": "Feature", "geometry": {"type": "Point", "coordinates": [-81.2816515, 32.1970619]}, "properties": {"barrier": "fence", "name": "South Effigham Substation", "operator": "Georgia Power", "operator:wikidata": "Q5547666", "operator:wikipedia": "en:Georgia Power", "power": "substation", "substation": "distribution", "voltage": "115000", "osm_id": "way/1015932053", "gridlock_state": "GA"}}, {"type": "Feature", "geometry": {"type": "Point", "coordinates": [-81.4762098, 32.2833728]}, "properties": {"barrier": "fence", "name": "Ivanhoe Substation", "operator": "Georgia Power", "operator:wikidata": "Q5547666", "operator:wikipedia": "en:Georgia Power", "power": "substation", "substation": "distribution", "voltage": "115000", "osm_id": "way/1015932058", "gridlock_state": "GA"}}, {"type": "Feature", "geometry": {"type": "Point", "coordinates": [-81.1781506, 32.2554584]}, "properties": {"barrier": "fence", "name": "Abercorn Creek Substation", "operator": "Georgia Power", "operator:wikidata": "Q5547666", "operator:wikipedia": "en:Georgia Power", "power": "substation", "substation": "industrial", "voltage": "46000", "osm_id": "way/1015932072", "gridlock_state": "GA"}}, {"type": "Feature", "geometry": {"type": "Point", "coordinates": [-81.1712911, 32.2006307]}, "properties": {"barrier": "fence", "name": "EMD Chemicals Substation", "operator": "Georgia Power", "operator:wikidata": "Q5547666", "operator:wikipedia": "en:Georgia Power", "power": "substation", "substation": "industrial", "voltage": "46000", "osm_id": "way/1015932076", "gridlock_state": "GA"}}, {"type": "Feature", "geometry": {"type": "Point", "coordinates": [-82.8638746, 34.1141491]}, "properties": {"barrier": "fence", "name": "Elberton Substation", "operator": "Georgia Power", "operator:wikidata": "Q5547666", "operator:wikipedia": "en:Georgia Power", "power": "substation", "substation": "distribution", "voltage": "115000", "osm_id": "way/1016792801", "gridlock_state": "GA"}}, {"type": "Feature", "geometry": {"type": "Point", "coordinates": [-82.9317914, 34.1017506]}, "properties": {"barrier": "fence", "name": "Sweet City Substation", "operator": "Georgia Power", "operator:wikidata": "Q5547666", "operator:wikipedia": "en:Georgia Power", "power": "substation", "substation": "distribution", "voltage": "46000", "osm_id": "way/1016792813", "gridlock_state": "GA"}}, {"type": "Feature", "geometry": {"type": "Point", "coordinates": [-82.9790001, 34.0622837]}, "properties": {"barrier": "fence", "name": "Broad River Stone Substation", "operator": "Georgia Power", "operator:wikidata": "Q5547666", "operator:wikipedia": "en:Georgia Power", "power": "substation", "substation": "industrial", "voltage": "46000", "osm_id": "way/1016792815", "gridlock_state": "GA"}}, {"type": "Feature", "geometry": {"type": "Point", "coordinates": [-83.0993192, 34.0545089]}, "properties": {"barrier": "fence", "name": "Carlton Rural Substation", "operator": "Georgia Power", "operator:wikidata": "Q5547666", "operator:wikipedia": "en:Georgia Power", "power": "substation", "substation": "industrial", "voltage": "46000;12000", "osm_id": "way/1016792824", "gridlock_state": "GA"}}, {"type": "Feature", "geometry": {"type": "Point", "coordinates": [-83.4821195, 34.2128389]}, "properties": {"barrier": "fence", "name": "Roper Industries Substation #2", "operator": "Georgia Power", "operator:wikidata": "Q5547666", "operator:wikipedia": "en:Georgia Power", "power": "substation", "substation": "industrial", "voltage": "46000", "osm_id": "way/1017396834", "gridlock_state": "GA"}}, {"type": "Feature", "geometry": {"type": "Point", "coordinates": [-83.4826226, 34.2143]}, "properties": {"barrier": "fence", "name": "Roper Industries Substation #1", "operator": "Georgia Power", "operator:wikidata": "Q5547666", "operator:wikipedia": "en:Georgia Power", "power": "substation", "substation": "industrial", "voltage": "46000", "osm_id": "way/1017396836", "gridlock_state": "GA"}}, {"type": "Feature", "geometry": {"type": "Point", "coordinates": [-83.3180176, 34.0663998]}, "properties": {"barrier": "fence", "name": "Plantation Pipeline Substation", "operator": "Georgia Power", "operator:wikidata": "Q5547666", "operator:wikipedia": "en:Georgia Power", "power": "substation", "substation": "distribution", "voltage": "115000", "osm_id": "way/1017396853", "gridlock_state": "GA"}}, {"type": "Feature", "geometry": {"type": "Point", "coordinates": [-83.5463818, 34.2461333]}, "properties": {"barrier": "fence", "name": "East Maysville Substation", "operator": "Georgia Power", "operator:wikidata": "Q5547666", "operator:wikipedia": "en:Georgia Power", "power": "substation", "substation": "distribution", "voltage": "115000", "osm_id": "way/1017396857", "gridlock_state": "GA"}}, {"type": "Feature", "geometry": {"type": "Point", "coordinates": [-83.569619, 34.1181759]}, "properties": {"barrier": "fence", "name": "Jefferson Substation", "operator": "Georgia Power", "operator:wikidata": "Q5547666", "operator:wikipedia": "en:Georgia Power", "power": "substation", "substation": "distribution", "voltage": "69000", "osm_id": "way/1017508450", "gridlock_state": "GA"}}, {"type": "Feature", "geometry": {"type": "Point", "coordinates": [-83.5821376, 34.1164009]}, "properties": {"barrier": "fence", "name": "Jefferson Mills Substation", "operator": "Georgia Power", "operator:wikidata": "Q5547666", "operator:wikipedia": "en:Georgia Power", "power": "substation", "substation": "industrial", "voltage": "46000", "osm_id": "way/1017508453", "gridlock_state": "GA"}}, {"type": "Feature", "geometry": {"type": "Point", "coordinates": [-83.4984299, 33.9891595]}, "properties": {"barrier": "fence", "name": "Tallassee Hydro Project Substation", "operator": "Georgia Power", "operator:wikidata": "Q5547666", "operator:wikipedia": "en:Georgia Power", "power": "substation", "substation": "generation", "voltage": "46000", "osm_id": "way/1017508465", "gridlock_state": "GA"}}, {"type": "Feature", "geometry": {"type": "Point", "coordinates": [-83.5111704, 33.9437369]}, "properties": {"addr:city": "Athens", "addr:housenumber": "5265", "addr:postcode": "30606", "addr:street": "Atlanta Highway", "barrier": "fence", "name": "Caterpillar Substation", "operator": "Georgia Power", "operator:wikidata": "Q5547666", "operator:wikipedia": "en:Georgia Power", "power": "substation", "ref:athensclarkeaddress": "28181", "substation": "distribution", "voltage": "230000", "osm_id": "way/1017508470", "gridlock_state": "GA"}}, {"type": "Feature", "geometry": {"type": "Point", "coordinates": [-83.3922512, 33.8640034]}, "properties": {"barrier": "fence", "name": "Watkinsville Substation", "operator": "Georgia Power", "operator:wikidata": "Q5547666", "operator:wikipedia": "en:Georgia Power", "power": "substation", "substation": "distribution", "voltage": "115000", "osm_id": "way/1017508479", "gridlock_state": "GA"}}, {"type": "Feature", "geometry": {"type": "Point", "coordinates": [-83.5872239, 33.9593765]}, "properties": {"barrier": "fence", "name": "Statham Substation", "operator": "Georgia Power", "operator:wikidata": "Q5547666", "operator:wikipedia": "en:Georgia Power", "power": "substation", "substation": "distribution", "voltage": "115000", "osm_id": "way/1017508492", "gridlock_state": "GA"}}, {"type": "Feature", "geometry": {"type": "Point", "coordinates": [-83.5794808, 33.977796]}, "properties": {"barrier": "fence", "name": "Jefferson Rd Substation", "operator": "Georgia Power", "operator:wikidata": "Q5547666", "power": "substation", "substation": "transmission", "voltage": "115000", "osm_id": "way/1017583912", "gridlock_state": "GA"}}, {"type": "Feature", "geometry": {"type": "Point", "coordinates": [-82.1362912, 33.3830124]}, "properties": {"barrier": "fence", "name": "Fort Gordon Solar Substation", "operator": "Georgia Power", "operator:wikidata": "Q5547666", "operator:wikipedia": "en:Georgia Power", "power": "substation", "start_date": "2016", "substation": "generation", "voltage": "115000", "osm_id": "way/1020765478", "gridlock_state": "GA"}}, {"type": "Feature", "geometry": {"type": "Point", "coordinates": [-82.3794673, 33.4189323]}, "properties": {"barrier": "fence", "name": "Dearing Substation", "operator": "Georgia Power", "operator:wikidata": "Q5547666", "operator:wikipedia": "en:Georgia Power", "power": "substation", "substation": "distribution", "voltage": "46000;25000", "osm_id": "way/1020780331", "gridlock_state": "GA"}}, {"type": "Feature", "geometry": {"type": "Point", "coordinates": [-82.4204942, 33.4021234]}, "properties": {"barrier": "fence", "name": "Iron Hill Substation #15", "operator": "Georgia Power", "operator:wikidata": "Q5547666", "operator:wikipedia": "en:Georgia Power", "power": "substation", "substation": "distribution", "voltage": "46000;25000", "osm_id": "way/1020780350", "gridlock_state": "GA"}}, {"type": "Feature", "geometry": {"type": "Point", "coordinates": [-82.4296663, 33.3155026]}, "properties": {"barrier": "fence", "name": "Thiele Kaolin Substation", "operator": "Georgia Power", "operator:wikidata": "Q5547666", "power": "substation", "substation": "industrial", "voltage": "46000", "osm_id": "way/1020780352", "gridlock_state": "GA"}}, {"type": "Feature", "geometry": {"type": "Point", "coordinates": [-82.4495503, 33.2648767]}, "properties": {"barrier": "fence", "name": "Thiele Kaolin Substation", "operator": "Georgia Power", "operator:wikidata": "Q5547666", "operator:wikipedia": "en:Georgia Power", "power": "substation", "substation": "industrial", "voltage": "46000", "osm_id": "way/1020780354", "gridlock_state": "GA"}}, {"type": "Feature", "geometry": {"type": "Point", "coordinates": [-82.09685, 33.4834516]}, "properties": {"barrier": "fence", "name": "Wheeler Road Substation", "operator": "Georgia Power", "operator:wikidata": "Q5547666", "operator:wikipedia": "en:Georgia Power", "power": "substation", "start_date": "1998", "substation": "distribution", "voltage": "230000", "osm_id": "way/1020815631", "gridlock_state": "GA"}}, {"type": "Feature", "geometry": {"type": "Point", "coordinates": [-84.1722155, 33.1207809]}, "properties": {"barrier": "fence", "name": "Milner Substation #7", "operator": "Georgia Power", "operator:wikidata": "Q5547666", "operator:wikipedia": "en:Georgia Power", "power": "substation", "substation": "distribution", "voltage": "69000", "osm_id": "way/1020907690", "gridlock_state": "GA"}}, {"type": "Feature", "geometry": {"type": "Point", "coordinates": [-84.2055405, 33.1504491]}, "properties": {"barrier": "fence", "name": "Dixie Pipeline Substation", "operator": "Georgia Power", "operator:wikidata": "Q5547666", "operator:wikipedia": "en:Georgia Power", "power": "substation", "substation": "industrial", "voltage": "69000;2400", "osm_id": "way/1020907692", "gridlock_state": "GA"}}, {"type": "Feature", "geometry": {"type": "Point", "coordinates": [-84.201551, 33.1900109]}, "properties": {"barrier": "fence", "name": "North Thomaston Substation", "operator": "Georgia Power", "operator:wikidata": "Q5547666", "operator:wikipedia": "en:Georgia Power", "power": "substation", "substation": "distribution", "voltage": "69000", "osm_id": "way/1020907693", "gridlock_state": "GA"}}, {"type": "Feature", "geometry": {"type": "Point", "coordinates": [-84.3422808, 33.1144831]}, "properties": {"barrier": "fence", "name": "North Zebulon Substation", "operator": "Georgia Power", "operator:wikidata": "Q5547666", "operator:wikipedia": "en:Georgia Power", "power": "substation", "substation": "distribution", "voltage": "69000", "osm_id": "way/1020907704", "gridlock_state": "GA"}}, {"type": "Feature", "geometry": {"type": "Point", "coordinates": [-84.3425445, 33.0707222]}, "properties": {"barrier": "fence", "name": "Southern Mills Substation", "operator": "Georgia Power", "operator:wikidata": "Q5547666", "operator:wikipedia": "en:Georgia Power", "power": "substation", "substation": "industrial", "voltage": "46000", "osm_id": "way/1020907708", "gridlock_state": "GA"}}, {"type": "Feature", "geometry": {"type": "Point", "coordinates": [-84.342517, 33.0705185]}, "properties": {"barrier": "fence", "name": "Thomaston Mills Substation #2", "operator": "Georgia Power", "operator:wikidata": "Q5547666", "operator:wikipedia": "en:Georgia Power", "power": "substation", "substation": "industrial", "voltage": "46000", "osm_id": "way/1020907709", "gridlock_state": "GA"}}, {"type": "Feature", "geometry": {"type": "Point", "coordinates": [-84.4338717, 33.0872377]}, "properties": {"barrier": "fence", "name": "Concord Substation", "operator": "Georgia Power", "operator:wikidata": "Q5547666", "operator:wikipedia": "en:Georgia Power", "power": "substation", "substation": "distribution", "voltage": "46000;12000", "osm_id": "way/1021051746", "gridlock_state": "GA"}}, {"type": "Feature", "geometry": {"type": "Point", "coordinates": [-84.4898257, 33.0120989]}, "properties": {"barrier": "fence", "name": "Molena 46/12 Substation", "operator": "Georgia Power", "operator:wikidata": "Q5547666", "operator:wikipedia": "en:Georgia Power", "power": "substation", "substation": "distribution", "voltage": "46000;12000", "osm_id": "way/1021051747", "gridlock_state": "GA"}}, {"type": "Feature", "geometry": {"type": "Point", "coordinates": [-84.4905433, 32.9684243]}, "properties": {"barrier": "fence", "name": "Thomaston Substation #2 - Southern Mills", "operator": "Georgia Power", "operator:wikidata": "Q5547666", "operator:wikipedia": "en:Georgia Power", "power": "substation", "substation": "industrial", "voltage": "46000", "osm_id": "way/1021051751", "gridlock_state": "GA"}}, {"type": "Feature", "geometry": {"type": "Point", "coordinates": [-84.5688471, 32.9704777]}, "properties": {"barrier": "fence", "name": "Woodbury Substation", "operator": "Georgia Power", "operator:wikidata": "Q5547666", "operator:wikipedia": "en:Georgia Power", "power": "substation", "substation": "distribution", "voltage": "46000", "osm_id": "way/1021051752", "gridlock_state": "GA"}}, {"type": "Feature", "geometry": {"type": "Point", "coordinates": [-84.718545, 33.0251618]}, "properties": {"barrier": "fence", "name": "Greenville Substation", "operator": "Georgia Power", "operator:wikidata": "Q5547666", "operator:wikipedia": "en:Georgia Power", "power": "substation", "substation": "distribution", "voltage": "46000;12000", "osm_id": "way/1021051758", "gridlock_state": "GA"}}, {"type": "Feature", "geometry": {"type": "Point", "coordinates": [-84.7214479, 33.0869271]}, "properties": {"barrier": "fence", "name": "Mead Cooperation Substation", "operator": "Georgia Power", "operator:wikidata": "Q5547666", "operator:wikipedia": "en:Georgia Power", "power": "substation", "substation": "distribution", "voltage": "46000;12000", "osm_id": "way/1021051763", "gridlock_state": "GA"}}, {"type": "Feature", "geometry": {"type": "Point", "coordinates": [-84.9869857, 32.9582823]}, "properties": {"barrier": "fence", "name": "Lanier Road Substation", "operator": "Georgia Power", "operator:wikidata": "Q5547666", "operator:wikipedia": "en:Georgia Power", "power": "substation", "substation": "distribution", "voltage": "115000", "osm_id": "way/1021051764", "gridlock_state": "GA"}}, {"type": "Feature", "geometry": {"type": "Point", "coordinates": [-85.029884, 33.0305316]}, "properties": {"barrier": "fence", "name": "LaGrange Substation #12", "operator": "Georgia Power", "operator:wikidata": "Q5547666", "operator:wikipedia": "en:Georgia Power", "power": "substation", "substation": "distribution", "voltage": "115000", "osm_id": "way/1021051769", "gridlock_state": "GA"}}, {"type": "Feature", "geometry": {"type": "Point", "coordinates": [-84.9129028, 33.1684113]}, "properties": {"barrier": "fence", "name": "Hogansville Substation #2", "operator": "Georgia Power", "operator:wikidata": "Q5547666", "operator:wikipedia": "en:Georgia Power", "power": "substation", "substation": "distribution", "voltage": "115000;12000", "osm_id": "way/1021109690", "gridlock_state": "GA"}}, {"type": "Feature", "geometry": {"type": "Point", "coordinates": [-84.832564, 33.2373472]}, "properties": {"barrier": "fence", "name": "Franklin Aluminium Substation", "operator": "Georgia Power", "operator:wikidata": "Q5547666", "operator:wikipedia": "en:Georgia Power", "power": "substation", "substation": "industrial", "voltage": "46000", "osm_id": "way/1021109692", "gridlock_state": "GA"}}, {"type": "Feature", "geometry": {"type": "Point", "coordinates": [-84.8349789, 33.2398825]}, "properties": {"barrier": "fence", "name": "Rainbow Plastics Substation", "operator": "Georgia Power", "operator:wikidata": "Q5547666", "operator:wikipedia": "en:Georgia Power", "power": "substation", "substation": "distribution", "voltage": "46000", "osm_id": "way/1021109694", "gridlock_state": "GA"}}, {"type": "Feature", "geometry": {"type": "Point", "coordinates": [-84.8178147, 33.3821701]}, "properties": {"barrier": "fence", "name": "W.L. Bonnell Substation #1", "operator": "Georgia Power", "operator:wikidata": "Q5547666", "operator:wikipedia": "en:Georgia Power", "power": "substation", "substation": "industrial", "voltage": "46000", "osm_id": "way/1021109717", "gridlock_state": "GA"}}, {"type": "Feature", "geometry": {"type": "Point", "coordinates": [-83.2338278, 34.0944986]}, "properties": {"barrier": "fence", "name": "Colonial Pipeline Substation", "operator": "Georgia Power", "operator:wikidata": "Q5547666", "operator:wikipedia": "en:Georgia Power", "power": "substation", "substation": "industrial", "voltage": "115000", "osm_id": "way/1023561642", "gridlock_state": "GA"}}, {"type": "Feature", "geometry": {"type": "Point", "coordinates": [-84.8627495, 33.4253662]}, "properties": {"barrier": "fence", "name": "Sargent Substation", "operator": "Georgia Power", "operator:wikidata": "Q5547666", "power": "substation", "substation": "distribution", "voltage": "46000;12000", "osm_id": "way/1024637387", "gridlock_state": "GA"}}, {"type": "Feature", "geometry": {"type": "Point", "coordinates": [-84.8566742, 33.4189181]}, "properties": {"barrier": "fence", "disused": "yes", "name": "Bibb MFG Company Substation", "operator": "Georgia Power", "operator:wikidata": "Q5547666", "power": "substation", "substation": "industrial", "voltage": "46000;600", "osm_id": "way/1024637390", "gridlock_state": "GA"}}, {"type": "Feature", "geometry": {"type": "Point", "coordinates": [-84.9126679, 33.492566]}, "properties": {"barrier": "fence", "name": "Whitesburg Substation", "operator": "Georgia Power", "operator:wikidata": "Q5547666", "power": "substation", "substation": "distribution", "voltage": "46000;12000", "osm_id": "way/1024637393", "gridlock_state": "GA"}}, {"type": "Feature", "geometry": {"type": "Point", "coordinates": [-84.9303139, 33.5061837]}, "properties": {"barrier": "fence", "name": "Canyon Road Substation", "operator": "Georgia Power", "operator:wikidata": "Q5547666", "power": "substation", "substation": "distribution", "voltage": "46000;12470", "osm_id": "way/1024637396", "gridlock_state": "GA"}}, {"type": "Feature", "geometry": {"type": "Point", "coordinates": [-84.6957979, 33.4533577]}, "properties": {"barrier": "fence", "name": "Vulcan Materials Substation", "operator": "Georgia Power", "operator:wikidata": "Q5547666", "power": "substation", "substation": "distribution", "voltage": "46000;12000", "osm_id": "way/1024744435", "gridlock_state": "GA"}}, {"type": "Feature", "geometry": {"type": "Point", "coordinates": [-84.6208529, 33.446939]}, "properties": {"barrier": "fence", "name": "Martin Marietta Substation", "operator": "Georgia Power", "operator:wikidata": "Q5547666", "power": "substation", "substation": "industrial", "voltage": "46000;2400", "osm_id": "way/1024744436", "gridlock_state": "GA"}}, {"type": "Feature", "geometry": {"type": "Point", "coordinates": [-84.7523648, 33.4045763]}, "properties": {"barrier": "fence", "name": "Bleyle America Substation", "operator": "Georgia Power", "operator:wikidata": "Q5547666", "power": "substation", "substation": "industrial", "voltage": "46000;480", "osm_id": "way/1024974036", "gridlock_state": "GA"}}, {"type": "Feature", "geometry": {"type": "Point", "coordinates": [-84.6400914, 33.3422631]}, "properties": {"barrier": "fence", "name": "Sharpsburg Substation", "operator": "Georgia Power", "operator:wikidata": "Q5547666", "power": "substation", "substation": "distribution", "voltage": "115000;12000", "osm_id": "way/1025238551", "gridlock_state": "GA"}}, {"type": "Feature", "geometry": {"type": "Point", "coordinates": [-84.5825157, 33.3427401]}, "properties": {"barrier": "fence", "name": "McIntosh Trail Substation", "operator": "Georgia Power", "operator:wikidata": "Q5547666", "power": "substation", "start_date": "2016", "substation": "distribution", "voltage": "115000;25000", "osm_id": "way/1025238552", "gridlock_state": "GA"}}, {"type": "Feature", "geometry": {"type": "Point", "coordinates": [-84.5630578, 33.3023538]}, "properties": {"barrier": "fence", "name": "Southern Mills Substation #1 (Senoia)", "operator": "Georgia Power", "operator:wikidata": "Q5547666", "power": "substation", "substation": "industrial", "voltage": "46000;600", "osm_id": "way/1025238556", "gridlock_state": "GA"}}, {"type": "Feature", "geometry": {"type": "Point", "coordinates": [-84.561077, 33.3019336]}, "properties": {"barrier": "fence", "name": "Southern Mills Substation #2 (Senoia)", "operator": "Georgia Power", "operator:wikidata": "Q5547666", "power": "substation", "substation": "industrial", "voltage": "46000;600", "osm_id": "way/1025238558", "gridlock_state": "GA"}}, {"type": "Feature", "geometry": {"type": "Point", "coordinates": [-82.666821, 32.1856872]}, "properties": {"barrier": "fence", "name": "Glenwood Substation", "operator": "Georgia Power", "operator:wikidata": "Q5547666", "operator:wikipedia": "en:Georgia Power", "power": "substation", "substation": "distribution", "voltage": "46000;12000", "osm_id": "way/1027432898", "gridlock_state": "GA"}}, {"type": "Feature", "geometry": {"type": "Point", "coordinates": [-82.7837784, 32.1546766]}, "properties": {"barrier": "fence", "name": "Alamo Substation", "operator": "Georgia Power", "operator:wikidata": "Q5547666", "operator:wikipedia": "en:Georgia Power", "power": "substation", "substation": "distribution", "voltage": "115000;12000", "osm_id": "way/1027446086", "gridlock_state": "GA"}}, {"type": "Feature", "geometry": {"type": "Point", "coordinates": [-81.0966287, 32.0114259]}, "properties": {"barrier": "fence", "name": "Oakdale Substation", "operator": "Georgia Power", "operator:wikidata": "Q5547666", "power": "substation", "substation": "distribution", "voltage": "46000;13800", "osm_id": "way/1027488587", "gridlock_state": "GA"}}, {"type": "Feature", "geometry": {"type": "Point", "coordinates": [-81.1296314, 32.0312185]}, "properties": {"barrier": "fence", "name": "Hunter Field Substation", "operator": "Georgia Power", "operator:wikidata": "Q5547666", "power": "substation", "substation": "distribution", "voltage": "46000;13800", "osm_id": "way/1027488597", "gridlock_state": "GA"}}, {"type": "Feature", "geometry": {"type": "Point", "coordinates": [-81.215049, 32.0354301]}, "properties": {"barrier": "fence", "name": "Silk Hope Substation", "operator": "Georgia Power", "operator:wikidata": "Q5547666", "power": "substation", "substation": "distribution", "voltage": "46000;13800", "osm_id": "way/1027495919", "gridlock_state": "GA"}}, {"type": "Feature", "geometry": {"type": "Point", "coordinates": [-80.8451632, 32.0072009]}, "properties": {"barrier": "wall", "name": "Tybee Substation", "operator": "Georgia Power", "operator:wikidata": "Q5547666", "power": "substation", "substation": "distribution", "voltage": "46000;13800", "osm_id": "way/1028138132", "gridlock_state": "GA"}}, {"type": "Feature", "geometry": {"type": "Point", "coordinates": [-81.0544467, 32.0752195]}, "properties": {"barrier": "fence", "name": "Georgia Pacific Gypsum Substation", "operator": "Georgia Power", "operator:wikidata": "Q5547666", "power": "substation", "substation": "industrial", "voltage": "46000;13800", "osm_id": "way/1028278736", "gridlock_state": "GA"}}, {"type": "Feature", "geometry": {"type": "Point", "coordinates": [-81.0587784, 32.0709667]}, "properties": {"barrier": "fence", "name": "BASF Substation", "operator": "Georgia Power", "operator:wikidata": "Q5547666", "power": "substation", "substation": "industrial", "voltage": "46000", "osm_id": "way/1028278740", "gridlock_state": "GA"}}, {"type": "Feature", "geometry": {"type": "Point", "coordinates": [-81.0697093, 32.0745734]}, "properties": {"barrier": "fence", "name": "President Street Sewage Substation", "operator": "Georgia Power", "operator:wikidata": "Q5547666", "power": "substation", "substation": "industrial", "voltage": "46000;400", "osm_id": "way/1028278742", "gridlock_state": "GA"}}, {"type": "Feature", "geometry": {"type": "Point", "coordinates": [-81.1464362, 32.1447631]}, "properties": {"barrier": "fence", "name": "Imperial Sugar Substation", "operator": "Georgia Power", "operator:wikidata": "Q5547666", "power": "substation", "substation": "industrial", "voltage": "46000", "osm_id": "way/1028283109", "gridlock_state": "GA"}}, {"type": "Feature", "geometry": {"type": "Point", "coordinates": [-81.6323312, 32.153538]}, "properties": {"barrier": "fence", "name": "Pembroke Substation", "operator": "Georgia Power", "operator:wikidata": "Q5547666", "operator:wikipedia": "en:Georgia Power", "power": "substation", "substation": "distribution", "voltage": "115000;25000", "osm_id": "way/1028292150", "gridlock_state": "GA"}}, {"type": "Feature", "geometry": {"type": "Point", "coordinates": [-81.5579018, 32.206352]}, "properties": {"barrier": "fence", "name": "Black Creek Substation", "operator": "Georgia Power", "operator:wikidata": "Q5547666", "power": "substation", "substation": "distribution", "voltage": "115000;13800", "osm_id": "way/1028292153", "gridlock_state": "GA"}}, {"type": "Feature", "geometry": {"type": "Point", "coordinates": [-81.8507949, 32.2954216]}, "properties": {"barrier": "fence", "name": "I-16 Substation", "operator": "Georgia Power", "operator:wikidata": "Q5547666", "power": "substation", "substation": "distribution", "voltage": "115000", "osm_id": "way/1028292158", "gridlock_state": "GA"}}, {"type": "Feature", "geometry": {"type": "Point", "coordinates": [-81.8381296, 32.3879398]}, "properties": {"barrier": "fence", "name": "Jimps Substation", "operator": "Georgia Power", "operator:wikidata": "Q5547666", "power": "substation", "substation": "distribution", "voltage": "115000", "osm_id": "way/1028292160", "gridlock_state": "GA"}}, {"type": "Feature", "geometry": {"type": "Point", "coordinates": [-82.000752, 32.1608157]}, "properties": {"barrier": "fence", "name": "Bellville Substation", "operator": "Georgia Power", "operator:wikidata": "Q5547666", "power": "substation", "substation": "distribution", "voltage": "115000", "osm_id": "way/1028300757", "gridlock_state": "GA"}}, {"type": "Feature", "geometry": {"type": "Point", "coordinates": [-82.1257555, 32.1728933]}, "properties": {"barrier": "fence", "name": "Collins Substation", "operator": "Georgia Power", "operator:wikidata": "Q5547666", "power": "substation", "substation": "distribution", "voltage": "115000;46000;25000", "osm_id": "way/1028300759", "gridlock_state": "GA"}}, {"type": "Feature", "geometry": {"type": "Point", "coordinates": [-82.1244248, 32.1301008]}, "properties": {"barrier": "fence", "name": "Rayonier Substation", "operator": "Georgia Power", "operator:wikidata": "Q5547666", "power": "substation", "substation": "industrial", "voltage": "115000", "osm_id": "way/1028300764", "gridlock_state": "GA"}}, {"type": "Feature", "geometry": {"type": "Point", "coordinates": [-82.0315273, 31.9883559]}, "properties": {"barrier": "fence", "name": "Stoney Hill Substation", "operator": "Georgia Power", "operator:wikidata": "Q5547666", "power": "substation", "substation": "distribution", "voltage": "115000", "osm_id": "way/1028300765", "gridlock_state": "GA"}}, {"type": "Feature", "geometry": {"type": "Point", "coordinates": [-81.8861158, 31.8664407]}, "properties": {"barrier": "fence", "name": "South Glennville Substation", "operator": "Georgia Power", "operator:wikidata": "Q5547666", "power": "substation", "substation": "distribution", "voltage": "115000", "osm_id": "way/1028338441", "gridlock_state": "GA"}}, {"type": "Feature", "geometry": {"type": "Point", "coordinates": [-82.3622745, 32.2333832]}, "properties": {"barrier": "fence", "name": "Loop Road Substation", "operator": "Georgia Power", "operator:wikidata": "Q5547666", "power": "substation", "substation": "distribution", "voltage": "115000", "osm_id": "way/1028338443", "gridlock_state": "GA"}}, {"type": "Feature", "geometry": {"type": "Point", "coordinates": [-82.4735833, 32.0790714]}, "properties": {"barrier": "fence", "name": "Alston Substation", "operator": "Georgia Power", "operator:wikidata": "Q5547666", "power": "substation", "substation": "distribution", "voltage": "46000", "osm_id": "way/1028352356", "gridlock_state": "GA"}}, {"type": "Feature", "geometry": {"type": "Point", "coordinates": [-82.5034202, 32.0341379]}, "properties": {"barrier": "fence", "name": "Uvalda Substation", "operator": "Georgia Power", "operator:wikidata": "Q5547666", "power": "substation", "substation": "distribution", "voltage": "46000;12470", "osm_id": "way/1028352359", "gridlock_state": "GA"}}, {"type": "Feature", "geometry": {"type": "Point", "coordinates": [-82.5639613, 31.9034909]}, "properties": {"barrier": "fence", "name": "Beasley Timber Substation", "operator": "Georgia Power", "operator:wikidata": "Q5547666", "power": "substation", "substation": "industrial", "voltage": "46000;4800", "osm_id": "way/1028352361", "gridlock_state": "GA"}}, {"type": "Feature", "geometry": {"type": "Point", "coordinates": [-82.1139589, 31.1806781]}, "properties": {"barrier": "fence", "name": "Hoboken Substation", "operator": "Georgia Power", "operator:wikidata": "Q5547666", "power": "substation", "substation": "distribution", "voltage": "115000", "osm_id": "way/1028438145", "gridlock_state": "GA"}}, {"type": "Feature", "geometry": {"type": "Point", "coordinates": [-82.1347202, 31.3912386]}, "properties": {"barrier": "fence", "name": "Patterson Substation", "operator": "Georgia Power", "operator:wikidata": "Q5547666", "power": "substation", "substation": "distribution", "voltage": "115000", "osm_id": "way/1028438147", "gridlock_state": "GA"}}, {"type": "Feature", "geometry": {"type": "Point", "coordinates": [-81.9715972, 31.2167885]}, "properties": {"barrier": "fence", "name": "Nahunta Substation", "operator": "Georgia Power", "operator:wikidata": "Q5547666", "power": "substation", "substation": "distribution", "voltage": "115000", "osm_id": "way/1028438152", "gridlock_state": "GA"}}, {"type": "Feature", "geometry": {"type": "Point", "coordinates": [-82.0083435, 31.4948336]}, "properties": {"barrier": "fence", "name": "Satilla Creek Substation", "operator": "Georgia Power", "operator:wikidata": "Q5547666", "power": "substation", "substation": "distribution", "voltage": "115000;12000", "osm_id": "way/1028465153", "gridlock_state": "GA"}}, {"type": "Feature", "geometry": {"type": "Point", "coordinates": [-81.9695076, 31.559987]}, "properties": {"barrier": "fence", "name": "Screven Substation", "operator": "Georgia Power", "operator:wikidata": "Q5547666", "power": "substation", "substation": "distribution", "voltage": "115000", "osm_id": "way/1028465156", "gridlock_state": "GA"}}, {"type": "Feature", "geometry": {"type": "Point", "coordinates": [-81.843753, 31.6574204]}, "properties": {"barrier": "fence", "name": "Rayonier Substation", "operator": "Georgia Power", "operator:wikidata": "Q5547666", "power": "substation", "substation": "industrial", "voltage": "115000;13800", "osm_id": "way/1028505623", "gridlock_state": "GA"}}, {"type": "Feature", "geometry": {"type": "Point", "coordinates": [-81.6098986, 31.8778944]}, "properties": {"barrier": "fence", "name": "Fort Stewart Substation", "operator": "Georgia Power", "operator:wikidata": "Q5547666", "power": "substation", "substation": "distribution", "voltage": "115000;25000", "osm_id": "way/1028570270", "gridlock_state": "GA"}}, {"type": "Feature", "geometry": {"type": "Point", "coordinates": [-81.5899884, 31.8943435]}, "properties": {"barrier": "fence", "name": "Ft. Stewart Solar Substation", "operator": "Georgia Power", "operator:wikidata": "Q5547666", "power": "substation", "substation": "generation", "voltage": "115000", "osm_id": "way/1028570272", "gridlock_state": "GA"}}, {"type": "Feature", "geometry": {"type": "Point", "coordinates": [-81.435948, 31.7991764]}, "properties": {"barrier": "fence", "name": "Cay Creek Substation", "operator": "Georgia Power", "operator:wikidata": "Q5547666", "power": "substation", "substation": "distribution", "voltage": "115000", "osm_id": "way/1028570278", "gridlock_state": "GA"}}, {"type": "Feature", "geometry": {"type": "Point", "coordinates": [-81.4448122, 31.7448965]}, "properties": {"barrier": "fence", "name": "Riceboro Substation", "operator": "Georgia Power", "operator:wikidata": "Q5547666", "power": "substation", "substation": "distribution", "voltage": "115000;25000;12000", "osm_id": "way/1028570281", "gridlock_state": "GA"}}, {"type": "Feature", "geometry": {"type": "Point", "coordinates": [-81.2718012, 31.8776717]}, "properties": {"barrier": "fence", "name": "Burnt Church Substation", "operator": "Georgia Power", "operator:wikidata": "Q5547666", "power": "substation", "substation": "distribution", "voltage": "115000", "osm_id": "way/1028570293", "gridlock_state": "GA"}}, {"type": "Feature", "geometry": {"type": "Point", "coordinates": [-81.6303443, 31.5603463]}, "properties": {"barrier": "fence", "name": "Townsend Substation", "operator": "Georgia Power", "operator:wikidata": "Q5547666", "power": "substation", "substation": "distribution", "voltage": "115000;12000", "osm_id": "way/1028579325", "gridlock_state": "GA"}}, {"type": "Feature", "geometry": {"type": "Point", "coordinates": [-81.5892648, 31.3186376]}, "properties": {"barrier": "fence", "name": "Zuta Substation", "operator": "Georgia Power", "operator:wikidata": "Q5547666", "power": "substation", "substation": "distribution", "voltage": "115000", "osm_id": "way/1028579327", "gridlock_state": "GA"}}, {"type": "Feature", "geometry": {"type": "Point", "coordinates": [-85.427231, 32.238174]}, "properties": {"barrier": "fence", "name": "Hurtsboro Substation", "operator": "Alabama Power", "operator:wikidata": "Q4705296", "power": "substation", "substation": "transmission", "voltage": "115000;46000", "osm_id": "way/1028694006", "gridlock_state": ""}}, {"type": "Feature", "geometry": {"type": "Point", "coordinates": [-85.2361148, 31.1876136]}, "properties": {"addr:city": "Ashford", "addr:housenumber": "305", "addr:postcode": "36312", "addr:state": "AL", "addr:street": "Main Street", "barrier": "fence", "name": "Ashford Substation", "operator": "Alabama Power", "operator:wikidata": "Q4705296", "power": "substation", "substation": "distribution", "voltage": "46000;12470", "osm_id": "way/1029700072", "gridlock_state": ""}}, {"type": "Feature", "geometry": {"type": "Point", "coordinates": [-80.3663307, 34.7778883]}, "properties": {"barrier": "fence", "name": "Pageland Substation", "power": "substation", "substation": "distribution", "voltage": "115000", "osm_id": "way/1030078689", "gridlock_state": "SC"}}, {"type": "Feature", "geometry": {"type": "Point", "coordinates": [-85.1386581, 31.4079679]}, "properties": {"barrier": "fence", "location": "outdoor", "name": "Haleburg Substation", "operator": "PowerSouth Energy Cooperative", "power": "substation", "substation": "distribution", "voltage": "46000", "osm_id": "way/1030117177", "gridlock_state": ""}}, {"type": "Feature", "geometry": {"type": "Point", "coordinates": [-85.3099984, 31.0755095]}, "properties": {"barrier": "fence", "name": "Sealy Springs Substation", "operator": "Alabama Power", "operator:wikidata": "Q4705296", "power": "substation", "substation": "distribution", "voltage": "46000", "osm_id": "way/1030508423", "gridlock_state": ""}}, {"type": "Feature", "geometry": {"type": "Point", "coordinates": [-81.7231863, 30.3561898]}, "properties": {"barrier": "fence", "name": "Ivy Steel Substation", "operator": "Jacksonville Electric Authority", "operator:short": "JEA", "operator:wikidata": "Q17068270", "power": "substation", "substation": "industrial", "voltage": "69000", "osm_id": "way/1030603614", "gridlock_state": ""}}, {"type": "Feature", "geometry": {"type": "Point", "coordinates": [-81.2459375, 31.8471439]}, "properties": {"name": "Keller Substation", "operator": "Georgia Power", "operator:wikidata": "Q5547666", "power": "substation", "substation": "distribution", "voltage": "115000", "osm_id": "way/1030860835", "gridlock_state": "GA"}}, {"type": "Feature", "geometry": {"type": "Point", "coordinates": [-81.4282122, 31.5258054]}, "properties": {"barrier": "fence", "name": "Eulonia Substation", "power": "substation", "substation": "distribution", "voltage": "115000", "osm_id": "way/1030860838", "gridlock_state": "GA"}}, {"type": "Feature", "geometry": {"type": "Point", "coordinates": [-81.5452676, 31.213065]}, "properties": {"barrier": "fence", "name": "McManus Switchyard", "power": "substation", "substation": "switching", "voltage": "115000", "osm_id": "way/1030860844", "gridlock_state": "GA"}}, {"type": "Feature", "geometry": {"type": "Point", "coordinates": [-79.4166218, 34.3346082]}, "properties": {"barrier": "fence", "name": "Latta Substation", "power": "substation", "substation": "distribution", "voltage": "69000", "osm_id": "way/1031367032", "gridlock_state": "SC"}}, {"type": "Feature", "geometry": {"type": "Point", "coordinates": [-83.7727514, 33.9937418]}, "properties": {"barrier": "fence", "name": "John's Manville Substation", "operator": "Georgia Power", "operator:wikidata": "Q5547666", "power": "substation", "substation": "industrial", "voltage": "115000;12470", "osm_id": "way/1033094923", "gridlock_state": "GA"}}, {"type": "Feature", "geometry": {"type": "Point", "coordinates": [-83.9176992, 33.9773391]}, "properties": {"barrier": "fence", "name": "Colonial Pipeline Substation - Dacula", "operator": "Georgia Power", "operator:wikidata": "Q5547666", "operator:wikipedia": "en:Georgia Power", "power": "substation", "substation": "industrial", "voltage": "115000;4000", "osm_id": "way/1033094929", "gridlock_state": "GA"}}, {"type": "Feature", "geometry": {"type": "Point", "coordinates": [-83.9898376, 33.9737764]}, "properties": {"barrier": "fence", "name": "North Lawrenceville Substation", "operator": "Georgia Power", "operator:wikidata": "Q5547666", "power": "substation", "substation": "distribution", "voltage": "115000;12470", "osm_id": "way/1033094941", "gridlock_state": "GA"}}, {"type": "Feature", "geometry": {"type": "Point", "coordinates": [-83.9721698, 33.9699976]}, "properties": {"barrier": "wall", "name": "Dolco Packaging Substation", "operator": "Georgia Power", "operator:wikidata": "Q5547666", "operator:wikipedia": "en:Georgia Power", "power": "substation", "substation": "industrial", "voltage": "46000;480", "osm_id": "way/1033094947", "gridlock_state": "GA"}}, {"type": "Feature", "geometry": {"type": "Point", "coordinates": [-83.9862766, 33.9624132]}, "properties": {"barrier": "fence", "name": "Reid Street Substation", "operator": "Georgia Power", "operator:wikidata": "Q5547666", "power": "substation", "substation": "distribution", "voltage": "115000;12470", "osm_id": "way/1033157789", "gridlock_state": "GA"}}, {"type": "Feature", "geometry": {"type": "Point", "coordinates": [-84.3430254, 33.5496013]}, "properties": {"barrier": "fence", "name": "Battle Creek Substation", "operator": "Georgia Power", "operator:wikidata": "Q5547666", "operator:wikipedia": "en:Georgia Power", "power": "substation", "substation": "distribution", "voltage": "115000", "osm_id": "way/1033160791", "gridlock_state": "GA"}}, {"type": "Feature", "geometry": {"type": "Point", "coordinates": [-83.2608738, 33.0949076]}, "properties": {"barrier": "fence", "name": "Meriweter Substation", "operator": "Georgia Power", "operator:wikidata": "Q5547666", "operator:wikipedia": "en:Georgia Power", "power": "substation", "substation": "distribution", "voltage": "115000", "osm_id": "way/1033973361", "gridlock_state": "GA"}}, {"type": "Feature", "geometry": {"type": "Point", "coordinates": [-83.2148222, 33.0209311]}, "properties": {"barrier": "fence", "name": "Vinson Road Substation", "operator": "Georgia Power", "operator:wikidata": "Q5547666", "operator:wikipedia": "en:Georgia Power", "power": "substation", "substation": "distribution", "voltage": "115000;12000", "osm_id": "way/1033973367", "gridlock_state": "GA"}}, {"type": "Feature", "geometry": {"type": "Point", "coordinates": [-83.2602642, 33.1522989]}, "properties": {"barrier": "fence", "name": "Montgomeryville Substation", "operator": "Georgia Power", "operator:wikidata": "Q5547666", "operator:wikipedia": "en:Georgia Power", "power": "substation", "substation": "distribution", "voltage": "46000;12000", "osm_id": "way/1033973370", "gridlock_state": "GA"}}, {"type": "Feature", "geometry": {"type": "Point", "coordinates": [-83.3574179, 33.2413491]}, "properties": {"barrier": "fence", "name": "Interfor Substation", "operator": "Georgia Power", "operator:wikidata": "Q5547666", "operator:wikipedia": "en:Georgia Power", "power": "substation", "substation": "industrial", "voltage": "46000;12000", "osm_id": "way/1033973373", "gridlock_state": "GA"}}, {"type": "Feature", "geometry": {"type": "Point", "coordinates": [-83.072834, 33.2272683]}, "properties": {"barrier": "fence", "name": "Devereux Substation", "operator": "Georgia Power", "operator:wikidata": "Q5547666", "operator:wikipedia": "en:Georgia Power", "power": "substation", "substation": "distribution", "voltage": "46000", "osm_id": "way/1034497135", "gridlock_state": "GA"}}, {"type": "Feature", "geometry": {"type": "Point", "coordinates": [-82.8891992, 33.3021238]}, "properties": {"barrier": "fence", "name": "Culverton Substation", "operator": "Georgia Power", "operator:wikidata": "Q5547666", "operator:wikipedia": "en:Georgia Power", "power": "substation", "substation": "distribution", "voltage": "46000;12000", "osm_id": "way/1034497139", "gridlock_state": "GA"}}, {"type": "Feature", "geometry": {"type": "Point", "coordinates": [-83.6723674, 34.1792732]}, "properties": {"barrier": "fence", "name": "Wayne Farms Substation", "operator": "Georgia Power", "operator:wikidata": "Q5547666", "operator:wikipedia": "en:Georgia Power", "power": "substation", "substation": "industrial", "voltage": "46000;4800", "osm_id": "way/1035015648", "gridlock_state": "GA"}}, {"type": "Feature", "geometry": {"type": "Point", "coordinates": [-83.869666, 34.2659917]}, "properties": {"barrier": "fence", "name": "Flat Creek Sewage Treatment Substation", "operator": "Georgia Power", "operator:wikidata": "Q5547666", "operator:wikipedia": "en:Georgia Power", "power": "substation", "substation": "industrial", "voltage": "46000;12000", "osm_id": "way/1035015656", "gridlock_state": "GA"}}, {"type": "Feature", "geometry": {"type": "Point", "coordinates": [-83.3378699, 33.953971]}, "properties": {"barrier": "fence", "name": "Hanson Aggregates Substation", "operator": "Georgia Power", "operator:wikidata": "Q5547666", "operator:wikipedia": "en:Georgia Power", "power": "substation", "substation": "industrial", "voltage": "46000;2400", "osm_id": "way/1035289386", "gridlock_state": "GA"}}, {"type": "Feature", "geometry": {"type": "Point", "coordinates": [-83.2795221, 33.9553218]}, "properties": {"barrier": "fence", "name": "Winterville Substation", "operator": "Georgia Power", "operator:wikidata": "Q5547666", "operator:wikipedia": "en:Georgia Power", "power": "substation", "substation": "distribution", "voltage": "46000;12000", "osm_id": "way/1035289398", "gridlock_state": "GA"}}, {"type": "Feature", "geometry": {"type": "Point", "coordinates": [-83.201002, 33.9183685]}, "properties": {"barrier": "fence", "name": "Arnoldsville Substation", "operator": "Georgia Power", "operator:wikidata": "Q5547666", "operator:wikipedia": "en:Georgia Power", "power": "substation", "substation": "distribution", "voltage": "46000;12000", "osm_id": "way/1035289402", "gridlock_state": "GA"}}, {"type": "Feature", "geometry": {"type": "Point", "coordinates": [-83.2278797, 33.8567616]}, "properties": {"barrier": "fence", "name": "Wolfskin Substation", "operator": "Georgia Power", "operator:wikidata": "Q5547666", "operator:wikipedia": "en:Georgia Power", "power": "substation", "substation": "distribution", "voltage": "115000", "osm_id": "way/1035289407", "gridlock_state": "GA"}}, {"type": "Feature", "geometry": {"type": "Point", "coordinates": [-85.0204199, 30.7401345]}, "properties": {"barrier": "fence", "name": "Sneads Substation", "operator": "PowerSouth Energy Cooperative", "power": "substation", "substation": "distribution", "voltage": "115000", "osm_id": "way/1036223385", "gridlock_state": ""}}, {"type": "Feature", "geometry": {"type": "Point", "coordinates": [-82.6826705, 31.9255948]}, "properties": {"barrier": "fence", "name": "Amercord Substation", "operator": "Georgia Power", "operator:wikidata": "Q5547666", "operator:wikipedia": "en:Georgia Power", "power": "substation", "substation": "distribution", "voltage": "115000", "osm_id": "way/1036318796", "gridlock_state": "GA"}}, {"type": "Feature", "geometry": {"type": "Point", "coordinates": [-82.6931089, 31.9398161]}, "properties": {"barrier": "fence", "name": "North Lumber City Substation", "operator": "Georgia Power", "operator:wikidata": "Q5547666", "operator:wikipedia": "en:Georgia Power", "power": "substation", "substation": "distribution", "voltage": "46000;12000", "osm_id": "way/1036318798", "gridlock_state": "GA"}}, {"type": "Feature", "geometry": {"type": "Point", "coordinates": [-82.9007003, 32.073707]}, "properties": {"barrier": "fence", "name": "North McRae Substation", "operator": "Georgia Power", "operator:wikidata": "Q5547666", "operator:wikipedia": "en:Georgia Power", "power": "substation", "substation": "distribution", "voltage": "46000;12000", "osm_id": "way/1036484348", "gridlock_state": "GA"}}, {"type": "Feature", "geometry": {"type": "Point", "coordinates": [-79.4132615, 34.156552]}, "properties": {"barrier": "fence", "name": "South Marion Substation", "power": "substation", "substation": "distribution", "voltage": "69000", "osm_id": "way/1036975685", "gridlock_state": "SC"}}, {"type": "Feature", "geometry": {"type": "Point", "coordinates": [-83.8471629, 34.2654959]}, "properties": {"barrier": "fence", "name": "Coronet Industries Substation", "operator": "Georgia Power", "operator:wikidata": "Q5547666", "operator:wikipedia": "en:Georgia Power", "power": "substation", "substation": "industrial", "voltage": "46000;4000", "osm_id": "way/1037359815", "gridlock_state": "GA"}}, {"type": "Feature", "geometry": {"type": "Point", "coordinates": [-83.8738012, 34.2728832]}, "properties": {"barrier": "fence", "name": "McEver Road Substation", "operator": "Georgia Power", "operator:wikidata": "Q5547666", "operator:wikipedia": "en:Georgia Power", "power": "substation", "substation": "switching", "voltage": "115000", "osm_id": "way/1037359821", "gridlock_state": "GA"}}, {"type": "Feature", "geometry": {"type": "Point", "coordinates": [-83.8962452, 34.2353588]}, "properties": {"barrier": "fence", "name": "College Square Substation", "operator": "Georgia Power", "operator:wikidata": "Q5547666", "operator:wikipedia": "en:Georgia Power", "power": "substation", "substation": "distribution", "voltage": "115000;12000", "osm_id": "way/1037359827", "gridlock_state": "GA"}}, {"type": "Feature", "geometry": {"type": "Point", "coordinates": [-83.9002229, 34.1971722]}, "properties": {"barrier": "wall", "name": "Wrigleys Substation", "operator": "Georgia Power", "operator:wikidata": "Q5547666", "operator:wikipedia": "en:Georgia Power", "power": "substation", "substation": "industrial", "voltage": "115000", "osm_id": "way/1037359835", "gridlock_state": "GA"}}, {"type": "Feature", "geometry": {"type": "Point", "coordinates": [-83.8631294, 34.304997]}, "properties": {"barrier": "fence", "name": "West Gainesville Substation", "operator": "Georgia Power", "operator:wikidata": "Q5547666", "operator:wikipedia": "en:Georgia Power", "power": "substation", "substation": "distribution", "voltage": "115000;12000", "osm_id": "way/1037359837", "gridlock_state": "GA"}}, {"type": "Feature", "geometry": {"type": "Point", "coordinates": [-83.8487657, 34.3290408]}, "properties": {"barrier": "fence", "name": "Linwood Substation", "operator": "Georgia Power", "operator:wikidata": "Q5547666", "operator:wikipedia": "en:Georgia Power", "power": "substation", "substation": "distribution", "voltage": "115000;12000;4000", "osm_id": "way/1037359838", "gridlock_state": "GA"}}, {"type": "Feature", "geometry": {"type": "Point", "coordinates": [-83.8402504, 34.3402612]}, "properties": {"barrier": "fence", "name": "Gainesville Primary Substation (#1)", "operator": "Georgia Power", "operator:wikidata": "Q5547666", "power": "substation", "substation": "transmission", "voltage": "115000;46000", "osm_id": "way/1037359840", "gridlock_state": "GA"}}, {"type": "Feature", "geometry": {"type": "Point", "coordinates": [-83.8315162, 34.3002361]}, "properties": {"barrier": "fence", "name": "Oak Street Substation", "operator": "Georgia Power", "operator:wikidata": "Q5547666", "operator:wikipedia": "en:Georgia Power", "power": "substation", "substation": "distribution", "voltage": "115000;12000", "osm_id": "way/1037359842", "gridlock_state": "GA"}}, {"type": "Feature", "geometry": {"type": "Point", "coordinates": [-83.8105408, 34.290144]}, "properties": {"barrier": "fence", "name": "Cargill Substation", "operator": "Georgia Power", "operator:wikidata": "Q5547666", "operator:wikipedia": "en:Georgia Power", "power": "substation", "substation": "industrial", "voltage": "46000", "osm_id": "way/1037359849", "gridlock_state": "GA"}}, {"type": "Feature", "geometry": {"type": "Point", "coordinates": [-83.812868, 34.293176]}, "properties": {"barrier": "fence", "name": "Sundance Products Substation", "operator": "Georgia Power", "operator:wikidata": "Q5547666", "operator:wikipedia": "en:Georgia Power", "power": "substation", "substation": "industrial", "voltage": "46000", "osm_id": "way/1037359851", "gridlock_state": "GA"}}, {"type": "Feature", "geometry": {"type": "Point", "coordinates": [-83.8077206, 34.2962239]}, "properties": {"barrier": "fence", "name": "Ralston Purina Mills Substation", "operator": "Georgia Power", "operator:wikidata": "Q5547666", "operator:wikipedia": "en:Georgia Power", "power": "substation", "substation": "industrial", "voltage": "46000;480", "osm_id": "way/1037359853", "gridlock_state": "GA"}}, {"type": "Feature", "geometry": {"type": "Point", "coordinates": [-83.7997709, 34.3072729]}, "properties": {"barrier": "fence", "name": "Gainesville Mills Substation", "operator": "Georgia Power", "operator:wikidata": "Q5547666", "operator:wikipedia": "en:Georgia Power", "power": "substation", "substation": "industrial", "voltage": "46000", "osm_id": "way/1037359865", "gridlock_state": "GA"}}, {"type": "Feature", "geometry": {"type": "Point", "coordinates": [-83.8160042, 34.3213414]}, "properties": {"barrier": "fence", "name": "Duncan Mill Road Substation", "operator": "Georgia Power", "operator:wikidata": "Q5547666", "operator:wikipedia": "en:Georgia Power", "power": "substation", "substation": "distribution", "voltage": "115000", "osm_id": "way/1037359871", "gridlock_state": "GA"}}, {"type": "Feature", "geometry": {"type": "Point", "coordinates": [-83.8306071, 34.3355216]}, "properties": {"barrier": "fence", "name": "Gainesville Water Works Substation #2", "operator": "Georgia Power", "operator:wikidata": "Q5547666", "operator:wikipedia": "en:Georgia Power", "power": "substation", "substation": "industrial", "voltage": "46000;2400", "osm_id": "way/1037359874", "gridlock_state": "GA"}}, {"type": "Feature", "geometry": {"type": "Point", "coordinates": [-83.8304952, 34.3395316]}, "properties": {"barrier": "fence", "name": "Gainesville Water Works Substation #1", "operator": "Georgia Power", "operator:wikidata": "Q5547666", "operator:wikipedia": "en:Georgia Power", "power": "substation", "substation": "industrial", "voltage": "46000;2400", "osm_id": "way/1037359875", "gridlock_state": "GA"}}, {"type": "Feature", "geometry": {"type": "Point", "coordinates": [-83.7862055, 34.3486268]}, "properties": {"barrier": "fence", "name": "Kubota Substation", "operator": "Georgia Power", "operator:wikidata": "Q5547666", "operator:wikipedia": "en:Georgia Power", "power": "substation", "substation": "distribution", "voltage": "115000", "osm_id": "way/1037359884", "gridlock_state": "GA"}}, {"type": "Feature", "geometry": {"type": "Point", "coordinates": [-83.7853736, 34.4760547]}, "properties": {"barrier": "fence", "name": "Clermont Substation", "operator": "Georgia Power", "operator:wikidata": "Q5547666", "power": "substation", "substation": "transmission", "voltage": "115000;46000", "osm_id": "way/1037404794", "gridlock_state": "GA"}}, {"type": "Feature", "geometry": {"type": "Point", "coordinates": [-83.8655084, 34.3652199]}, "properties": {"barrier": "fence", "name": "Bark Camp Substation", "operator": "Georgia Power", "operator:wikidata": "Q5547666", "operator:wikipedia": "en:Georgia Power", "power": "substation", "substation": "distribution", "voltage": "115000;12000", "osm_id": "way/1037404796", "gridlock_state": "GA"}}, {"type": "Feature", "geometry": {"type": "Point", "coordinates": [-83.9293549, 34.3654365]}, "properties": {"barrier": "fence", "name": "Leach Road Substation", "operator": "Georgia Power", "operator:wikidata": "Q5547666", "operator:wikipedia": "en:Georgia Power", "power": "substation", "substation": "distribution", "voltage": "115000;12000", "osm_id": "way/1037404797", "gridlock_state": "GA"}}, {"type": "Feature", "geometry": {"type": "Point", "coordinates": [-79.7213946, 33.487191]}, "properties": {"barrier": "fence", "name": "Trio Substation", "power": "substation", "substation": "distribution", "voltage": "115000", "osm_id": "way/1038143999", "gridlock_state": "SC"}}, {"type": "Feature", "geometry": {"type": "Point", "coordinates": [-81.6610192, 32.8893409]}, "properties": {"barrier": "fence", "name": "Hiltonia Substation", "operator": "Georgia Power", "operator:wikidata": "Q5547666", "operator:wikipedia": "en:Georgia Power", "power": "substation", "substation": "distribution", "voltage": "115000;12000", "osm_id": "way/1039587850", "gridlock_state": "GA"}}, {"type": "Feature", "geometry": {"type": "Point", "coordinates": [-81.6611157, 32.7635827]}, "properties": {"barrier": "fence", "name": "Sylvania Substation", "operator": "Georgia Power", "operator:wikidata": "Q5547666", "power": "substation", "substation": "transmission", "voltage": "115000", "osm_id": "way/1039587852", "gridlock_state": "GA"}}, {"type": "Feature", "geometry": {"type": "Point", "coordinates": [-81.6996999, 32.5910462]}, "properties": {"barrier": "fence", "name": "Dover Substation", "operator": "Georgia Power", "operator:wikidata": "Q5547666", "power": "substation", "substation": "distribution", "voltage": "115000", "osm_id": "way/1039587860", "gridlock_state": "GA"}}, {"type": "Feature", "geometry": {"type": "Point", "coordinates": [-81.4315313, 32.495621]}, "properties": {"barrier": "fence", "name": "Egypt Substation", "operator": "Georgia Power", "operator:wikidata": "Q5547666", "power": "substation", "substation": "distribution", "voltage": "46000", "osm_id": "way/1039587863", "gridlock_state": "GA"}}, {"type": "Feature", "geometry": {"type": "Point", "coordinates": [-81.7137724, 32.5405981]}, "properties": {"barrier": "fence", "name": "Cooper Tools Substation", "operator": "Georgia Power", "operator:wikidata": "Q5547666", "operator:wikipedia": "en:Georgia Power", "power": "substation", "substation": "industrial", "voltage": "46000", "osm_id": "way/1039587865", "gridlock_state": "GA"}}, {"type": "Feature", "geometry": {"type": "Point", "coordinates": [-81.745557, 32.5141043]}, "properties": {"barrier": "fence", "name": "Clito Substation", "operator": "Georgia Power", "operator:wikidata": "Q5547666", "operator:wikipedia": "en:Georgia Power", "power": "substation", "substation": "distribution", "voltage": "115000", "osm_id": "way/1039587870", "gridlock_state": "GA"}}, {"type": "Feature", "geometry": {"type": "Point", "coordinates": [-81.7715867, 32.5045578]}, "properties": {"barrier": "fence", "name": "Deal Branch Substation", "operator": "Georgia Power", "operator:wikidata": "Q5547666", "operator:wikipedia": "en:Georgia Power", "power": "substation", "substation": "switching", "voltage": "115000", "osm_id": "way/1039587874", "gridlock_state": "GA"}}, {"type": "Feature", "geometry": {"type": "Point", "coordinates": [-81.7492005, 32.486994]}, "properties": {"barrier": "fence", "name": "Brodie Meter Substation", "operator": "Georgia Power", "operator:wikidata": "Q5547666", "operator:wikipedia": "en:Georgia Power", "power": "substation", "substation": "industrial", "voltage": "46000", "osm_id": "way/1039587876", "gridlock_state": "GA"}}, {"type": "Feature", "geometry": {"type": "Point", "coordinates": [-81.7560819, 32.4525895]}, "properties": {"barrier": "fence", "name": "Oliver Road Substation", "operator": "Georgia Power", "operator:wikidata": "Q5547666", "operator:wikipedia": "en:Georgia Power", "power": "substation", "substation": "distribution", "voltage": "115000;12000", "osm_id": "way/1039587880", "gridlock_state": "GA"}}, {"type": "Feature", "geometry": {"type": "Point", "coordinates": [-81.6716314, 32.3637712]}, "properties": {"barrier": "fence", "name": "Southeast Bulloch Substation", "operator": "Georgia Power", "operator:wikidata": "Q5547666", "operator:wikipedia": "en:Georgia Power", "power": "substation", "substation": "distribution", "voltage": "115000", "osm_id": "way/1039587884", "gridlock_state": "GA"}}, {"type": "Feature", "geometry": {"type": "Point", "coordinates": [-81.6591625, 32.3732332]}, "properties": {"barrier": "fence", "name": "Brooklet Substation", "operator": "Georgia Power", "operator:wikidata": "Q5547666", "operator:wikipedia": "en:Georgia Power", "power": "substation", "substation": "distribution", "voltage": "115000", "osm_id": "way/1039587885", "gridlock_state": "GA"}}, {"type": "Feature", "geometry": {"type": "Point", "coordinates": [-83.4662988, 31.2728312]}, "properties": {"barrier": "fence", "name": "Lenox Substation", "operator": "Georgia Power", "operator:wikidata": "Q5547666", "operator:wikipedia": "en:Georgia Power", "power": "substation", "substation": "distribution", "voltage": "115000;25000;12000", "osm_id": "way/1039591302", "gridlock_state": "GA"}}, {"type": "Feature", "geometry": {"type": "Point", "coordinates": [-83.4755717, 31.4396996]}, "properties": {"barrier": "fence", "name": "Walkerville Substation", "operator": "Georgia Power", "operator:wikidata": "Q5547666", "operator:wikipedia": "en:Georgia Power", "power": "substation", "substation": "distribution", "voltage": "115000", "osm_id": "way/1039766395", "gridlock_state": "GA"}}, {"type": "Feature", "geometry": {"type": "Point", "coordinates": [-83.6347877, 31.6527069]}, "properties": {"barrier": "fence", "name": "Sycamore Substation", "operator": "Georgia Power", "operator:wikidata": "Q5547666", "operator:wikipedia": "en:Georgia Power", "power": "substation", "substation": "distribution", "voltage": "115000;46000;12000", "osm_id": "way/1039766402", "gridlock_state": "GA"}}, {"type": "Feature", "geometry": {"type": "Point", "coordinates": [-83.5458323, 31.4581926]}, "properties": {"barrier": "fence", "name": "Tifton Substation", "operator": "Colquitt EMC", "power": "substation", "substation": "distribution", "voltage": "115000;46000;12000", "osm_id": "way/1039766404", "gridlock_state": "GA"}}, {"type": "Feature", "geometry": {"type": "Point", "coordinates": [-83.6514661, 31.4666177]}, "properties": {"barrier": "fence", "name": "Ty Ty Substation", "operator": "Georgia Power", "operator:wikidata": "Q5547666", "operator:wikipedia": "en:Georgia Power", "power": "substation", "substation": "distribution", "voltage": "46000;12000", "osm_id": "way/1039766407", "gridlock_state": "GA"}}, {"type": "Feature", "geometry": {"type": "Point", "coordinates": [-83.7408959, 31.501387]}, "properties": {"barrier": "fence", "name": "Sumner Substation", "operator": "Georgia Power", "operator:wikidata": "Q5547666", "operator:wikipedia": "en:Georgia Power", "power": "substation", "substation": "distribution", "voltage": "46000;12000", "osm_id": "way/1039766408", "gridlock_state": "GA"}}, {"type": "Feature", "geometry": {"type": "Point", "coordinates": [-83.7409421, 31.5008705]}, "properties": {"barrier": "fence", "name": "New Sumner Substation", "operator": "Mitchell EMC", "power": "substation", "substation": "distribution", "voltage": "46000;12000", "osm_id": "way/1039766409", "gridlock_state": "GA"}}, {"type": "Feature", "geometry": {"type": "Point", "coordinates": [-83.7901998, 31.5100441]}, "properties": {"barrier": "fence", "name": "Poulan Substation", "operator": "Georgia Power", "operator:wikidata": "Q5547666", "operator:wikipedia": "en:Georgia Power", "power": "substation", "substation": "distribution", "voltage": "46000;12000", "osm_id": "way/1039766413", "gridlock_state": "GA"}}, {"type": "Feature", "geometry": {"type": "Point", "coordinates": [-83.8044473, 31.5115776]}, "properties": {"barrier": "fence", "name": "Sylvester Primary Substation", "operator": "Georgia Power", "operator:wikidata": "Q5547666", "operator:wikipedia": "en:Georgia Power", "power": "substation", "substation": "distribution", "voltage": "115000;46000;12000", "osm_id": "way/1039766416", "gridlock_state": "GA"}}, {"type": "Feature", "geometry": {"type": "Point", "coordinates": [-83.8097709, 31.528746]}, "properties": {"barrier": "fence", "name": "Alimenta Substation", "operator": "Georgia Power", "operator:wikidata": "Q5547666", "operator:wikipedia": "en:Georgia Power", "power": "substation", "substation": "industrial", "voltage": "46000;12000", "osm_id": "way/1039766429", "gridlock_state": "GA"}}, {"type": "Feature", "geometry": {"type": "Point", "coordinates": [-83.9962656, 31.5620087]}, "properties": {"barrier": "fence", "name": "Acree Substation", "operator": "Mitchell EMC", "power": "substation", "substation": "distribution", "voltage": "115000;12000", "osm_id": "way/1039766434", "gridlock_state": "GA"}}, {"type": "Feature", "geometry": {"type": "Point", "coordinates": [-84.05234, 31.5672787]}, "properties": {"barrier": "fence", "name": "Cooper Tire Substation", "operator": "Georgia Power", "operator:wikidata": "Q5547666", "operator:wikipedia": "en:Georgia Power", "power": "substation", "substation": "industrial", "voltage": "115000;13800", "osm_id": "way/1039766436", "gridlock_state": "GA"}}, {"type": "Feature", "geometry": {"type": "Point", "coordinates": [-84.0505488, 31.506685]}, "properties": {"barrier": "fence", "name": "Pecan City Substation", "operator": "Mitchell EMC", "power": "substation", "substation": "distribution", "voltage": "115000", "osm_id": "way/1039823941", "gridlock_state": "GA"}}, {"type": "Feature", "geometry": {"type": "Point", "coordinates": [-84.1350948, 31.44391]}, "properties": {"barrier": "wall", "name": "Mitchell Substation (115kV)", "operator": "Georgia Power", "operator:wikidata": "Q5547666", "power": "substation", "substation": "transmission", "voltage": "115000", "osm_id": "way/1039823943", "gridlock_state": "GA"}}, {"type": "Feature", "geometry": {"type": "Point", "coordinates": [-83.7922887, 31.1948696]}, "properties": {"barrier": "fence", "name": "National Beef Substation", "operator": "Georgia Power", "operator:wikidata": "Q5547666", "operator:wikipedia": "en:Georgia Power", "power": "substation", "substation": "industrial", "voltage": "46000;480", "osm_id": "way/1039823962", "gridlock_state": "GA"}}, {"type": "Feature", "geometry": {"type": "Point", "coordinates": [-84.024531, 31.2624011]}, "properties": {"barrier": "fence", "name": "Sale City Substation", "operator": "Georgia Power", "operator:wikidata": "Q5547666", "operator:wikipedia": "en:Georgia Power", "power": "substation", "substation": "distribution", "voltage": "46000;12000", "osm_id": "way/1039823963", "gridlock_state": "GA"}}, {"type": "Feature", "geometry": {"type": "Point", "coordinates": [-83.8015625, 31.1785822]}, "properties": {"barrier": "fence", "name": "Riverside Mills Substation", "operator": "Georgia Power", "operator:wikidata": "Q5547666", "operator:wikipedia": "en:Georgia Power", "power": "substation", "substation": "industrial", "voltage": "46000;4000", "osm_id": "way/1039823965", "gridlock_state": "GA"}}, {"type": "Feature", "geometry": {"type": "Point", "coordinates": [-83.5931722, 31.0680548]}, "properties": {"barrier": "fence", "name": "Odom Solar Substation", "power": "substation", "substation": "generation", "voltage": "13500", "osm_id": "way/1039823968", "gridlock_state": "GA"}}, {"type": "Feature", "geometry": {"type": "Point", "coordinates": [-83.3043995, 30.8427998]}, "properties": {"barrier": "fence", "name": "Remerton Substation", "operator": "Georgia Power", "operator:wikidata": "Q5547666", "power": "substation", "ref": "1454", "substation": "distribution", "voltage": "115000;12470", "osm_id": "way/1039887540", "gridlock_state": "GA"}}, {"type": "Feature", "geometry": {"type": "Point", "coordinates": [-83.2833737, 30.8136716]}, "properties": {"barrier": "fence", "name": "Langdale Substation", "operator": "Langdale Forest Products Co.", "power": "substation", "substation": "industrial", "voltage": "115000;4000", "osm_id": "way/1039887544", "gridlock_state": "GA"}}, {"type": "Feature", "geometry": {"type": "Point", "coordinates": [-83.3076806, 30.6953044]}, "properties": {"barrier": "fence", "name": "Clyattville Substation", "operator": "Georgia Power", "operator:wikidata": "Q5547666", "power": "substation", "ref": "340", "substation": "industrial", "voltage": "69000;12470", "osm_id": "way/1039887551", "gridlock_state": "GA"}}, {"type": "Feature", "geometry": {"type": "Point", "coordinates": [-83.3052669, 30.6934946]}, "properties": {"barrier": "fence", "name": "Packaging Corporation Substation", "operator": "Georgia Power", "operator:wikidata": "Q5547666", "power": "substation", "ref": "1296", "substation": "industrial", "voltage": "69000;4000", "osm_id": "way/1039887553", "gridlock_state": "GA"}}, {"type": "Feature", "geometry": {"type": "Point", "coordinates": [-82.5643469, 30.6847098]}, "properties": {"barrier": "fence", "name": "Fargo Substation", "operator": "Georgia Transmission Corporation", "power": "substation", "substation": "distribution", "voltage": "46000", "osm_id": "way/1039887557", "gridlock_state": "GA"}}, {"type": "Feature", "geometry": {"type": "Point", "coordinates": [-81.8714243, 32.5641407]}, "properties": {"barrier": "fence", "name": "Banks Creek Substation", "power": "substation", "substation": "distribution", "voltage": "115000", "osm_id": "way/1039925458", "gridlock_state": "GA"}}, {"type": "Feature", "geometry": {"type": "Point", "coordinates": [-84.1734292, 31.7310609]}, "properties": {"barrier": "fence", "name": "Leesburg Substation", "power": "substation", "substation": "distribution", "voltage": "115000", "osm_id": "way/1039984284", "gridlock_state": "GA"}}, {"type": "Feature", "geometry": {"type": "Point", "coordinates": [-79.988175, 33.8003226]}, "properties": {"barrier": "fence", "name": "Union Crossroads Substation", "power": "substation", "substation": "distribution", "voltage": "69000", "osm_id": "way/1040637968", "gridlock_state": "SC"}}, {"type": "Feature", "geometry": {"type": "Point", "coordinates": [-84.7633441, 32.0420032]}, "properties": {"barrier": "fence", "name": "Dixie Pipeline Substation", "power": "substation", "substation": "industrial", "voltage": "46000", "osm_id": "way/1040861863", "gridlock_state": "GA"}}, {"type": "Feature", "geometry": {"type": "Point", "coordinates": [-82.863341, 32.9666732]}, "properties": {"barrier": "fence", "name": "Thiele Kaolin Substation", "operator": "Georgia Power", "operator:wikidata": "Q5547666", "operator:wikipedia": "en:Georgia Power", "power": "substation", "substation": "industrial", "voltage": "46000;12000", "osm_id": "way/1041608707", "gridlock_state": "GA"}}, {"type": "Feature", "geometry": {"type": "Point", "coordinates": [-82.9654805, 32.8529438]}, "properties": {"barrier": "fence", "name": "Oconee Substation", "operator": "Georgia Power", "operator:wikidata": "Q5547666", "operator:wikipedia": "en:Georgia Power", "power": "substation", "substation": "distribution", "voltage": "46000;12000", "osm_id": "way/1041608721", "gridlock_state": "GA"}}, {"type": "Feature", "geometry": {"type": "Point", "coordinates": [-81.766219, 33.9973145]}, "properties": {"barrier": "fence", "name": "Saluda Substation", "power": "substation", "substation": "distribution", "voltage": "115000", "osm_id": "way/1041743427", "gridlock_state": "SC"}}, {"type": "Feature", "geometry": {"type": "Point", "coordinates": [-82.1456643, 32.5799322]}, "properties": {"barrier": "fence", "name": "Twin City Substation", "operator": "Georgia Power", "operator:wikidata": "Q5547666", "operator:wikipedia": "en:Georgia Power", "power": "substation", "substation": "distribution", "voltage": "115000", "osm_id": "way/1041751346", "gridlock_state": "GA"}}, {"type": "Feature", "geometry": {"type": "Point", "coordinates": [-82.1161915, 32.5735169]}, "properties": {"barrier": "fence", "name": "ECI Substation", "power": "substation", "substation": "distribution", "voltage": "115000", "osm_id": "way/1041751347", "gridlock_state": "GA"}}, {"type": "Feature", "geometry": {"type": "Point", "coordinates": [-82.34401, 32.5328109]}, "properties": {"barrier": "fence", "name": "Nunez Substation", "operator": "Georgia Power", "operator:wikidata": "Q5547666", "operator:wikipedia": "en:Georgia Power", "power": "substation", "substation": "distribution", "voltage": "115000", "osm_id": "way/1041751352", "gridlock_state": "GA"}}, {"type": "Feature", "geometry": {"type": "Point", "coordinates": [-83.7538927, 32.2431763]}, "properties": {"barrier": "fence", "name": "Unadilla Switching Station", "power": "substation", "substation": "switching", "voltage": "12000", "osm_id": "way/1041889743", "gridlock_state": "GA"}}, {"type": "Feature", "geometry": {"type": "Point", "coordinates": [-82.5118229, 33.7934964]}, "properties": {"barrier": "fence", "name": "Lincolton Substation", "operator": "Georgia Power", "operator:wikidata": "Q5547666", "operator:wikipedia": "en:Georgia Power", "power": "substation", "substation": "distribution", "voltage": "115000", "osm_id": "way/1042037361", "gridlock_state": "GA"}}, {"type": "Feature", "geometry": {"type": "Point", "coordinates": [-82.7512503, 33.73238]}, "properties": {"barrier": "fence", "name": "Washington Switching Station", "operator": "MEAG", "power": "substation", "substation": "switching", "voltage": "12000", "osm_id": "way/1042037362", "gridlock_state": "GA"}}, {"type": "Feature", "geometry": {"type": "Point", "coordinates": [-82.9103372, 33.7832589]}, "properties": {"barrier": "fence", "name": "Rayle Substation", "power": "substation", "substation": "distribution", "voltage": "46000", "osm_id": "way/1042037366", "gridlock_state": "GA"}}, {"type": "Feature", "geometry": {"type": "Point", "coordinates": [-81.7265352, 33.6116022]}, "properties": {"barrier": "fence", "name": "Ridgecrest Substation", "power": "substation", "substation": "distribution", "voltage": "115000", "osm_id": "way/1042056859", "gridlock_state": "SC"}}, {"type": "Feature", "geometry": {"type": "Point", "coordinates": [-80.916801, 33.809972]}, "properties": {"barrier": "fence", "name": "Devro Substation", "power": "substation", "substation": "distribution", "voltage": "115000", "osm_id": "way/1042419642", "gridlock_state": "SC"}}, {"type": "Feature", "geometry": {"type": "Point", "coordinates": [-82.4981937, 33.5069185]}, "properties": {"barrier": "fence", "name": "North Thomson Substation", "operator": "Georgia Power", "operator:wikidata": "Q5547666", "power": "substation", "substation": "distribution", "voltage": "46000;25000;12000", "osm_id": "way/1042419968", "gridlock_state": "GA"}}, {"type": "Feature", "geometry": {"type": "Point", "coordinates": [-82.4948178, 33.4698511]}, "properties": {"barrier": "fence", "name": "Thomson Substation", "operator": "Georgia Power", "operator:wikidata": "Q5547666", "operator:wikipedia": "en:Georgia Power", "power": "substation", "substation": "distribution", "voltage": "115000;46000;12000", "osm_id": "way/1042419969", "gridlock_state": "GA"}}, {"type": "Feature", "geometry": {"type": "Point", "coordinates": [-82.4388395, 33.4592084]}, "properties": {"barrier": "fence", "name": "East Thomson Substation", "operator": "Georgia Power", "operator:wikidata": "Q5547666", "operator:wikipedia": "en:Georgia Power", "power": "substation", "substation": "distribution", "voltage": "115000", "osm_id": "way/1042419975", "gridlock_state": "GA"}}, {"type": "Feature", "geometry": {"type": "Point", "coordinates": [-82.5660137, 33.4933104]}, "properties": {"barrier": "fence", "name": "West Thomson Substation", "power": "substation", "substation": "distribution", "voltage": "115000", "osm_id": "way/1042419979", "gridlock_state": "GA"}}, {"type": "Feature", "geometry": {"type": "Point", "coordinates": [-82.6182707, 33.5105187]}, "properties": {"barrier": "fence", "name": "Martin Marietta Substation", "operator": "Georgia Power", "operator:wikidata": "Q5547666", "operator:wikipedia": "en:Georgia Power", "power": "substation", "substation": "industrial", "voltage": "46000;2400", "osm_id": "way/1042419982", "gridlock_state": "GA"}}, {"type": "Feature", "geometry": {"type": "Point", "coordinates": [-82.7140103, 33.496496]}, "properties": {"barrier": "wall", "name": "Dixie Pipeline Substation", "operator": "Georgia Power", "operator:wikidata": "Q5547666", "operator:wikipedia": "en:Georgia Power", "power": "substation", "substation": "industrial", "voltage": "46000;2400", "osm_id": "way/1042419984", "gridlock_state": "GA"}}, {"type": "Feature", "geometry": {"type": "Point", "coordinates": [-82.8952237, 33.5759286]}, "properties": {"barrier": "fence", "name": "Crawfordville Substation", "operator": "Georgia Power", "operator:wikidata": "Q5547666", "operator:wikipedia": "en:Georgia Power", "power": "substation", "substation": "distribution", "voltage": "46000", "osm_id": "way/1042419986", "gridlock_state": "GA"}}, {"type": "Feature", "geometry": {"type": "Point", "coordinates": [-82.9119697, 33.5660135]}, "properties": {"barrier": "fence", "name": "West Crawfordville Substation", "operator": "Georgia Power", "operator:wikidata": "Q5547666", "power": "substation", "start_date": "2020", "substation": "distribution", "voltage": "46000", "osm_id": "way/1042419988", "gridlock_state": "GA"}}, {"type": "Feature", "geometry": {"type": "Point", "coordinates": [-82.5692055, 33.9267965]}, "properties": {"barrier": "fence", "name": "Buckhead Point Substation", "operator": "Georgia Power", "operator:wikidata": "Q5547666", "operator:wikipedia": "en:Georgia Power", "power": "substation", "substation": "distribution", "voltage": "115000;7200", "osm_id": "way/1043453206", "gridlock_state": "GA"}}, {"type": "Feature", "geometry": {"type": "Point", "coordinates": [-82.6733804, 33.9148336]}, "properties": {"barrier": "fence", "name": "Delhi Substation", "power": "substation", "substation": "distribution", "voltage": "115000", "osm_id": "way/1043453208", "gridlock_state": "GA"}}, {"type": "Feature", "geometry": {"type": "Point", "coordinates": [-82.7313975, 34.0537657]}, "properties": {"barrier": "fence", "name": "Heardmont Substation", "power": "substation", "substation": "distribution", "voltage": "115000", "osm_id": "way/1043453218", "gridlock_state": "GA"}}, {"type": "Feature", "geometry": {"type": "Point", "coordinates": [-82.9073347, 34.1379848]}, "properties": {"barrier": "fence", "name": "Eagle Granite Substation", "operator": "Georgia Power", "operator:wikidata": "Q5547666", "operator:wikipedia": "en:Georgia Power", "power": "substation", "substation": "industrial", "voltage": "46000;2400", "osm_id": "way/1043453221", "gridlock_state": "GA"}}, {"type": "Feature", "geometry": {"type": "Point", "coordinates": [-81.9025522, 34.16889]}, "properties": {"barrier": "fence", "name": "Buzzard Roost Dam Substation", "power": "substation", "substation": "generation", "voltage": "44000", "osm_id": "way/1044329265", "gridlock_state": "SC"}}, {"type": "Feature", "geometry": {"type": "Point", "coordinates": [-84.5495896, 34.0857682]}, "properties": {"barrier": "fence", "name": "Bells Ferry Road Substation", "operator": "Georgia Power", "operator:wikidata": "Q5547666", "operator:wikipedia": "en:Georgia Power", "power": "substation", "substation": "distribution", "voltage": "115000", "osm_id": "way/1044436263", "gridlock_state": "GA"}}, {"type": "Feature", "geometry": {"type": "Point", "coordinates": [-84.5348265, 34.1952406]}, "properties": {"barrier": "fence", "name": "Holly Springs Substation", "operator": "Georgia Power", "operator:wikidata": "Q5547666", "operator:wikipedia": "en:Georgia Power", "power": "substation", "substation": "distribution", "voltage": "115000", "osm_id": "way/1044436277", "gridlock_state": "GA"}}, {"type": "Feature", "geometry": {"type": "Point", "coordinates": [-84.475037, 34.1766934]}, "properties": {"barrier": "fence", "name": "New Light Church Substation", "power": "substation", "substation": "distribution", "voltage": "115000", "osm_id": "way/1044436280", "gridlock_state": "GA"}}, {"type": "Feature", "geometry": {"type": "Point", "coordinates": [-84.4951083, 34.2973974]}, "properties": {"barrier": "fence", "name": "Cherokee Substation", "operator": "Georgia Power", "operator:wikidata": "Q5547666", "operator:wikipedia": "en:Georgia Power", "power": "substation", "substation": "distribution", "voltage": "46000", "osm_id": "way/1044436290", "gridlock_state": "GA"}}, {"type": "Feature", "geometry": {"type": "Point", "coordinates": [-84.3784536, 34.2933786]}, "properties": {"barrier": "fence", "name": "Cherokee Water Works Substation", "operator": "Georgia Power", "operator:wikidata": "Q5547666", "operator:wikipedia": "en:Georgia Power", "power": "substation", "substation": "industrial", "voltage": "46000", "osm_id": "way/1044436294", "gridlock_state": "GA"}}, {"type": "Feature", "geometry": {"type": "Point", "coordinates": [-84.4061166, 34.3053647]}, "properties": {"barrier": "fence", "name": "Pilgrims Pride Substation", "operator": "Georgia Power", "operator:wikidata": "Q5547666", "operator:wikipedia": "en:Georgia Power", "power": "substation", "substation": "industrial", "voltage": "46000", "osm_id": "way/1044436298", "gridlock_state": "GA"}}, {"type": "Feature", "geometry": {"type": "Point", "coordinates": [-84.3577898, 34.3633723]}, "properties": {"name": "Martin Marietta Substation", "power": "substation", "substation": "industrial", "voltage": "46000", "osm_id": "way/1044436299", "gridlock_state": "GA"}}, {"type": "Feature", "geometry": {"type": "Point", "coordinates": [-82.2928038, 33.9065361]}, "properties": {"barrier": "fence", "name": "McCormick Substation", "power": "substation", "substation": "distribution", "voltage": "115000", "osm_id": "way/1044493458", "gridlock_state": "SC"}}, {"type": "Feature", "geometry": {"type": "Point", "coordinates": [-82.6646108, 32.4089308]}, "properties": {"barrier": "fence", "name": "Soperton #2 Switching Station", "operator": "Altamaha EMC", "power": "substation", "substation": "switching", "voltage": "12000", "osm_id": "way/1045347658", "gridlock_state": "GA"}}, {"type": "Feature", "geometry": {"type": "Point", "coordinates": [-82.6648019, 32.4088303]}, "properties": {"barrier": "fence", "name": "Soperton Substation #2", "operator": "Altamaha EMC", "power": "substation", "substation": "distribution", "voltage": "46000", "osm_id": "way/1045347659", "gridlock_state": "GA"}}, {"type": "Feature", "geometry": {"type": "Point", "coordinates": [-82.5975105, 32.3702508]}, "properties": {"barrier": "fence", "name": "Soperton Switchgear", "operator": "Georgia Power", "operator:wikidata": "Q5547666", "operator:wikipedia": "en:Georgia Power", "power": "substation", "substation": "switching", "voltage": "12000", "osm_id": "way/1045347665", "gridlock_state": "GA"}}, {"type": "Feature", "geometry": {"type": "Point", "coordinates": [-82.6784743, 33.4025832]}, "properties": {"barrier": "fence", "name": "Jebco Substation", "operator": "Georgia Power", "operator:wikidata": "Q5547666", "operator:wikipedia": "en:Georgia Power", "power": "substation", "substation": "industrial", "voltage": "46000;240", "osm_id": "way/1046106633", "gridlock_state": "GA"}}, {"type": "Feature", "geometry": {"type": "Point", "coordinates": [-82.6708417, 33.4064479]}, "properties": {"barrier": "fence", "name": "Warrenton Substation", "operator": "Georgia Power", "operator:wikidata": "Q5547666", "operator:wikipedia": "en:Georgia Power", "power": "substation", "substation": "distribution", "voltage": "46000;8000", "osm_id": "way/1046106634", "gridlock_state": "GA"}}, {"type": "Feature", "geometry": {"type": "Point", "coordinates": [-82.6363941, 33.3872987]}, "properties": {"barrier": "no", "name": "East Warrenton Substation", "power": "substation", "substation": "distribution", "voltage": "46000", "osm_id": "way/1046106639", "gridlock_state": "GA"}}, {"type": "Feature", "geometry": {"type": "Point", "coordinates": [-82.6395583, 33.38299]}, "properties": {"barrier": "fence", "name": "Martin Marietta Substation", "operator": "Georgia Power", "operator:wikidata": "Q5547666", "operator:wikipedia": "en:Georgia Power", "power": "substation", "substation": "industrial", "voltage": "46000;12000", "osm_id": "way/1046106640", "gridlock_state": "GA"}}, {"type": "Feature", "geometry": {"type": "Point", "coordinates": [-82.6443678, 33.4092858]}, "properties": {"barrier": "fence", "name": "Georgia Pacific Substation", "operator": "Georgia Power", "operator:wikidata": "Q5547666", "operator:wikipedia": "en:Georgia Power", "power": "substation", "substation": "industrial", "voltage": "46000;12000", "osm_id": "way/1046106642", "gridlock_state": "GA"}}, {"type": "Feature", "geometry": {"type": "Point", "coordinates": [-82.6468798, 33.4179476]}, "properties": {"barrier": "fence", "name": "Timbermen Substation #1", "operator": "Georgia Power", "operator:wikidata": "Q5547666", "operator:wikipedia": "en:Georgia Power", "power": "substation", "substation": "industrial", "voltage": "46000;480", "osm_id": "way/1046106643", "gridlock_state": "GA"}}, {"type": "Feature", "geometry": {"type": "Point", "coordinates": [-82.6360935, 33.4589635]}, "properties": {"barrier": "fence", "name": "Timbermen Substation", "operator": "Georgia Power", "operator:wikidata": "Q5547666", "operator:wikipedia": "en:Georgia Power", "power": "substation", "substation": "industrial", "voltage": "46000;12000", "osm_id": "way/1046106645", "gridlock_state": "GA"}}, {"type": "Feature", "geometry": {"type": "Point", "coordinates": [-82.6397079, 33.4742388]}, "properties": {"barrier": "fence", "name": "Apac Substation", "operator": "Georgia Power", "operator:wikidata": "Q5547666", "operator:wikipedia": "en:Georgia Power", "power": "substation", "substation": "industrial", "voltage": "46000;12000", "osm_id": "way/1046106646", "gridlock_state": "GA"}}, {"type": "Feature", "geometry": {"type": "Point", "coordinates": [-82.569328, 33.2383628]}, "properties": {"barrier": "fence", "name": "Gibson Substation", "operator": "Georgia Power", "operator:wikidata": "Q5547666", "operator:wikipedia": "en:Georgia Power", "power": "substation", "substation": "distribution", "voltage": "46000", "osm_id": "way/1046106650", "gridlock_state": "GA"}}, {"type": "Feature", "geometry": {"type": "Point", "coordinates": [-82.5762552, 31.1065193]}, "properties": {"barrier": "fence", "name": "Manor Substation", "operator": "Georgia Transmission Corporation", "power": "substation", "substation": "distribution", "voltage": "115000", "osm_id": "way/1046134265", "gridlock_state": "GA"}}, {"type": "Feature", "geometry": {"type": "Point", "coordinates": [-82.7300305, 31.1729058]}, "properties": {"barrier": "fence", "name": "Cogdell Substation", "power": "substation", "substation": "distribution", "voltage": "115000", "osm_id": "way/1046932983", "gridlock_state": "GA"}}, {"type": "Feature", "geometry": {"type": "Point", "coordinates": [-82.8421681, 31.2936765]}, "properties": {"barrier": "fence", "name": "Pearson Substation", "operator": "Georgia Power", "operator:wikidata": "Q5547666", "operator:wikipedia": "en:Georgia Power", "power": "substation", "substation": "distribution", "voltage": "115000", "osm_id": "way/1046932986", "gridlock_state": "GA"}}, {"type": "Feature", "geometry": {"type": "Point", "coordinates": [-83.060685, 31.0507044]}, "properties": {"barrier": "fence", "name": "North Lakeland Substation", "power": "substation", "substation": "distribution", "voltage": "115000", "osm_id": "way/1046932990", "gridlock_state": "GA"}}, {"type": "Feature", "geometry": {"type": "Point", "coordinates": [-84.2047599, 33.9407443]}, "properties": {"barrier": "fence", "name": "Norcross Substation #2 MEAG", "operator": "MEAG", "power": "substation", "substation": "distribution", "voltage": "115000", "osm_id": "way/1047525777", "gridlock_state": "GA"}}, {"type": "Feature", "geometry": {"type": "Point", "coordinates": [-84.202821, 31.3157234]}, "properties": {"barrier": "fence", "name": "Flint Substation", "power": "substation", "substation": "distribution", "voltage": "46000", "osm_id": "way/1049423160", "gridlock_state": "GA"}}, {"type": "Feature", "geometry": {"type": "Point", "coordinates": [-84.5334926, 31.5208108]}, "properties": {"barrier": "fence", "name": "Leary Substation", "power": "substation", "substation": "distribution", "voltage": "115000", "osm_id": "way/1049423162", "gridlock_state": "GA"}}, {"type": "Feature", "geometry": {"type": "Point", "coordinates": [-84.6098631, 31.542387]}, "properties": {"barrier": "fence", "name": "Calhoun State Prison Substation", "operator": "Georgia Power", "operator:wikidata": "Q5547666", "operator:wikipedia": "en:Georgia Power", "power": "substation", "substation": "distribution", "voltage": "46000", "osm_id": "way/1049423167", "gridlock_state": "GA"}}, {"type": "Feature", "geometry": {"type": "Point", "coordinates": [-84.6926414, 31.5585029]}, "properties": {"barrier": "fence", "name": "Edison Substation", "power": "substation", "substation": "distribution", "voltage": "46000", "osm_id": "way/1049423171", "gridlock_state": "GA"}}, {"type": "Feature", "geometry": {"type": "Point", "coordinates": [-84.7325335, 31.5597148]}, "properties": {"barrier": "fence", "name": "Edison Substation", "operator": "Georgia Power", "operator:wikidata": "Q5547666", "operator:wikipedia": "en:Georgia Power", "power": "substation", "substation": "distribution", "voltage": "46000;12000", "osm_id": "way/1049423173", "gridlock_state": "GA"}}, {"type": "Feature", "geometry": {"type": "Point", "coordinates": [-84.8458571, 31.6013046]}, "properties": {"barrier": "fence", "name": "Suttons Corner Substation", "operator": "Georgia Power", "operator:wikidata": "Q5547666", "operator:wikipedia": "en:Georgia Power", "power": "substation", "substation": "distribution", "voltage": "46000", "osm_id": "way/1050001209", "gridlock_state": "GA"}}, {"type": "Feature", "geometry": {"type": "Point", "coordinates": [-83.6614253, 32.6176276]}, "properties": {"barrier": "fence", "name": "West Warner Robins Substation", "power": "substation", "substation": "distribution", "voltage": "115000;12000", "osm_id": "way/1050196996", "gridlock_state": "GA"}}, {"type": "Feature", "geometry": {"type": "Point", "coordinates": [-83.6703851, 32.5959336]}, "properties": {"barrier": "fence", "name": "Southwest Substation #25", "operator": "FlintEnergies", "power": "substation", "substation": "distribution", "voltage": "115000", "osm_id": "way/1050196998", "gridlock_state": "GA"}}, {"type": "Feature", "geometry": {"type": "Point", "coordinates": [-83.6914523, 32.6317534]}, "properties": {"barrier": "fence", "name": "Centerville Substation", "power": "substation", "substation": "distribution", "voltage": "115000", "osm_id": "way/1050197001", "gridlock_state": "GA"}}, {"type": "Feature", "geometry": {"type": "Point", "coordinates": [-83.9128073, 34.1980261]}, "properties": {"barrier": "fence", "name": "Cargill Substation", "power": "substation", "substation": "industrial", "voltage": "46000", "osm_id": "way/1050348399", "gridlock_state": "GA"}}, {"type": "Feature", "geometry": {"type": "Point", "coordinates": [-83.3841436, 31.4247422]}, "properties": {"barrier": "fence", "name": "Brookfield Substation", "power": "substation", "substation": "distribution", "voltage": "46000", "osm_id": "way/1050838949", "gridlock_state": "GA"}}, {"type": "Feature", "geometry": {"type": "Point", "coordinates": [-83.4813166, 31.8113851]}, "properties": {"barrier": "fence", "name": "Rebecca Substation", "operator": "Georgia Power", "power": "substation", "substation": "distribution", "voltage": "46000", "osm_id": "way/1051456746", "gridlock_state": "GA"}}, {"type": "Feature", "geometry": {"type": "Point", "coordinates": [-83.2556493, 31.681165]}, "properties": {"barrier": "fence", "name": "Modern Dispersions Substation", "power": "substation", "start_date": "2021", "substation": "industrial", "voltage": "115000", "osm_id": "way/1051456770", "gridlock_state": "GA"}}, {"type": "Feature", "geometry": {"type": "Point", "coordinates": [-83.6945368, 31.9000772]}, "properties": {"barrier": "fence", "name": "Highway 90 Substation", "operator": "Crisp County Power Commision", "power": "substation", "substation": "distribution", "voltage": "46000", "osm_id": "way/1051502337", "gridlock_state": "GA"}}, {"type": "Feature", "geometry": {"type": "Point", "coordinates": [-84.2404768, 34.2468869]}, "properties": {"barrier": "fence", "name": "Ducktown Substation", "power": "substation", "substation": "distribution", "voltage": "115000", "osm_id": "way/1051807385", "gridlock_state": "GA"}}, {"type": "Feature", "geometry": {"type": "Point", "coordinates": [-84.6553592, 34.0467541]}, "properties": {"barrier": "fence", "name": "Acworth Water Treatment Substation", "power": "substation", "substation": "industrial", "voltage": "115000", "osm_id": "way/1051836832", "gridlock_state": "GA"}}, {"type": "Feature", "geometry": {"type": "Point", "coordinates": [-84.6874955, 34.0462465]}, "properties": {"barrier": "fence", "name": "Marietta Water Authority Substation", "power": "substation", "substation": "industrial", "voltage": "115000", "osm_id": "way/1051836835", "gridlock_state": "GA"}}, {"type": "Feature", "geometry": {"type": "Point", "coordinates": [-84.6886647, 33.881503]}, "properties": {"barrier": "fence", "name": "Powder Springs Substation", "power": "substation", "substation": "distribution", "voltage": "115000", "osm_id": "way/1051836845", "gridlock_state": "GA"}}, {"type": "Feature", "geometry": {"type": "Point", "coordinates": [-84.6591212, 33.8773962]}, "properties": {"barrier": "fence", "name": "Macland Substation", "power": "substation", "substation": "distribution", "voltage": "115000", "osm_id": "way/1051836846", "gridlock_state": "GA"}}, {"type": "Feature", "geometry": {"type": "Point", "coordinates": [-84.6387007, 33.8135703]}, "properties": {"barrier": "fence", "name": "Austell Substation", "power": "substation", "substation": "distribution", "voltage": "115000", "osm_id": "way/1051836848", "gridlock_state": "GA"}}, {"type": "Feature", "geometry": {"type": "Point", "coordinates": [-84.6487018, 33.8172408]}, "properties": {"barrier": "fence", "name": "Caraustar Substation", "power": "substation", "substation": "industrial", "voltage": "46000", "osm_id": "way/1051836851", "gridlock_state": "GA"}}, {"type": "Feature", "geometry": {"type": "Point", "coordinates": [-84.6486348, 33.8202221]}, "properties": {"barrier": "fence", "name": "Caraustar Substation #2", "power": "substation", "substation": "industrial", "voltage": "46000", "osm_id": "way/1051836853", "gridlock_state": "GA"}}, {"type": "Feature", "geometry": {"type": "Point", "coordinates": [-84.7333087, 33.8584191]}, "properties": {"barrier": "fence", "name": "Foxboro Substation", "power": "substation", "substation": "distribution", "voltage": "115000", "osm_id": "way/1051836856", "gridlock_state": "GA"}}, {"type": "Feature", "geometry": {"type": "Point", "coordinates": [-84.7883327, 33.7357929]}, "properties": {"barrier": "fence", "name": "Martin Marietta Substation", "power": "substation", "substation": "industrial", "voltage": "46000", "osm_id": "way/1051878247", "gridlock_state": "GA"}}, {"type": "Feature", "geometry": {"type": "Point", "coordinates": [-85.1429496, 33.7079198]}, "properties": {"barrier": "fence", "name": "Bremen Switching Station", "power": "substation", "substation": "switching", "voltage": "12000", "osm_id": "way/1051878255", "gridlock_state": "GA"}}, {"type": "Feature", "geometry": {"type": "Point", "coordinates": [-84.9595976, 33.7417954]}, "properties": {"barrier": "fence", "name": "West Villa Rica Substation", "power": "substation", "substation": "distribution", "voltage": "115000", "osm_id": "way/1051878259", "gridlock_state": "GA"}}, {"type": "Feature", "geometry": {"type": "Point", "coordinates": [-85.0192115, 33.912594]}, "properties": {"barrier": "fence", "name": "Yorkville Substation", "power": "substation", "substation": "distribution", "voltage": "115000", "osm_id": "way/1051878263", "gridlock_state": "GA"}}, {"type": "Feature", "geometry": {"type": "Point", "coordinates": [-84.9769197, 33.6368498]}, "properties": {"barrier": "fence", "name": "Sand Hill Switching Station", "power": "substation", "substation": "switching", "voltage": "12000", "osm_id": "way/1051878267", "gridlock_state": "GA"}}, {"type": "Feature", "geometry": {"type": "Point", "coordinates": [-84.9207516, 33.7211333]}, "properties": {"barrier": "fence", "name": "South Villa Rica Substation", "power": "substation", "substation": "distribution", "voltage": "115000", "osm_id": "way/1051878271", "gridlock_state": "GA"}}, {"type": "Feature", "geometry": {"type": "Point", "coordinates": [-84.8562519, 33.6289842]}, "properties": {"barrier": "fence", "name": "Fairplay Substation", "power": "substation", "substation": "distribution", "voltage": "115000;12000", "osm_id": "way/1051878273", "gridlock_state": "GA"}}, {"type": "Feature", "geometry": {"type": "Point", "coordinates": [-84.8568518, 33.6289626]}, "properties": {"barrier": "fence", "name": "Fairplay Switching Station", "power": "substation", "substation": "switching", "voltage": "12000", "osm_id": "way/1051878274", "gridlock_state": "GA"}}, {"type": "Feature", "geometry": {"type": "Point", "coordinates": [-85.1903899, 32.9186235]}, "properties": {"barrier": "fence", "name": "West Point Dam Substation", "power": "substation", "substation": "generation", "voltage": "115000", "osm_id": "way/1051943826", "gridlock_state": "GA"}}, {"type": "Feature", "geometry": {"type": "Point", "coordinates": [-85.3185727, 32.5774479]}, "properties": {"barrier": "fence", "name": "Lee County Switching Station", "operator": "PowerSouth Energy Cooperative", "power": "substation", "substation": "switching", "voltage": "115000", "osm_id": "way/1051943830", "gridlock_state": ""}}, {"type": "Feature", "geometry": {"type": "Point", "coordinates": [-85.3413407, 32.5493087]}, "properties": {"barrier": "fence", "name": "Providence Substatioin", "operator": "PowerSouth Energy Cooperative", "power": "substation", "substation": "distribution", "voltage": "115000", "osm_id": "way/1051943832", "gridlock_state": ""}}, {"type": "Feature", "geometry": {"type": "Point", "coordinates": [-84.3675056, 31.8736847]}, "properties": {"barrier": "fence", "name": "Terrell Solar Switching Station", "power": "substation", "start_date": "2020", "substation": "switching", "voltage": "115000", "osm_id": "way/1051975799", "gridlock_state": "GA"}}, {"type": "Feature", "geometry": {"type": "Point", "coordinates": [-84.3680979, 31.8729258]}, "properties": {"barrier": "fence", "name": "Terrell Solar Substation", "power": "substation", "start_date": "2020", "substation": "generation", "voltage": "115000", "osm_id": "way/1051975800", "gridlock_state": "GA"}}, {"type": "Feature", "geometry": {"type": "Point", "coordinates": [-84.4902951, 32.0359183]}, "properties": {"barrier": "fence", "name": "Tolleson Lumber Substation", "power": "substation", "substation": "industrial", "voltage": "46000", "osm_id": "way/1051983771", "gridlock_state": "GA"}}, {"type": "Feature", "geometry": {"type": "Point", "coordinates": [-84.5544103, 31.9694423]}, "properties": {"barrier": "fence", "name": "Centerpoint Substation", "power": "substation", "substation": "distribution", "voltage": "46000", "osm_id": "way/1051983773", "gridlock_state": "GA"}}, {"type": "Feature", "geometry": {"type": "Point", "coordinates": [-84.5471713, 32.0700477]}, "properties": {"barrier": "fence", "name": "Preston Substation", "power": "substation", "substation": "distribution", "voltage": "46000", "osm_id": "way/1051983777", "gridlock_state": "GA"}}, {"type": "Feature", "geometry": {"type": "Point", "coordinates": [-84.1551169, 32.1967821]}, "properties": {"barrier": "fence", "name": "Andersonville Substation", "power": "substation", "substation": "distribution", "voltage": "46000", "osm_id": "way/1052001740", "gridlock_state": "GA"}}, {"type": "Feature", "geometry": {"type": "Point", "coordinates": [-84.0149465, 32.3752448]}, "properties": {"barrier": "fence", "name": "Piney Grove Church Substation", "power": "substation", "substation": "distribution", "voltage": "46000", "osm_id": "way/1052001745", "gridlock_state": "GA"}}, {"type": "Feature", "geometry": {"type": "Point", "coordinates": [-84.3573488, 32.4733642]}, "properties": {"barrier": "fence", "name": "Charing Substation", "power": "substation", "substation": "distribution", "voltage": "46000", "osm_id": "way/1052001751", "gridlock_state": "GA"}}, {"type": "Feature", "geometry": {"type": "Point", "coordinates": [-84.0838692, 31.9563061]}, "properties": {"barrier": "fence", "name": "Leslie Substation", "operator": "Georgia Power", "operator:wikidata": "Q5547666", "operator:wikipedia": "en:Georgia Power", "power": "substation", "substation": "distribution", "voltage": "46000", "osm_id": "way/1052036472", "gridlock_state": "GA"}}, {"type": "Feature", "geometry": {"type": "Point", "coordinates": [-84.3123533, 32.5765375]}, "properties": {"barrier": "fence", "name": "Butler Solar Substation", "power": "substation", "start_date": "2015-12", "substation": "generation", "voltage": "46000", "osm_id": "way/1052137284", "gridlock_state": "GA"}}, {"type": "Feature", "geometry": {"type": "Point", "coordinates": [-84.2737043, 32.570275]}, "properties": {"barrier": "fence", "name": "Pawpaw Solar Substation", "power": "substation", "substation": "generation", "voltage": "46000", "osm_id": "way/1052390960", "gridlock_state": "GA"}}, {"type": "Feature", "geometry": {"type": "Point", "coordinates": [-84.5507865, 32.5798184]}, "properties": {"barrier": "fence", "name": "Geneva Substation", "power": "substation", "substation": "distribution", "voltage": "46000", "osm_id": "way/1052393304", "gridlock_state": "GA"}}, {"type": "Feature", "geometry": {"type": "Point", "coordinates": [-84.0085955, 32.7172329]}, "properties": {"barrier": "fence", "name": "Roberta Substation", "power": "substation", "substation": "distribution", "voltage": "46000", "osm_id": "way/1052396232", "gridlock_state": "GA"}}, {"type": "Feature", "geometry": {"type": "Point", "coordinates": [-84.5232187, 32.305275]}, "properties": {"barrier": "fence", "name": "Buena Vista Substation", "power": "substation", "substation": "distribution", "voltage": "46000", "osm_id": "way/1052587336", "gridlock_state": "GA"}}, {"type": "Feature", "geometry": {"type": "Point", "coordinates": [-84.7872012, 32.0517543]}, "properties": {"barrier": "fence", "name": "Lumpkin Substation", "power": "substation", "substation": "distribution", "voltage": "46000", "osm_id": "way/1052587342", "gridlock_state": "GA"}}, {"type": "Feature", "geometry": {"type": "Point", "coordinates": [-84.1175506, 32.183887]}, "properties": {"barrier": "fence", "name": "Imerys Substation", "power": "substation", "substation": "industrial", "voltage": "115000", "osm_id": "way/1052611900", "gridlock_state": "GA"}}, {"type": "Feature", "geometry": {"type": "Point", "coordinates": [-83.7683277, 32.1839219]}, "properties": {"barrier": "fence", "name": "Pinehurst Substation", "power": "substation", "substation": "distribution", "voltage": "46000", "osm_id": "way/1052612000", "gridlock_state": "GA"}}, {"type": "Feature", "geometry": {"type": "Point", "coordinates": [-81.7254003, 31.0973655]}, "properties": {"barrier": "fence", "name": "Waverly Switching Station", "power": "substation", "substation": "switching", "voltage": "13800", "osm_id": "way/1053464324", "gridlock_state": "GA"}}, {"type": "Feature", "geometry": {"type": "Point", "coordinates": [-81.7250962, 31.0973316]}, "properties": {"barrier": "fence", "name": "Waverly Substation", "power": "substation", "substation": "distribution", "voltage": "46000", "osm_id": "way/1053464325", "gridlock_state": "GA"}}, {"type": "Feature", "geometry": {"type": "Point", "coordinates": [-81.6233412, 31.1037888]}, "properties": {"barrier": "fence", "name": "Spring Bluff Substation", "power": "substation", "substation": "distribution", "voltage": "46000", "osm_id": "way/1053464327", "gridlock_state": "GA"}}, {"type": "Feature", "geometry": {"type": "Point", "coordinates": [-81.5513449, 31.1086566]}, "properties": {"barrier": "fence", "name": "Symrise Substation", "power": "substation", "substation": "industrial", "voltage": "46000", "osm_id": "way/1053464335", "gridlock_state": "GA"}}, {"type": "Feature", "geometry": {"type": "Point", "coordinates": [-81.4212452, 31.0498419]}, "properties": {"barrier": "fence", "name": "Jekyll Island Substation", "power": "substation", "substation": "distribution", "voltage": "46000", "osm_id": "way/1053464336", "gridlock_state": "GA"}}, {"type": "Feature", "geometry": {"type": "Point", "coordinates": [-83.1251044, 32.0629094]}, "properties": {"barrier": "fence", "name": "Ararat Substation", "power": "substation", "substation": "distribution", "voltage": "46000", "osm_id": "way/1053709620", "gridlock_state": "GA"}}, {"type": "Feature", "geometry": {"type": "Point", "coordinates": [-83.6659461, 32.3966522]}, "properties": {"barrier": "fence", "name": "Medusa Portland Cement Substation #3", "operator": "Georgia Power", "operator:wikidata": "Q5547666", "operator:wikipedia": "en:Georgia Power", "power": "substation", "substation": "industrial", "voltage": "46000", "osm_id": "way/1053709634", "gridlock_state": "GA"}}, {"type": "Feature", "geometry": {"type": "Point", "coordinates": [-83.2763233, 32.344324]}, "properties": {"barrier": "fence", "name": "Empire Substation", "power": "substation", "substation": "distribution", "voltage": "115000", "osm_id": "way/1054037669", "gridlock_state": "GA"}}, {"type": "Feature", "geometry": {"type": "Point", "coordinates": [-83.1232611, 32.295493]}, "properties": {"barrier": "fence", "name": "Plainfield Substation", "power": "substation", "substation": "distribution", "voltage": "46000", "osm_id": "way/1054037674", "gridlock_state": "GA"}}, {"type": "Feature", "geometry": {"type": "Point", "coordinates": [-83.0452993, 32.3396695]}, "properties": {"barrier": "fence", "name": "Cadwell Substation", "power": "substation", "substation": "distribution", "voltage": "46000", "osm_id": "way/1054037676", "gridlock_state": "GA"}}, {"type": "Feature", "geometry": {"type": "Point", "coordinates": [-83.0014887, 32.3844185]}, "properties": {"barrier": "fence", "name": "Rentz Substation", "operator": "Little Ogmulgee EMC", "power": "substation", "substation": "distribution", "voltage": "46000", "osm_id": "way/1054037677", "gridlock_state": "GA"}}, {"type": "Feature", "geometry": {"type": "Point", "coordinates": [-83.0441987, 32.4188361]}, "properties": {"barrier": "fence", "name": "Dexter Substation", "power": "substation", "substation": "distribution", "voltage": "46000", "osm_id": "way/1054037681", "gridlock_state": "GA"}}, {"type": "Feature", "geometry": {"type": "Point", "coordinates": [-82.9231016, 32.5216421]}, "properties": {"barrier": "fence", "name": "Dirt Road Substation", "power": "substation", "substation": "distribution", "voltage": "115000", "osm_id": "way/1054037687", "gridlock_state": "GA"}}, {"type": "Feature", "geometry": {"type": "Point", "coordinates": [-82.9464836, 32.5025286]}, "properties": {"barrier": "fence", "name": "Achord Road Substation", "power": "substation", "substation": "distribution", "voltage": "115000", "osm_id": "way/1054037690", "gridlock_state": "GA"}}, {"type": "Feature", "geometry": {"type": "Point", "coordinates": [-82.9440364, 32.5345966]}, "properties": {"barrier": "fence", "name": "Vinson Medical Center Substation", "power": "substation", "substation": "distribution", "voltage": "46000", "osm_id": "way/1054037695", "gridlock_state": "GA"}}, {"type": "Feature", "geometry": {"type": "Point", "coordinates": [-83.2592878, 32.5988447]}, "properties": {"barrier": "fence", "name": "Danville Substation", "power": "substation", "substation": "distribution", "voltage": "115000", "osm_id": "way/1054155079", "gridlock_state": "GA"}}, {"type": "Feature", "geometry": {"type": "Point", "coordinates": [-81.4701426, 30.6612727]}, "properties": {"barrier": "fence", "name": "Eight Flags Energy Substation", "power": "substation", "substation": "generation", "voltage": "69000", "osm_id": "way/1054204285", "gridlock_state": ""}}, {"type": "Feature", "geometry": {"type": "Point", "coordinates": [-83.8522703, 33.6102937]}, "properties": {"barrier": "fence", "name": "Fiber Visions Substation", "power": "substation", "substation": "industrial", "voltage": "115000", "osm_id": "way/1054358940", "gridlock_state": "GA"}}, {"type": "Feature", "geometry": {"type": "Point", "coordinates": [-83.992845, 33.6557435]}, "properties": {"barrier": "fence", "name": "Air Products Substation", "power": "substation", "substation": "industrial", "voltage": "115000", "osm_id": "way/1054358956", "gridlock_state": "GA"}}, {"type": "Feature", "geometry": {"type": "Point", "coordinates": [-83.9903175, 33.689127]}, "properties": {"barrier": "fence", "name": "Milstead Substation", "power": "substation", "substation": "industrial", "voltage": "46000", "osm_id": "way/1054358960", "gridlock_state": "GA"}}, {"type": "Feature", "geometry": {"type": "Point", "coordinates": [-84.0750527, 33.7065304]}, "properties": {"barrier": "fence", "name": "Vulcan Materials Substation #2", "power": "substation", "substation": "industrial", "voltage": "46000", "osm_id": "way/1054358980", "gridlock_state": "GA"}}, {"type": "Feature", "geometry": {"type": "Point", "coordinates": [-84.0728856, 33.7073054]}, "properties": {"barrier": "fence", "name": "Vulcan Materials Substation #1", "power": "substation", "substation": "industrial", "voltage": "46000", "osm_id": "way/1054358981", "gridlock_state": "GA"}}, {"type": "Feature", "geometry": {"type": "Point", "coordinates": [-84.0984622, 33.72979]}, "properties": {"barrier": "fence", "name": "Hanson Aggregates Substation", "power": "substation", "substation": "industrial", "voltage": "46000", "osm_id": "way/1054358985", "gridlock_state": "GA"}}, {"type": "Feature", "geometry": {"type": "Point", "coordinates": [-84.0729326, 33.7513536]}, "properties": {"barrier": "fence", "name": "Martin Marietta Substation", "power": "substation", "substation": "industrial", "voltage": "46000", "osm_id": "way/1054358986", "gridlock_state": "GA"}}, {"type": "Feature", "geometry": {"type": "Point", "coordinates": [-84.11189, 33.7324973]}, "properties": {"barrier": "fence", "name": "Encore Recycling Substation", "power": "substation", "substation": "industrial", "voltage": "115000", "osm_id": "way/1054358988", "gridlock_state": "GA"}}, {"type": "Feature", "geometry": {"type": "Point", "coordinates": [-83.8360335, 33.6128083]}, "properties": {"barrier": "fence", "name": "SRG Global Substation", "power": "substation", "substation": "industrial", "voltage": "46000", "osm_id": "way/1054359024", "gridlock_state": "GA"}}, {"type": "Feature", "geometry": {"type": "Point", "coordinates": [-83.7069919, 33.666203]}, "properties": {"barrier": "fence", "name": "Goodyear Substation", "power": "substation", "substation": "industrial", "voltage": "46000", "osm_id": "way/1054387435", "gridlock_state": "GA"}}, {"type": "Feature", "geometry": {"type": "Point", "coordinates": [-83.7075266, 33.6696903]}, "properties": {"barrier": "fence", "name": "CertainTeed Substation", "power": "substation", "substation": "industrial", "voltage": "46000", "osm_id": "way/1054387437", "gridlock_state": "GA"}}, {"type": "Feature", "geometry": {"type": "Point", "coordinates": [-83.7036557, 33.6814192]}, "properties": {"barrier": "fence", "name": "Social Circle Primary Substation", "power": "substation", "substation": "distribution", "voltage": "115000", "osm_id": "way/1054387440", "gridlock_state": "GA"}}, {"type": "Feature", "geometry": {"type": "Point", "coordinates": [-83.7332014, 33.5177559]}, "properties": {"barrier": "fence", "name": "Mansfield Substation", "power": "substation", "substation": "distribution", "voltage": "46000", "osm_id": "way/1054387450", "gridlock_state": "GA"}}, {"type": "Feature", "geometry": {"type": "Point", "coordinates": [-83.7031155, 33.6036661]}, "properties": {"barrier": "fence", "name": "Newton Data Center Substation", "operator": "Georgia Power", "operator:wikidata": "Q5547666", "power": "substation", "substation": "industrial", "voltage": "115000", "osm_id": "way/1054387469", "gridlock_state": "GA"}}, {"type": "Feature", "geometry": {"type": "Point", "coordinates": [-83.247451, 33.4595297]}, "properties": {"barrier": "fence", "name": "Lake Oconee Substation", "power": "substation", "substation": "distribution", "voltage": "115000", "osm_id": "way/1054868572", "gridlock_state": "GA"}}, {"type": "Feature", "geometry": {"type": "Point", "coordinates": [-83.4481458, 33.3630893]}, "properties": {"barrier": "fence", "name": "Dixie Pipeline Substation", "power": "substation", "substation": "industrial", "voltage": "46000", "osm_id": "way/1054868580", "gridlock_state": "GA"}}, {"type": "Feature", "geometry": {"type": "Point", "coordinates": [-84.5262268, 33.9126442]}, "properties": {"barrier": "fence", "name": "U.S. Naval Air Station Substation", "power": "substation", "substation": "industrial", "voltage": "46000;12000", "osm_id": "way/1055270116", "gridlock_state": "GA"}}, {"type": "Feature", "geometry": {"type": "Point", "coordinates": [-85.043138, 34.0013601]}, "properties": {"barrier": "fence", "name": "Rockmart Substation", "operator": "Georgia Power", "operator:wikidata": "Q5547666", "power": "substation", "substation": "distribution", "voltage": "46000;12000", "osm_id": "way/1055793757", "gridlock_state": "GA"}}, {"type": "Feature", "geometry": {"type": "Point", "coordinates": [-85.2665036, 34.015943]}, "properties": {"barrier": "fence", "name": "Geo Speciality Chemicals Substation", "operator": "Georgia Power", "operator:wikidata": "Q5547666", "power": "substation", "substation": "industrial", "voltage": "46000;6000", "osm_id": "way/1056086896", "gridlock_state": "GA"}}, {"type": "Feature", "geometry": {"type": "Point", "coordinates": [-85.100629, 34.1189502]}, "properties": {"barrier": "fence", "name": "Plantation Pipeline Substation", "operator": "Georgia Power", "operator:wikidata": "Q5547666", "power": "substation", "substation": "industrial", "voltage": "46000;2400", "osm_id": "way/1056159846", "gridlock_state": "GA"}}, {"type": "Feature", "geometry": {"type": "Point", "coordinates": [-85.1008258, 34.1185092]}, "properties": {"barrier": "fence", "name": "Wax Substation", "operator": "Georgia Power", "operator:wikidata": "Q5547666", "power": "substation", "substation": "distribution", "voltage": "46000;12000", "osm_id": "way/1056159847", "gridlock_state": "GA"}}, {"type": "Feature", "geometry": {"type": "Point", "coordinates": [-85.3404198, 34.1128972]}, "properties": {"barrier": "fence", "name": "Cave Spring Substation", "power": "substation", "substation": "industrial", "voltage": "46000", "osm_id": "way/1056159852", "gridlock_state": "GA"}}, {"type": "Feature", "geometry": {"type": "Point", "coordinates": [-85.1707005, 34.2201003]}, "properties": {"barrier": "fence", "name": "Bekaert Steel Wire Substation", "operator": "Georgia Power", "operator:wikidata": "Q5547666", "power": "substation", "substation": "industrial", "voltage": "115000;12000", "osm_id": "way/1056162047", "gridlock_state": "GA"}}, {"type": "Feature", "geometry": {"type": "Point", "coordinates": [-84.9412395, 34.3687208]}, "properties": {"barrier": "fence", "name": "Adairsville Substation", "power": "substation", "substation": "distribution", "voltage": "115000", "osm_id": "way/1057362279", "gridlock_state": "GA"}}, {"type": "Feature", "geometry": {"type": "Point", "coordinates": [-85.2728893, 34.7039436]}, "properties": {"barrier": "fence", "name": "LaFayette Switching Station", "power": "substation", "substation": "switching", "voltage": "12000", "osm_id": "way/1057685984", "gridlock_state": "GA"}}, {"type": "Feature", "geometry": {"type": "Point", "coordinates": [-85.2899183, 34.6776297]}, "properties": {"barrier": "fence", "name": "LaFayette Substation #3", "power": "substation", "substation": "distribution", "voltage": "115000", "osm_id": "way/1057685987", "gridlock_state": "GA"}}, {"type": "Feature", "geometry": {"type": "Point", "coordinates": [-85.2771989, 34.5935937]}, "properties": {"barrier": "fence", "name": "Brison Substation", "operator": "North Georgia EMC", "power": "substation", "substation": "distribution", "voltage": "115000", "osm_id": "way/1057685990", "gridlock_state": "GA"}}, {"type": "Feature", "geometry": {"type": "Point", "coordinates": [-85.2991192, 34.5407774]}, "properties": {"barrier": "fence", "name": "Trion Substation", "power": "substation", "substation": "distribution", "voltage": "115000", "osm_id": "way/1057685991", "gridlock_state": "GA"}}, {"type": "Feature", "geometry": {"type": "Point", "coordinates": [-85.3135751, 34.5485483]}, "properties": {"barrier": "fence", "name": "Mount Vernon Mills Substation", "operator": "Georgia Power", "operator:wikidata": "Q5547666", "power": "substation", "substation": "industrial", "voltage": "115000", "osm_id": "way/1057685994", "gridlock_state": "GA"}}, {"type": "Feature", "geometry": {"type": "Point", "coordinates": [-85.1900156, 34.4742478]}, "properties": {"barrier": "fence", "name": "Plantation Pipeline Substation", "operator": "Georgia Power", "operator:wikidata": "Q5547666", "power": "substation", "substation": "industrial", "voltage": "46000", "osm_id": "way/1057686005", "gridlock_state": "GA"}}, {"type": "Feature", "geometry": {"type": "Point", "coordinates": [-85.4637231, 34.4854743]}, "properties": {"barrier": "fence", "name": "Menlo Substation", "operator": "Georgia Power", "operator:wikidata": "Q5547666", "power": "substation", "substation": "distribution", "voltage": "46000;12000", "osm_id": "way/1057686016", "gridlock_state": "GA"}}, {"type": "Feature", "geometry": {"type": "Point", "coordinates": [-84.9298357, 34.7246781]}, "properties": {"barrier": "fence", "name": "Dalton Wastewater Substation", "power": "substation", "substation": "industrial", "voltage": "12000", "osm_id": "way/1057942665", "gridlock_state": "GA"}}, {"type": "Feature", "geometry": {"type": "Point", "coordinates": [-83.5567294, 30.7793653]}, "properties": {"barrier": "fence", "name": "Chapel Street Substation", "operator": "Municipal Electric Authority of Georgia", "power": "substation", "substation": "distribution", "voltage": "115000", "osm_id": "way/1057964193", "gridlock_state": "GA"}}, {"type": "Feature", "geometry": {"type": "Point", "coordinates": [-84.5669923, 30.9125521]}, "properties": {"barrier": "fence", "name": "Bainbridge Substation", "operator": "Georgia Power", "operator:wikidata": "Q5547666", "power": "substation", "ref": "100;101", "substation": "distribution", "voltage": "115000;12470", "osm_id": "way/1058040908", "gridlock_state": "GA"}}, {"type": "Feature", "geometry": {"type": "Point", "coordinates": [-84.7770448, 30.8768194]}, "properties": {"barrier": "fence", "name": "Reynoldsville Substation", "operator": "Georgia Transmission Cooperative", "power": "substation", "substation": "distribution", "voltage": "115000", "osm_id": "way/1058040918", "gridlock_state": "GA"}}, {"type": "Feature", "geometry": {"type": "Point", "coordinates": [-84.8837698, 31.0429277]}, "properties": {"barrier": "fence", "name": "Donaldsonville Substation", "operator": "Georgia Power", "operator:wikidata": "Q5547666", "power": "substation", "substation": "distribution", "voltage": "115000;12470", "osm_id": "way/1058040920", "gridlock_state": "GA"}}, {"type": "Feature", "geometry": {"type": "Point", "coordinates": [-84.6892138, 31.1871611]}, "properties": {"barrier": "fence", "name": "East Colquitt Substation", "operator": "Three Notch EMC", "power": "substation", "substation": "distribution", "voltage": "115000;12000", "osm_id": "way/1058040927", "gridlock_state": "GA"}}, {"type": "Feature", "geometry": {"type": "Point", "coordinates": [-84.4729236, 31.3452671]}, "properties": {"barrier": "fence", "name": "Elmodel Substation", "power": "substation", "substation": "distribution", "voltage": "46000", "osm_id": "way/1058053791", "gridlock_state": "GA"}}, {"type": "Feature", "geometry": {"type": "Point", "coordinates": [-84.714607, 31.3041137]}, "properties": {"barrier": "fence", "name": "Damascus Substation", "power": "substation", "substation": "distribution", "voltage": "46000", "osm_id": "way/1058053797", "gridlock_state": "GA"}}, {"type": "Feature", "geometry": {"type": "Point", "coordinates": [-85.1239467, 31.2927593]}, "properties": {"name": "Columbia Substation", "operator": "Alabama Power", "operator:wikidata": "Q4705296", "power": "substation", "substation": "distribution", "voltage": "46000", "osm_id": "way/1058071901", "gridlock_state": ""}}, {"type": "Feature", "geometry": {"type": "Point", "coordinates": [-85.2610117, 31.1971754]}, "properties": {"barrier": "fence", "name": "Ashford Substation", "operator": "Wiregrass Electric Cooperative", "power": "substation", "substation": "distribution", "voltage": "46000", "osm_id": "way/1058071908", "gridlock_state": ""}}, {"type": "Feature", "geometry": {"type": "Point", "coordinates": [-85.2625958, 31.0998311]}, "properties": {"barrier": "fence", "name": "Cottonwood Substation", "operator": "Alabama Power", "operator:wikidata": "Q4705296", "power": "substation", "substation": "distribution", "voltage": "46000", "osm_id": "way/1058071917", "gridlock_state": ""}}, {"type": "Feature", "geometry": {"type": "Point", "coordinates": [-83.3441669, 30.9074236]}, "properties": {"barrier": "fence", "name": "Mineola Substation", "operator": "Georgia Transmission Corporation", "power": "substation", "start_date": "2018", "substation": "distribution", "voltage": "115000;24940", "osm_id": "way/1058088611", "gridlock_state": "GA"}}, {"type": "Feature", "geometry": {"type": "Point", "coordinates": [-83.4071971, 31.0991291]}, "properties": {"barrier": "fence", "name": "Messer Substation", "power": "substation", "substation": "industrial", "voltage": "230000", "osm_id": "way/1058099528", "gridlock_state": "GA"}}, {"type": "Feature", "geometry": {"type": "Point", "coordinates": [-81.482094, 31.1624418]}, "properties": {"barrier": "fence", "name": "Pinova Substation", "operator": "Georgia Power", "operator:wikidata": "Q5547666", "power": "substation", "substation": "industrial", "voltage": "25000", "osm_id": "way/1058106847", "gridlock_state": "GA"}}, {"type": "Feature", "geometry": {"type": "Point", "coordinates": [-81.4321574, 31.3753472]}, "properties": {"barrier": "fence", "name": "Darien Substation", "power": "substation", "substation": "distribution", "voltage": "115000", "osm_id": "way/1058106856", "gridlock_state": "GA"}}, {"type": "Feature", "geometry": {"type": "Point", "coordinates": [-82.750181, 31.7209749]}, "properties": {"barrier": "fence", "name": "Denton Substation", "power": "substation", "substation": "distribution", "voltage": "230000", "osm_id": "way/1058177100", "gridlock_state": "GA"}}, {"type": "Feature", "geometry": {"type": "Point", "coordinates": [-80.8072642, 33.1295032]}, "properties": {"barrier": "fence", "name": "Johnsville Substation", "power": "substation", "substation": "distribution", "voltage": "115000", "osm_id": "way/1058180430", "gridlock_state": "SC"}}, {"type": "Feature", "geometry": {"type": "Point", "coordinates": [-83.8848071, 31.7050303]}, "properties": {"barrier": "fence", "name": "Doles Substation", "power": "substation", "substation": "distribution", "voltage": "115000", "osm_id": "way/1058192256", "gridlock_state": "GA"}}, {"type": "Feature", "geometry": {"type": "Point", "coordinates": [-84.3610447, 31.8227499]}, "properties": {"barrier": "fence", "name": "Bronwood Substation", "power": "substation", "substation": "distribution", "voltage": "46000", "osm_id": "way/1058251679", "gridlock_state": "GA"}}, {"type": "Feature", "geometry": {"type": "Point", "coordinates": [-81.3134298, 31.946741]}, "properties": {"barrier": "fence", "name": "Richmond Hill Substation", "power": "substation", "substation": "distribution", "voltage": "115000", "osm_id": "way/1058253987", "gridlock_state": "GA"}}, {"type": "Feature", "geometry": {"type": "Point", "coordinates": [-84.1134537, 32.3340269]}, "properties": {"barrier": "fence", "name": "Tyson Substation", "operator": "Flint Energies", "power": "substation", "substation": "industrial", "voltage": "46000", "osm_id": "way/1058256786", "gridlock_state": "GA"}}, {"type": "Feature", "geometry": {"type": "Point", "coordinates": [-83.4874544, 32.6098518]}, "properties": {"barrier": "fence", "name": "Twiggs Solar Switching Station", "power": "substation", "substation": "switching", "voltage": "230000", "osm_id": "way/1058314861", "gridlock_state": "GA"}}, {"type": "Feature", "geometry": {"type": "Point", "coordinates": [-83.4874958, 32.6087257]}, "properties": {"barrier": "fence", "name": "Twiggs Solar", "power": "substation", "substation": "generation", "voltage": "230000", "osm_id": "way/1058331052", "gridlock_state": "GA"}}, {"type": "Feature", "geometry": {"type": "Point", "coordinates": [-85.0818408, 31.8832711]}, "properties": {"barrier": "fence", "name": "Georgetown Substation", "operator": "Alabama Power", "operator:wikidata": "Q4705296", "power": "substation", "substation": "distribution", "voltage": "46000", "osm_id": "way/1058360182", "gridlock_state": "GA"}}, {"type": "Feature", "geometry": {"type": "Point", "coordinates": [-85.1492908, 31.8897502]}, "properties": {"barrier": "fence", "name": "Eufaula Central Substation", "operator": "Alabama Power", "operator:wikidata": "Q4705296", "power": "substation", "substation": "distribution", "voltage": "46000", "osm_id": "way/1058360191", "gridlock_state": ""}}, {"type": "Feature", "geometry": {"type": "Point", "coordinates": [-85.1397024, 31.8917679]}, "properties": {"barrier": "fence", "name": "East Eufala Substation", "operator": "Alabama Power", "operator:wikidata": "Q4705296", "power": "substation", "substation": "distribution", "voltage": "46000", "osm_id": "way/1058360192", "gridlock_state": ""}}, {"type": "Feature", "geometry": {"type": "Point", "coordinates": [-84.9687799, 32.5297751]}, "properties": {"barrier": "fence", "name": "Aludyne Substation", "power": "substation", "substation": "industrial", "voltage": "115000", "osm_id": "way/1058469129", "gridlock_state": "GA"}}, {"type": "Feature", "geometry": {"type": "Point", "coordinates": [-85.1659077, 32.8834421]}, "properties": {"barrier": "fence", "name": "West Point Substation", "power": "substation", "substation": "distribution", "voltage": "115000", "osm_id": "way/1058469134", "gridlock_state": "GA"}}, {"type": "Feature", "geometry": {"type": "Point", "coordinates": [-85.2022968, 33.4691806]}, "properties": {"barrier": "fence", "name": "Tyus Substation", "power": "substation", "substation": "distribution", "voltage": "46000", "osm_id": "way/1058657265", "gridlock_state": "GA"}}, {"type": "Feature", "geometry": {"type": "Point", "coordinates": [-85.2506297, 33.5367988]}, "properties": {"barrier": "fence", "name": "Bowdon Substation", "power": "substation", "substation": "industrial", "voltage": "46000", "osm_id": "way/1058657268", "gridlock_state": "GA"}}, {"type": "Feature", "geometry": {"type": "Point", "coordinates": [-85.2769062, 33.948778]}, "properties": {"barrier": "fence", "name": "Sewell Creek Energy Substation", "power": "substation", "substation": "generation", "voltage": "230000", "osm_id": "way/1058657270", "gridlock_state": "GA"}}, {"type": "Feature", "geometry": {"type": "Point", "coordinates": [-84.4003529, 33.7632685]}, "properties": {"barrier": "fence", "name": "Georgia World Congress Substation", "power": "substation", "substation": "distribution", "voltage": "115000", "osm_id": "way/1059249715", "gridlock_state": "GA"}}, {"type": "Feature", "geometry": {"type": "Point", "coordinates": [-84.4739871, 33.7786847]}, "properties": {"barrier": "fence", "name": "Center Hill Substation", "power": "substation", "substation": "distribution", "voltage": "115000", "osm_id": "way/1059255853", "gridlock_state": "GA"}}, {"type": "Feature", "geometry": {"type": "Point", "coordinates": [-84.6741955, 33.7594495]}, "properties": {"barrier": "fence", "name": "PPL Pipeline Substation", "operator": "Georgia Power", "operator:wikidata": "Q5547666", "power": "substation", "substation": "industrial", "voltage": "115000", "osm_id": "way/1059330478", "gridlock_state": "GA"}}, {"type": "Feature", "geometry": {"type": "Point", "coordinates": [-84.6687712, 33.7728062]}, "properties": {"barrier": "fence", "name": "Vulcan Materials Substation", "power": "substation", "substation": "industrial", "voltage": "46000", "osm_id": "way/1059330483", "gridlock_state": "GA"}}, {"type": "Feature", "geometry": {"type": "Point", "coordinates": [-84.8308939, 33.8394898]}, "properties": {"barrier": "fence", "name": "Nebo Substation", "power": "substation", "substation": "distribution", "voltage": "115000", "osm_id": "way/1059340444", "gridlock_state": "GA"}}, {"type": "Feature", "geometry": {"type": "Point", "coordinates": [-84.8305876, 34.1411997]}, "properties": {"barrier": "fence", "name": "Cartersville Wastewater Treatment Substation", "power": "substation", "substation": "industrial", "voltage": "46000", "osm_id": "way/1059513729", "gridlock_state": "GA"}}, {"type": "Feature", "geometry": {"type": "Point", "coordinates": [-84.2710285, 33.9151142]}, "properties": {"barrier": "fence", "name": "Colonial Pipeline Substation", "power": "substation", "substation": "industrial", "voltage": "46000", "osm_id": "way/1059513750", "gridlock_state": "GA"}}, {"type": "Feature", "geometry": {"type": "Point", "coordinates": [-84.2533939, 33.922992]}, "properties": {"barrier": "fence", "name": "SA Recycling Substation", "power": "substation", "substation": "industrial", "voltage": "115000", "osm_id": "way/1059552333", "gridlock_state": "GA"}}, {"type": "Feature", "geometry": {"type": "Point", "coordinates": [-85.1320157, 34.3801401]}, "properties": {"barrier": "fence", "name": "Colonial Pipeline Substation", "power": "substation", "substation": "industrial", "voltage": "115000", "osm_id": "way/1059629241", "gridlock_state": "GA"}}, {"type": "Feature", "geometry": {"type": "Point", "coordinates": [-85.5121608, 34.8669746]}, "properties": {"barrier": "fence", "name": "Trenton Substation", "operator": "Georgia Power", "operator:wikidata": "Q5547666", "power": "substation", "substation": "distribution", "voltage": "115000;25000;12000", "osm_id": "way/1059668327", "gridlock_state": "GA"}}, {"type": "Feature", "geometry": {"type": "Point", "coordinates": [-85.4434553, 34.9427658]}, "properties": {"barrier": "fence", "name": "Morganville Substation", "operator": "TVA", "operator:wikidata": "Q1367577", "power": "substation", "substation": "distribution", "voltage": "161000;115000;12000", "osm_id": "way/1059668329", "gridlock_state": "GA"}}, {"type": "Feature", "geometry": {"type": "Point", "coordinates": [-85.5014857, 34.883007]}, "properties": {"barrier": "fence", "name": "Hudson Wire Substation", "operator": "Georgia Power", "operator:wikidata": "Q5547666", "power": "substation", "substation": "industrial", "voltage": "46000;480", "osm_id": "way/1059668334", "gridlock_state": "GA"}}, {"type": "Feature", "geometry": {"type": "Point", "coordinates": [-85.5008171, 34.8810236]}, "properties": {"barrier": "fence", "name": "Bull Moose Tube Substation", "operator": "Georgia Power", "operator:wikidata": "Q5547666", "power": "substation", "substation": "industrial", "voltage": "46000;480", "osm_id": "way/1059668337", "gridlock_state": "GA"}}, {"type": "Feature", "geometry": {"type": "Point", "coordinates": [-85.3236562, 34.8168598]}, "properties": {"barrier": "fence", "name": "Kensigton Substation", "power": "substation", "substation": "distribution", "voltage": "230000", "osm_id": "way/1059954446", "gridlock_state": "GA"}}, {"type": "Feature", "geometry": {"type": "Point", "coordinates": [-85.3775531, 34.9617516]}, "properties": {"barrier": "fence", "name": "Covenant College Substation", "operator": "TVA", "operator:wikidata": "Q1367577", "power": "substation", "substation": "distribution", "voltage": "46000", "osm_id": "way/1059954472", "gridlock_state": "GA"}}, {"type": "Feature", "geometry": {"type": "Point", "coordinates": [-85.3495449, 34.9406834]}, "properties": {"barrier": "fence", "name": "Flintstone Substation", "operator": "TVA", "operator:wikidata": "Q1367577", "power": "substation", "substation": "distribution", "voltage": "46000", "osm_id": "way/1059954474", "gridlock_state": "GA"}}, {"type": "Feature", "geometry": {"type": "Point", "coordinates": [-84.3703566, 34.3829368]}, "properties": {"barrier": "fence", "name": "Nelson Substation", "power": "substation", "substation": "distribution", "voltage": "46000", "osm_id": "way/1059984089", "gridlock_state": "GA"}}, {"type": "Feature", "geometry": {"type": "Point", "coordinates": [-84.3675732, 34.4114582]}, "properties": {"barrier": "fence", "name": "Polycor Marble Substation", "power": "substation", "substation": "industrial", "voltage": "46000", "osm_id": "way/1059984093", "gridlock_state": "GA"}}, {"type": "Feature", "geometry": {"type": "Point", "coordinates": [-84.0034505, 34.5718803]}, "properties": {"barrier": "fence", "name": "Cane Creek Substation", "power": "substation", "substation": "distribution", "voltage": "115000", "osm_id": "way/1059984104", "gridlock_state": "GA"}}, {"type": "Feature", "geometry": {"type": "Point", "coordinates": [-84.3899667, 34.6435939]}, "properties": {"barrier": "fence", "name": "Quill Substation", "power": "substation", "substation": "distribution", "voltage": "46000", "osm_id": "way/1059986488", "gridlock_state": "GA"}}, {"type": "Feature", "geometry": {"type": "Point", "coordinates": [-83.898071, 34.4121136]}, "properties": {"barrier": "fence", "name": "Murrayville Substation", "power": "substation", "substation": "distribution", "voltage": "115000", "osm_id": "way/1060027913", "gridlock_state": "GA"}}, {"type": "Feature", "geometry": {"type": "Point", "coordinates": [-83.7730904, 34.5913209]}, "properties": {"barrier": "fence", "name": "Cleveland Substation", "power": "substation", "substation": "distribution", "voltage": "115000", "osm_id": "way/1060027929", "gridlock_state": "GA"}}, {"type": "Feature", "geometry": {"type": "Point", "coordinates": [-83.1066745, 34.3445636]}, "properties": {"name": "Canon Subsstation", "operator": "Georgia Power", "operator:wikidata": "Q5547666", "power": "substation", "substation": "distribution", "voltage": "46000", "osm_id": "way/1060196940", "gridlock_state": "GA"}}, {"type": "Feature", "geometry": {"type": "Point", "coordinates": [-82.9544339, 34.3401983]}, "properties": {"barrier": "fence", "name": "Nestle Purina Substation", "power": "substation", "substation": "industrial", "voltage": "115000", "osm_id": "way/1060196955", "gridlock_state": "GA"}}, {"type": "Feature", "geometry": {"type": "Point", "coordinates": [-83.4546438, 34.6468622]}, "properties": {"barrier": "fence", "name": "Hollywood Switching Station", "power": "substation", "substation": "switching", "voltage": "12000", "osm_id": "way/1060204180", "gridlock_state": "GA"}}, {"type": "Feature", "geometry": {"type": "Point", "coordinates": [-83.3519817, 34.7136075]}, "properties": {"name": "Tugalo Dam Substation", "power": "substation", "substation": "generation", "voltage": "115000", "osm_id": "way/1060215661", "gridlock_state": "GA"}}, {"type": "Feature", "geometry": {"type": "Point", "coordinates": [-83.3429237, 34.681116]}, "properties": {"barrier": "fence", "name": "Yonah Dam Substation", "operator": "Georgia Power", "operator:wikidata": "Q5547666", "power": "substation", "substation": "generation", "voltage": "115000", "osm_id": "way/1060215665", "gridlock_state": "GA"}}, {"type": "Feature", "geometry": {"type": "Point", "coordinates": [-83.4058576, 34.7505645]}, "properties": {"barrier": "fence", "name": "Terrora Substation", "power": "substation", "substation": "generation", "voltage": "115000", "osm_id": "way/1060286418", "gridlock_state": "GA"}}, {"type": "Feature", "geometry": {"type": "Point", "coordinates": [-83.5010193, 34.7555186]}, "properties": {"name": "Nacoochee Substation", "operator": "Georgia Power", "operator:wikidata": "Q5547666", "power": "substation", "substation": "generation", "voltage": "46000", "osm_id": "way/1060286450", "gridlock_state": "GA"}}, {"type": "Feature", "geometry": {"type": "Point", "coordinates": [-83.5406152, 34.7932637]}, "properties": {"barrier": "fence", "name": "Burton Substation", "operator": "Georgia Power", "operator:wikidata": "Q5547666", "power": "substation", "substation": "distribution", "voltage": "46000", "osm_id": "way/1060286454", "gridlock_state": "GA"}}, {"type": "Feature", "geometry": {"type": "Point", "coordinates": [-83.5355435, 34.7928]}, "properties": {"barrier": "fence", "name": "Burton Switching Station", "power": "substation", "substation": "switching", "voltage": "12000", "osm_id": "way/1060286457", "gridlock_state": "GA"}}, {"type": "Feature", "geometry": {"type": "Point", "coordinates": [-83.55733, 34.589828]}, "properties": {"barrier": "fence", "name": "Habersham Dam", "power": "substation", "substation": "distribution", "voltage": "46000", "osm_id": "way/1060291514", "gridlock_state": "GA"}}, {"type": "Feature", "geometry": {"type": "Point", "coordinates": [-83.5501731, 34.555296]}, "properties": {"barrier": "fence", "name": "Democrest Substation", "power": "substation", "substation": "distribution", "voltage": "46000", "osm_id": "way/1060291518", "gridlock_state": "GA"}}, {"type": "Feature", "geometry": {"type": "Point", "coordinates": [-83.7393814, 34.9369171]}, "properties": {"barrier": "fence", "name": "Hiwassee Substation", "power": "substation", "substation": "distribution", "voltage": "69000", "osm_id": "way/1060565171", "gridlock_state": "GA"}}, {"type": "Feature", "geometry": {"type": "Point", "coordinates": [-83.7914326, 35.0189934]}, "properties": {"barrier": "fence", "name": "Chatuge Dam Substation", "operator": "TVA", "operator:wikidata": "Q1367577", "power": "substation", "substation": "generation", "voltage": "69000", "osm_id": "way/1060565174", "gridlock_state": ""}}, {"type": "Feature", "geometry": {"type": "Point", "coordinates": [-84.0876204, 34.9591783]}, "properties": {"barrier": "fence", "name": "Nottely Dam Substation", "operator": "Tennessee Valley Authority", "operator:short": "TVA", "operator:wikidata": "Q1367577", "power": "substation", "substation": "generation", "voltage": "69000", "osm_id": "way/1060565191", "gridlock_state": "GA"}}, {"type": "Feature", "geometry": {"type": "Point", "coordinates": [-84.0506936, 31.7052621]}, "properties": {"barrier": "fence", "name": "Chehaw Substation", "power": "substation", "substation": "distribution", "voltage": "46000", "osm_id": "way/1060570256", "gridlock_state": "GA"}}, {"type": "Feature", "geometry": {"type": "Point", "coordinates": [-84.0507126, 31.704898]}, "properties": {"barrier": "fence", "name": "Chehaw Switching Station", "power": "substation", "substation": "switching", "voltage": "12000", "osm_id": "way/1060570257", "gridlock_state": "GA"}}, {"type": "Feature", "geometry": {"type": "Point", "coordinates": [-81.7011452, 33.3997546]}, "properties": {"barrier": "fence", "name": "New Ellenton Substation", "power": "substation", "substation": "distribution", "voltage": "115000", "osm_id": "way/1061174282", "gridlock_state": "SC"}}, {"type": "Feature", "geometry": {"type": "Point", "coordinates": [-81.5182359, 30.6098731]}, "properties": {"barrier": "fence", "name": "Fernandina Beach Substation", "operator": "Florida Power & Light", "operator:wikidata": "Q1430055", "power": "substation", "substation": "distribution", "voltage": "138000", "osm_id": "way/1061323789", "gridlock_state": ""}}, {"type": "Feature", "geometry": {"type": "Point", "coordinates": [-81.6944014, 30.3190857]}, "properties": {"barrier": "fence", "name": "Rosselle Substation", "operator": "Jacksonville Electric Authority", "operator:short": "JEA", "operator:wikidata": "Q17068270", "power": "substation", "substation": "minor_distribution", "voltage": "26400;4000", "osm_id": "way/1061730421", "gridlock_state": ""}}, {"type": "Feature", "geometry": {"type": "Point", "coordinates": [-80.9612168, 32.2385568]}, "properties": {"barrier": "fence", "name": "Pritchardville Substation", "operator": "Dominion Energy", "operator:wikidata": "Q677464", "power": "substation", "substation": "distribution", "voltage": "115000;23000", "osm_id": "way/1062495953", "gridlock_state": "SC"}}, {"type": "Feature", "geometry": {"type": "Point", "coordinates": [-81.1005383, 32.4428589]}, "properties": {"barrier": "fence", "name": "Tillman Substation", "power": "substation", "substation": "distribution", "voltage": "115000", "osm_id": "way/1064022696", "gridlock_state": "SC"}}, {"type": "Feature", "geometry": {"type": "Point", "coordinates": [-80.8705012, 32.3654957]}, "properties": {"barrier": "fence", "name": "Cherry Point Wastewater Treatment Substation", "power": "substation", "substation": "distribution", "voltage": "115000", "osm_id": "way/1064022704", "gridlock_state": "SC"}}, {"type": "Feature", "geometry": {"type": "Point", "coordinates": [-81.1507317, 32.7429701]}, "properties": {"barrier": "fence", "name": "Nixville Substation", "power": "substation", "substation": "distribution", "voltage": "69000", "osm_id": "way/1064022711", "gridlock_state": "SC"}}, {"type": "Feature", "geometry": {"type": "Point", "coordinates": [-80.7183614, 32.4626479]}, "properties": {"barrier": "fence", "name": "Marine Corps Beaufort Substation", "power": "substation", "substation": "distribution", "voltage": "115000", "osm_id": "way/1064274424", "gridlock_state": "SC"}}, {"type": "Feature", "geometry": {"type": "Point", "coordinates": [-80.7192555, 32.4383705]}, "properties": {"barrier": "fence", "name": "Burton Central Substation", "operator": "Dominion Energy", "operator:wikidata": "Q677464", "power": "substation", "substation": "distribution", "voltage": "115000;12000", "osm_id": "way/1064274436", "gridlock_state": "SC"}}, {"type": "Feature", "geometry": {"type": "Point", "coordinates": [-80.685873, 32.3970574]}, "properties": {"barrier": "fence", "name": "Port Royal Substation", "operator": "South Carolina Electric & Gas", "power": "substation", "substation": "distribution", "voltage": "115000", "osm_id": "way/1064802533", "gridlock_state": "SC"}}, {"type": "Feature", "geometry": {"type": "Point", "coordinates": [-80.5711266, 32.3991323]}, "properties": {"barrier": "fence", "name": "Frogmore Substation", "operator": "South Carolina Electric & Gas", "power": "substation", "substation": "distribution", "voltage": "115000;23000", "osm_id": "way/1064802545", "gridlock_state": "SC"}}, {"type": "Feature", "geometry": {"type": "Point", "coordinates": [-83.0822489, 30.6149828]}, "properties": {"barrier": "fence", "name": "Jennings Substation", "power": "substation", "substation": "distribution", "voltage": "69000", "osm_id": "way/1064895546", "gridlock_state": ""}}, {"type": "Feature", "geometry": {"type": "Point", "coordinates": [-81.2837946, 33.0003877]}, "properties": {"barrier": "fence", "name": "Allendale Biomass Substation", "power": "substation", "substation": "generation", "voltage": "69000", "osm_id": "way/1064949512", "gridlock_state": "SC"}}, {"type": "Feature", "geometry": {"type": "Point", "coordinates": [-80.8793637, 32.9932255]}, "properties": {"barrier": "fence", "name": "Stevens Crossroads Switching Station", "operator": "Santee Cooper", "power": "substation", "substation": "distribution", "voltage": "69000", "osm_id": "way/1064949532", "gridlock_state": "SC"}}, {"type": "Feature", "geometry": {"type": "Point", "coordinates": [-80.6621227, 32.8904006]}, "properties": {"barrier": "fence", "name": "South Walterboro Substation", "power": "substation", "substation": "distribution", "voltage": "115000", "osm_id": "way/1065036694", "gridlock_state": "SC"}}, {"type": "Feature", "geometry": {"type": "Point", "coordinates": [-80.0716656, 32.6510409]}, "properties": {"barrier": "fence", "name": "Legareville Substation", "power": "substation", "substation": "distribution", "voltage": "115000", "osm_id": "way/1065036718", "gridlock_state": "SC"}}, {"type": "Feature", "geometry": {"type": "Point", "coordinates": [-79.9622389, 32.8268457]}, "properties": {"barrier": "fence", "name": "Hagood Substation", "power": "substation", "substation": "transmission", "voltage": "115000", "osm_id": "way/1065416801", "gridlock_state": "SC"}}, {"type": "Feature", "geometry": {"type": "Point", "coordinates": [-79.9469778, 32.8423465]}, "properties": {"barrier": "fence", "name": "Hugh K. Leatherman Terminal Substation", "operator": "Dominion Energy South Carolina", "operator:wikidata": "Q114367619", "power": "substation", "start_date": "2020", "substation": "industrial", "voltage": "115000", "osm_id": "way/1065416827", "gridlock_state": "SC"}}, {"type": "Feature", "geometry": {"type": "Point", "coordinates": [-79.9264041, 32.9940916]}, "properties": {"barrier": "fence", "name": "Nexans High Voltage Cable Substation", "power": "substation", "start_date": "2014", "substation": "industrial", "voltage": "115000", "osm_id": "way/1065541646", "gridlock_state": "SC"}}, {"type": "Feature", "geometry": {"type": "Point", "coordinates": [-80.0023535, 32.9038413]}, "properties": {"barrier": "fence", "name": "Port Park Substation", "power": "substation", "substation": "distribution", "voltage": "115000", "osm_id": "way/1065541657", "gridlock_state": "SC"}}, {"type": "Feature", "geometry": {"type": "Point", "coordinates": [-79.8758304, 33.0053425]}, "properties": {"barrier": "fence", "name": "Air Liquide Substation", "power": "substation", "substation": "industrial", "voltage": "115000", "osm_id": "way/1065670042", "gridlock_state": "SC"}}, {"type": "Feature", "geometry": {"type": "Point", "coordinates": [-79.930453, 33.0149206]}, "properties": {"name": "Williams Gas Turbine Substation", "operator": "South Carolina Gas & Electric", "power": "substation", "substation": "generation", "voltage": "115000;13200", "osm_id": "way/1065670067", "gridlock_state": "SC"}}, {"type": "Feature", "geometry": {"type": "Point", "coordinates": [-79.8810457, 33.0059325]}, "properties": {"barrier": "fence", "name": "Nucor Steel Foundry Switching", "power": "substation", "substation": "switching", "voltage": "low", "osm_id": "way/1065670101", "gridlock_state": "SC"}}, {"type": "Feature", "geometry": {"type": "Point", "coordinates": [-79.8806608, 33.0067672]}, "properties": {"barrier": "fence", "name": "Nucor Steel Foundry Switching", "power": "substation", "substation": "switching", "voltage": "low", "osm_id": "way/1065670102", "gridlock_state": "SC"}}, {"type": "Feature", "geometry": {"type": "Point", "coordinates": [-79.8812787, 33.0069319]}, "properties": {"barrier": "fence", "name": "Nucor Steel Foundry Switching", "power": "substation", "substation": "switching", "voltage": "low", "osm_id": "way/1065670103", "gridlock_state": "SC"}}, {"type": "Feature", "geometry": {"type": "Point", "coordinates": [-79.886285, 33.0029029]}, "properties": {"barrier": "fence", "name": "Nucor Steel Foundry Switching", "power": "substation", "substation": "switching", "voltage": "low", "osm_id": "way/1065670127", "gridlock_state": "SC"}}, {"type": "Feature", "geometry": {"type": "Point", "coordinates": [-81.2452232, 32.7652063]}, "properties": {"barrier": "fence", "name": "Estill Solar Substation", "power": "substation", "start_date": "2017", "substation": "generation", "voltage": "46000", "osm_id": "way/1065939232", "gridlock_state": "SC"}}, {"type": "Feature", "geometry": {"type": "Point", "coordinates": [-81.2406874, 32.7575417]}, "properties": {"barrier": "fence", "name": "Estill Substation", "operator": "South Carolina Electric & Gas", "power": "substation", "substation": "distribution", "voltage": "46000", "osm_id": "way/1065939234", "gridlock_state": "SC"}}, {"type": "Feature", "geometry": {"type": "Point", "coordinates": [-81.1925204, 32.9273062]}, "properties": {"barrier": "fence", "name": "Brunson Substation", "operator": "South Carolina Gas & Electric", "power": "substation", "substation": "distribution", "voltage": "46000", "osm_id": "way/1065939238", "gridlock_state": "SC"}}, {"type": "Feature", "geometry": {"type": "Point", "coordinates": [-81.4317161, 33.0932879]}, "properties": {"barrier": "fence", "name": "Lily Solar Substation", "power": "substation", "substation": "generation", "voltage": "115000", "osm_id": "way/1066200873", "gridlock_state": "SC"}}, {"type": "Feature", "geometry": {"type": "Point", "coordinates": [-83.4801549, 34.2392457]}, "properties": {"barrier": "fence", "name": "SK Battery Substation", "power": "substation", "start_date": "2020", "substation": "industrial", "voltage": "115000", "osm_id": "way/1066858908", "gridlock_state": "GA"}}, {"type": "Feature", "geometry": {"type": "Point", "coordinates": [-82.3474788, 35.2480519]}, "properties": {"barrier": "fence", "name": "Saluda Retail Substation", "operator": "Duke Energy", "operator:wikidata": "Q1264404", "power": "substation", "substation": "distribution", "voltage": "44000;6900", "osm_id": "way/1067804789", "gridlock_state": ""}}, {"type": "Feature", "geometry": {"type": "Point", "coordinates": [-81.6248689, 33.2103938]}, "properties": {"barrier": "fence", "name": "L Reactor Substation", "power": "substation", "substation": "industrial", "voltage": "115000", "osm_id": "way/1069214302", "gridlock_state": "SC"}}, {"type": "Feature", "geometry": {"type": "Point", "coordinates": [-81.6736978, 33.2483855]}, "properties": {"barrier": "fence", "name": "C Reactor Substation #2", "power": "substation", "substation": "industrial", "voltage": "115000", "osm_id": "way/1069306326", "gridlock_state": "SC"}}, {"type": "Feature", "geometry": {"type": "Point", "coordinates": [-80.5920086, 33.199388]}, "properties": {"barrier": "fence", "name": "Saint George Switching Station", "power": "substation", "substation": "switching", "voltage": "230000", "osm_id": "way/1069480257", "gridlock_state": "SC"}}, {"type": "Feature", "geometry": {"type": "Point", "coordinates": [-80.454611, 33.2395862]}, "properties": {"barrier": "fence", "name": "Dorchester Biomass Substation", "power": "substation", "substation": "industrial", "voltage": "115000", "osm_id": "way/1069480278", "gridlock_state": "SC"}}, {"type": "Feature", "geometry": {"type": "Point", "coordinates": [-80.0617256, 33.1390692]}, "properties": {"barrier": "fence", "name": "The Barrows Substation", "power": "substation", "substation": "distribution", "voltage": "115000", "osm_id": "way/1069521021", "gridlock_state": "SC"}}, {"type": "Feature", "geometry": {"type": "Point", "coordinates": [-79.9683952, 33.2204138]}, "properties": {"barrier": "fence", "name": "Biggins Substation", "power": "substation", "substation": "distribution", "voltage": "115000", "osm_id": "way/1069594372", "gridlock_state": "SC"}}, {"type": "Feature", "geometry": {"type": "Point", "coordinates": [-79.300747, 33.377946]}, "properties": {"barrier": "fence", "name": "Georgetown City Substation", "power": "substation", "substation": "distribution", "voltage": "115000;34500;12000", "osm_id": "way/1069637481", "gridlock_state": "SC"}}, {"type": "Feature", "geometry": {"type": "Point", "coordinates": [-79.3001653, 33.3784541]}, "properties": {"barrier": "fence", "name": "Georgetown Switching Station", "power": "substation", "substation": "switching", "voltage": "12000", "osm_id": "way/1069637482", "gridlock_state": "SC"}}, {"type": "Feature", "geometry": {"type": "Point", "coordinates": [-79.2917439, 33.3689668]}, "properties": {"barrier": "wall", "name": "Liberty Steelworks Substation", "power": "substation", "substation": "industrial", "voltage": "115000", "osm_id": "way/1069637484", "gridlock_state": "SC"}}, {"type": "Feature", "geometry": {"type": "Point", "coordinates": [-79.2998563, 33.3656634]}, "properties": {"barrier": "fence", "name": "International Paper Substation #2", "power": "substation", "substation": "industrial", "voltage": "34500", "osm_id": "way/1069671185", "gridlock_state": "SC"}}, {"type": "Feature", "geometry": {"type": "Point", "coordinates": [-79.5635061, 33.3329955]}, "properties": {"barrier": "fence", "name": "Lambertown Substation", "operator": "Santee Electric Cooperative", "power": "substation", "substation": "distribution", "voltage": "115000", "osm_id": "way/1069961288", "gridlock_state": "SC"}}, {"type": "Feature", "geometry": {"type": "Point", "coordinates": [-79.9897565, 33.4027357]}, "properties": {"barrier": "fence", "name": "Russellville Substation", "power": "substation", "substation": "distribution", "voltage": "115000", "osm_id": "way/1069970821", "gridlock_state": "SC"}}, {"type": "Feature", "geometry": {"type": "Point", "coordinates": [-80.1624517, 33.448609]}, "properties": {"barrier": "fence", "name": "Spillway Substation", "power": "substation", "substation": "generation", "voltage": "34500", "osm_id": "way/1069970829", "gridlock_state": "SC"}}, {"type": "Feature", "geometry": {"type": "Point", "coordinates": [-78.9027398, 35.0209747]}, "properties": {"barrier": "fence", "name": "Camden Road Substation", "operator": "Fayetteville Public Works", "power": "substation", "substation": "distribution", "voltage": "66000", "osm_id": "way/1070111502", "gridlock_state": ""}}, {"type": "Feature", "geometry": {"type": "Point", "coordinates": [-81.0832539, 33.1636376]}, "properties": {"barrier": "fence", "name": "Colston Substation", "operator": "Edisto Electric", "power": "substation", "substation": "distribution", "voltage": "69000", "osm_id": "way/1071323494", "gridlock_state": "SC"}}, {"type": "Feature", "geometry": {"type": "Point", "coordinates": [-81.0385427, 33.2961504]}, "properties": {"barrier": "fence", "name": "Bamberg City", "operator": "Santee Cooper", "power": "substation", "substation": "distribution", "voltage": "69000", "osm_id": "way/1071323516", "gridlock_state": "SC"}}, {"type": "Feature", "geometry": {"type": "Point", "coordinates": [-81.2017346, 33.1010856]}, "properties": {"barrier": "fence", "name": "Ulmer Substation", "operator": "Dominion Energy South Carolina", "operator:wikidata": "Q114367619", "power": "substation", "substation": "distribution", "voltage": "46000", "osm_id": "way/1071426792", "gridlock_state": "SC"}}, {"type": "Feature", "geometry": {"type": "Point", "coordinates": [-81.3651292, 33.2467015]}, "properties": {"barrier": "fence", "name": "Barnwell City Substation", "operator": "Dominion Energy", "power": "substation", "substation": "distribution", "voltage": "46000", "osm_id": "way/1071426812", "gridlock_state": "SC"}}, {"type": "Feature", "geometry": {"type": "Point", "coordinates": [-81.3899828, 33.2554876]}, "properties": {"barrier": "fence", "name": "Orchids Paper Products Substation", "power": "substation", "start_date": "2021", "substation": "industrial", "voltage": "46000", "osm_id": "way/1071426815", "gridlock_state": "SC"}}, {"type": "Feature", "geometry": {"type": "Point", "coordinates": [-81.2725042, 33.4999128]}, "properties": {"barrier": "fence", "name": "Springfield City Substation", "power": "substation", "substation": "distribution", "voltage": "46000", "osm_id": "way/1071641403", "gridlock_state": "SC"}}, {"type": "Feature", "geometry": {"type": "Point", "coordinates": [-81.6693272, 33.5346321]}, "properties": {"barrier": "fence", "name": "Toolebeck Substation", "power": "substation", "start_date": "2022", "substation": "transmission", "voltage": "230000;115000", "osm_id": "way/1073259467", "gridlock_state": "SC"}}, {"type": "Feature", "geometry": {"type": "Point", "coordinates": [-81.912753, 33.4731947]}, "properties": {"barrier": "fence", "name": "Beech Island Wastewater Substation", "power": "substation", "substation": "industrial", "voltage": "46000", "osm_id": "way/1073388000", "gridlock_state": "SC"}}, {"type": "Feature", "geometry": {"type": "Point", "coordinates": [-80.4214169, 33.3258447]}, "properties": {"barrier": "fence", "name": "Holly Hill Substation", "power": "substation", "substation": "distribution", "voltage": "115000", "osm_id": "way/1074661994", "gridlock_state": "SC"}}, {"type": "Feature", "geometry": {"type": "Point", "coordinates": [-82.1594784, 33.6568198]}, "properties": {"barrier": "fence", "name": "GPC <-> SCG&E Compensator Station", "not:operator:wikidata": "Q5617509", "power": "substation", "substation": "compensation", "voltage": "115000", "osm_id": "way/1074904615", "gridlock_state": "SC"}}, {"type": "Feature", "geometry": {"type": "Point", "coordinates": [-82.2015043, 33.7362884]}, "properties": {"barrier": "fence", "name": "Modoc Substation", "power": "substation", "substation": "distribution", "voltage": "46000", "osm_id": "way/1074904620", "gridlock_state": "SC"}}, {"type": "Feature", "geometry": {"type": "Point", "coordinates": [-82.5887269, 34.0876215]}, "properties": {"barrier": "fence", "name": "Calhoun Falls Substation", "power": "substation", "substation": "distribution", "voltage": "115000", "osm_id": "way/1074904632", "gridlock_state": "SC"}}, {"type": "Feature", "geometry": {"type": "Point", "coordinates": [-82.2766426, 33.8881729]}, "properties": {"barrier": "fence", "name": "Georgia Pacific Substation #2", "power": "substation", "substation": "industrial", "voltage": "46000", "osm_id": "way/1074904635", "gridlock_state": "SC"}}, {"type": "Feature", "geometry": {"type": "Point", "coordinates": [-82.2778811, 33.8900394]}, "properties": {"barrier": "fence", "name": "Georgia Pacific Substation #1", "power": "substation", "substation": "industrial", "voltage": "46000", "osm_id": "way/1074904637", "gridlock_state": "SC"}}, {"type": "Feature", "geometry": {"type": "Point", "coordinates": [-81.6713848, 33.6648529]}, "properties": {"barrier": "fence", "name": "Shaw Substation", "power": "substation", "substation": "industrial", "voltage": "115000", "osm_id": "way/1075179219", "gridlock_state": "SC"}}, {"type": "Feature", "geometry": {"type": "Point", "coordinates": [-80.5797245, 33.5323844]}, "properties": {"barrier": "fence", "name": "Elloree Substation", "power": "substation", "substation": "distribution", "voltage": "46000", "osm_id": "way/1075509549", "gridlock_state": "SC"}}, {"type": "Feature", "geometry": {"type": "Point", "coordinates": [-80.8702323, 33.4900511]}, "properties": {"barrier": "fence", "name": "Bull Street Substation", "power": "substation", "substation": "distribution", "voltage": "46000", "osm_id": "way/1075548839", "gridlock_state": "SC"}}, {"type": "Feature", "geometry": {"type": "Point", "coordinates": [-80.8679346, 33.5035735]}, "properties": {"barrier": "fence", "name": "Berry Street Substation", "power": "substation", "substation": "distribution", "voltage": "46000", "osm_id": "way/1075548849", "gridlock_state": "SC"}}, {"type": "Feature", "geometry": {"type": "Point", "coordinates": [-80.8515328, 33.4993153]}, "properties": {"barrier": "fence", "name": "Claflin University Substation", "power": "substation", "substation": "distribution", "voltage": "46000", "osm_id": "way/1075548864", "gridlock_state": "SC"}}, {"type": "Feature", "geometry": {"type": "Point", "coordinates": [-80.4535867, 33.2240975]}, "properties": {"barrier": "fence", "name": "Argos Substation", "power": "substation", "substation": "industrial", "voltage": "115000", "osm_id": "way/1075801494", "gridlock_state": "SC"}}, {"type": "Feature", "geometry": {"type": "Point", "coordinates": [-80.438675, 33.284328]}, "properties": {"barrier": "fence", "name": "DCC Metals Substation", "power": "substation", "substation": "industrial", "voltage": "115000", "osm_id": "way/1075801497", "gridlock_state": "SC"}}, {"type": "Feature", "geometry": {"type": "Point", "coordinates": [-80.4511658, 33.2099069]}, "properties": {"barrier": "fence", "name": "Harleyville Substation", "power": "substation", "substation": "distribution", "voltage": "46000", "osm_id": "way/1075801506", "gridlock_state": "SC"}}, {"type": "Feature", "geometry": {"type": "Point", "coordinates": [-80.3099574, 33.1001644]}, "properties": {"name": "Ridgeville Substation", "power": "substation", "substation": "distribution", "voltage": "46000", "osm_id": "way/1075801508", "gridlock_state": "SC"}}, {"type": "Feature", "geometry": {"type": "Point", "coordinates": [-80.8200109, 33.2485665]}, "properties": {"barrier": "fence", "name": "Branchville Substation", "power": "substation", "substation": "distribution", "voltage": "46000", "osm_id": "way/1075801512", "gridlock_state": "SC"}}, {"type": "Feature", "geometry": {"type": "Point", "coordinates": [-81.0414349, 33.2896829]}, "properties": {"barrier": "fence", "name": "Bamberg Substation", "operator": "Dominion Energy", "power": "substation", "substation": "distribution", "voltage": "46000", "osm_id": "way/1075801515", "gridlock_state": "SC"}}, {"type": "Feature", "geometry": {"type": "Point", "coordinates": [-80.8163493, 33.0895983]}, "properties": {"barrier": "fence", "name": "Smoaks Substation", "power": "substation", "substation": "distribution", "voltage": "46000", "osm_id": "way/1075801517", "gridlock_state": "SC"}}, {"type": "Feature", "geometry": {"type": "Point", "coordinates": [-82.639977, 34.2113958]}, "properties": {"barrier": "fence", "name": "Lowndesville Substation", "power": "substation", "substation": "distribution", "voltage": "44000", "osm_id": "way/1076554771", "gridlock_state": "SC"}}, {"type": "Feature", "geometry": {"type": "Point", "coordinates": [-82.6136522, 34.1382486]}, "properties": {"barrier": "fence", "name": "Mohawk Substation", "power": "substation", "substation": "industrial", "voltage": "44000", "osm_id": "way/1076554778", "gridlock_state": "SC"}}, {"type": "Feature", "geometry": {"type": "Point", "coordinates": [-82.1456709, 34.1909563]}, "properties": {"barrier": "fence", "name": "Carolina Pride Substation", "power": "substation", "substation": "industrial", "voltage": "44000", "osm_id": "way/1076664854", "gridlock_state": "SC"}}, {"type": "Feature", "geometry": {"type": "Point", "coordinates": [-82.0148698, 34.1756165]}, "properties": {"barrier": "fence", "name": "Ninety Six Substation", "power": "substation", "substation": "distribution", "voltage": "44000", "osm_id": "way/1076664871", "gridlock_state": "SC"}}, {"type": "Feature", "geometry": {"type": "Point", "coordinates": [-82.1231492, 34.2172653]}, "properties": {"barrier": "fence", "name": "Eaton Corporation Substation", "power": "substation", "substation": "industrial", "voltage": "44000", "osm_id": "way/1076664882", "gridlock_state": "SC"}}, {"type": "Feature", "geometry": {"type": "Point", "coordinates": [-82.0637299, 34.2525922]}, "properties": {"barrier": "fence", "name": "Fujifilm Substation #2", "power": "substation", "substation": "industrial", "voltage": "100000", "osm_id": "way/1076839151", "gridlock_state": "SC"}}, {"type": "Feature", "geometry": {"type": "Point", "coordinates": [-82.0639898, 34.2286588]}, "properties": {"barrier": "fence", "name": "Enviva Pellets Substation", "operator": "Enviva Pellets Greenwood, LLC", "power": "substation", "substation": "industrial", "voltage": "100000", "osm_id": "way/1076839154", "gridlock_state": "SC"}}, {"type": "Feature", "geometry": {"type": "Point", "coordinates": [-82.0691166, 34.2291722]}, "properties": {"barrier": "fence", "name": "Teijin Carbon Substation", "power": "substation", "substation": "industrial", "voltage": "100000", "osm_id": "way/1076839156", "gridlock_state": "SC"}}, {"type": "Feature", "geometry": {"type": "Point", "coordinates": [-81.7552909, 34.1874585]}, "properties": {"barrier": "fence", "name": "International Paper Substation", "power": "substation", "substation": "industrial", "voltage": "100000", "osm_id": "way/1076839164", "gridlock_state": "SC"}}, {"type": "Feature", "geometry": {"type": "Point", "coordinates": [-81.8843916, 33.6808926]}, "properties": {"barrier": "fence", "name": "Dixie Pipeline Substation", "operator": "Dixie Pipeline Company LLC", "power": "substation", "substation": "industrial", "voltage": "46000", "osm_id": "way/1076969195", "gridlock_state": "SC"}}, {"type": "Feature", "geometry": {"type": "Point", "coordinates": [-81.1164091, 33.5351892]}, "properties": {"barrier": "fence", "name": "Neeses Substation", "operator": "Dominion Energy", "operator:wikidata": "Q677464", "power": "substation", "substation": "distribution", "voltage": "46000;8000", "osm_id": "way/1077428651", "gridlock_state": "SC"}}, {"type": "Feature", "geometry": {"type": "Point", "coordinates": [-80.711366, 33.5729369]}, "properties": {"barrier": "fence", "name": "Cameron Solar Substation", "power": "substation", "substation": "generation", "voltage": "46000", "osm_id": "way/1077428673", "gridlock_state": "SC"}}, {"type": "Feature", "geometry": {"type": "Point", "coordinates": [-80.2580115, 33.5515476]}, "properties": {"barrier": "fence", "name": "Bob Cooper Substation", "operator": "Santee Electric Cooperative", "power": "substation", "substation": "distribution", "voltage": "115000", "osm_id": "way/1077578025", "gridlock_state": "SC"}}, {"type": "Feature", "geometry": {"type": "Point", "coordinates": [-80.9389408, 33.6504533]}, "properties": {"barrier": "fence", "name": "Midlands Solar Substation", "power": "substation", "start_date": "2020", "substation": "generation", "voltage": "115000", "osm_id": "way/1077699958", "gridlock_state": "SC"}}, {"type": "Feature", "geometry": {"type": "Point", "coordinates": [-81.1052395, 33.9526182]}, "properties": {"barrier": "fence", "name": "Airport Substation", "power": "substation", "substation": "distribution", "voltage": "115000", "osm_id": "way/1077699987", "gridlock_state": "SC"}}, {"type": "Feature", "geometry": {"type": "Point", "coordinates": [-81.0637152, 33.972858]}, "properties": {"barrier": "fence", "name": "Cayce Substation", "operator": "Dominion Energy", "operator:wikidata": "Q677464", "power": "substation", "substation": "distribution", "voltage": "33000", "osm_id": "way/1077742259", "gridlock_state": "SC"}}, {"type": "Feature", "geometry": {"type": "Point", "coordinates": [-81.1895859, 34.0538462]}, "properties": {"barrier": "fence", "name": "Coldstream Substation", "operator": "MCEC", "power": "substation", "substation": "distribution", "voltage": "69000", "osm_id": "way/1077869494", "gridlock_state": "SC"}}, {"type": "Feature", "geometry": {"type": "Point", "coordinates": [-81.4923967, 35.0319764]}, "properties": {"barrier": "fence", "name": "Ninety-Nine Island Hydro Substation", "operator": "Duke Energy", "operator:wikidata": "Q1264404", "power": "substation", "substation": "generation", "voltage": "44000;2400;200", "osm_id": "way/1077997929", "gridlock_state": "SC"}}, {"type": "Feature", "geometry": {"type": "Point", "coordinates": [-81.0149129, 33.9399178]}, "properties": {"barrier": "fence", "name": "Columbia Wastewater Treatment Substation", "power": "substation", "substation": "industrial", "voltage": "115000", "osm_id": "way/1078248499", "gridlock_state": "SC"}}, {"type": "Feature", "geometry": {"type": "Point", "coordinates": [-81.049937, 33.9976836]}, "properties": {"barrier": "fence", "name": "Columbia Canal Substation", "power": "substation", "substation": "generation", "voltage": "33000", "osm_id": "way/1078308089", "gridlock_state": "SC"}}, {"type": "Feature", "geometry": {"type": "Point", "coordinates": [-85.4813006, 31.2521592]}, "properties": {"barrier": "fence", "location": "outdoor", "name": "Murphy Mill Substation", "operator": "Alabama Power", "operator:wikidata": "Q4705296", "power": "substation", "substation": "distribution", "voltage": "115000", "osm_id": "way/1078315399", "gridlock_state": ""}}, {"type": "Feature", "geometry": {"type": "Point", "coordinates": [-80.3811586, 34.6675242]}, "properties": {"barrier": "fence", "name": "Jefferson Substation", "power": "substation", "substation": "distribution", "voltage": "115000", "osm_id": "way/1078332269", "gridlock_state": "SC"}}, {"type": "Feature", "geometry": {"type": "Point", "coordinates": [-80.9932556, 33.985739]}, "properties": {"barrier": "fence", "name": "Rosewood Substation", "operator": "Dominion Energy", "operator:wikidata": "Q677464", "power": "substation", "substation": "distribution", "voltage": "33000", "osm_id": "way/1078487455", "gridlock_state": "SC"}}, {"type": "Feature", "geometry": {"type": "Point", "coordinates": [-79.7852012, 33.6114354]}, "properties": {"barrier": "fence", "name": "Millwood Substation", "operator": "Santee Electric Cooperative", "power": "substation", "substation": "distribution", "voltage": "115000", "osm_id": "way/1078583307", "gridlock_state": "SC"}}, {"type": "Feature", "geometry": {"type": "Point", "coordinates": [-79.4395956, 33.4415135]}, "properties": {"barrier": "fence", "name": "International Paper Substation", "power": "substation", "substation": "distribution", "voltage": "115000", "osm_id": "way/1078583318", "gridlock_state": "SC"}}, {"type": "Feature", "geometry": {"type": "Point", "coordinates": [-79.3586923, 33.5102039]}, "properties": {"barrier": "fence", "name": "Dunbar Substation", "power": "substation", "substation": "distribution", "voltage": "115000", "osm_id": "way/1078583325", "gridlock_state": "SC"}}, {"type": "Feature", "geometry": {"type": "Point", "coordinates": [-79.4442119, 33.589741]}, "properties": {"barrier": "fence", "name": "Rhems Substation", "power": "substation", "substation": "distribution", "voltage": "115000", "osm_id": "way/1078583330", "gridlock_state": "SC"}}, {"type": "Feature", "geometry": {"type": "Point", "coordinates": [-79.4265511, 33.7497166]}, "properties": {"barrier": "fence", "name": "Hemingway Substation", "operator": "Santee Electric Cooperative", "power": "substation", "start_date": "1964", "substation": "distribution", "voltage": "115000", "osm_id": "way/1078768235", "gridlock_state": "SC"}}, {"type": "Feature", "geometry": {"type": "Point", "coordinates": [-79.0960094, 33.7185242]}, "properties": {"barrier": "fence", "name": "Bucksville Substation", "power": "substation", "start_date": "2014", "substation": "transmission", "voltage": "230000;115000", "osm_id": "way/1078768238", "gridlock_state": "SC"}}, {"type": "Feature", "geometry": {"type": "Point", "coordinates": [-79.2924511, 33.4272803]}, "properties": {"barrier": "fence", "name": "Pringle Ferry Substation", "operator": "Santee Electric Coorperative", "power": "substation", "start_date": "2014", "substation": "distribution", "voltage": "115000", "osm_id": "way/1078768260", "gridlock_state": "SC"}}, {"type": "Feature", "geometry": {"type": "Point", "coordinates": [-79.0371114, 33.5778883]}, "properties": {"barrier": "fence", "name": "McDowell Shortcut Substation", "power": "substation", "substation": "distribution", "voltage": "115000", "osm_id": "way/1078768295", "gridlock_state": "SC"}}, {"type": "Feature", "geometry": {"type": "Point", "coordinates": [-79.0499859, 33.5880725]}, "properties": {"barrier": "fence", "name": "Collins Creek Substation", "power": "substation", "substation": "distribution", "voltage": "115000", "osm_id": "way/1078768297", "gridlock_state": "SC"}}, {"type": "Feature", "geometry": {"type": "Point", "coordinates": [-78.9953361, 33.6374656]}, "properties": {"barrier": "fence", "name": "Queens Harbor Substation", "power": "substation", "substation": "distribution", "voltage": "115000", "osm_id": "way/1078768308", "gridlock_state": "SC"}}, {"type": "Feature", "geometry": {"type": "Point", "coordinates": [-78.9946804, 33.6586877]}, "properties": {"barrier": "fence", "name": "Azalea Lakes Substation", "power": "substation", "substation": "distribution", "voltage": "115000", "osm_id": "way/1078768310", "gridlock_state": "SC"}}, {"type": "Feature", "geometry": {"type": "Point", "coordinates": [-78.9789599, 33.6870124]}, "properties": {"barrier": "fence", "name": "Watsons Riverside Substation", "power": "substation", "substation": "distribution", "voltage": "115000", "osm_id": "way/1078768326", "gridlock_state": "SC"}}, {"type": "Feature", "geometry": {"type": "Point", "coordinates": [-78.8880706, 33.7488929]}, "properties": {"barrier": "fence", "name": "River Oaks Substation", "power": "substation", "substation": "distribution", "voltage": "115000", "osm_id": "way/1078855184", "gridlock_state": "SC"}}, {"type": "Feature", "geometry": {"type": "Point", "coordinates": [-78.7143361, 33.8083027]}, "properties": {"barrier": "fence", "name": "Crescent Beach Substation", "power": "substation", "substation": "distribution", "voltage": "115000;12000", "osm_id": "way/1078855224", "gridlock_state": "SC"}}, {"type": "Feature", "geometry": {"type": "Point", "coordinates": [-78.6791216, 33.8507186]}, "properties": {"barrier": "fence", "name": "Nixons Crossroads Substation", "power": "substation", "substation": "distribution", "voltage": "115000", "osm_id": "way/1078855227", "gridlock_state": "SC"}}, {"type": "Feature", "geometry": {"type": "Point", "coordinates": [-78.6267074, 33.8469522]}, "properties": {"barrier": "fence", "name": "Cherry Grove Substation", "power": "substation", "substation": "distribution", "voltage": "115000", "osm_id": "way/1078855231", "gridlock_state": "SC"}}, {"type": "Feature", "geometry": {"type": "Point", "coordinates": [-79.0510616, 33.8303557]}, "properties": {"barrier": "fence", "name": "East Conway Substation", "power": "substation", "substation": "distribution", "voltage": "115000;12470", "osm_id": "way/1078964213", "gridlock_state": "SC"}}, {"type": "Feature", "geometry": {"type": "Point", "coordinates": [-80.2333017, 33.7960868]}, "properties": {"barrier": "fence", "name": "Georgia Pacific Substation", "power": "substation", "start_date": "2011", "substation": "industrial", "voltage": "115000", "osm_id": "way/1079198696", "gridlock_state": "SC"}}, {"type": "Feature", "geometry": {"type": "Point", "coordinates": [-85.5636732, 32.4631889]}, "properties": {"barrier": "fence", "name": "\"Y\" Substation", "operator": "PowerSouth Energy Cooperative", "power": "substation", "substation": "distribution", "voltage": "115000", "osm_id": "way/1079908108", "gridlock_state": ""}}, {"type": "Feature", "geometry": {"type": "Point", "coordinates": [-79.5536252, 33.9916567]}, "properties": {"barrier": "fence", "name": "Pamplico Substation", "power": "substation", "substation": "distribution", "voltage": "115000", "osm_id": "way/1080557021", "gridlock_state": "SC"}}, {"type": "Feature", "geometry": {"type": "Point", "coordinates": [-79.6472748, 34.0597519]}, "properties": {"barrier": "fence", "name": "Evergreen Substation", "power": "substation", "substation": "distribution", "voltage": "69000", "osm_id": "way/1080874137", "gridlock_state": "SC"}}, {"type": "Feature", "geometry": {"type": "Point", "coordinates": [-83.617231, 32.6819319]}, "properties": {"barrier": "fence", "fence_type": "chain_link", "name": "Robins AFB Solar Substation", "power": "substation", "start_date": "2021", "substation": "generation", "voltage": "115000", "osm_id": "way/1080928899", "gridlock_state": "GA"}}, {"type": "Feature", "geometry": {"type": "Point", "coordinates": [-85.3039767, 31.1884127]}, "properties": {"addr:city": "Cowarts", "addr:housenumber": "15", "addr:postcode": "36321", "addr:state": "AL", "addr:street": "Cowarts Industrial Park Road", "barrier": "fence", "location": "outdoor", "name": "Cowarts Substation", "operator": "Alabama Power", "operator:wikidata": "Q4705296", "power": "substation", "substation": "distribution", "voltage": "115000", "osm_id": "way/1080951838", "gridlock_state": ""}}, {"type": "Feature", "geometry": {"type": "Point", "coordinates": [-80.1672583, 33.9550673]}, "properties": {"barrier": "fence", "name": "Mayesville Substation", "power": "substation", "substation": "distribution", "voltage": "69000", "osm_id": "way/1080984805", "gridlock_state": "SC"}}, {"type": "Feature", "geometry": {"type": "Point", "coordinates": [-80.1655129, 33.9540357]}, "properties": {"barrier": "fence", "name": "Mayesville Switching Station", "power": "substation", "substation": "switching", "voltage": "69000", "osm_id": "way/1080984806", "gridlock_state": "SC"}}, {"type": "Feature", "geometry": {"type": "Point", "coordinates": [-81.4169101, 34.9762717]}, "properties": {"barrier": "fence", "name": "Sharon Grove Substation", "operator": "Duke Energy", "operator:wikidata": "Q1264404", "power": "substation", "substation": "distribution", "voltage": "44000;6900", "osm_id": "way/1081073467", "gridlock_state": "SC"}}, {"type": "Feature", "geometry": {"type": "Point", "coordinates": [-81.4169212, 34.9760502]}, "properties": {"barrier": "fence", "name": "Sharon Grove Switching Station", "power": "substation", "substation": "switching", "voltage": "6900", "osm_id": "way/1081073468", "gridlock_state": "SC"}}, {"type": "Feature", "geometry": {"type": "Point", "coordinates": [-79.8237773, 34.102174]}, "properties": {"barrier": "fence", "name": "Perkins Crossroads Substation", "power": "substation", "substation": "distribution", "voltage": "69000", "osm_id": "way/1081590155", "gridlock_state": "SC"}}, {"type": "Feature", "geometry": {"type": "Point", "coordinates": [-79.9193926, 34.1121888]}, "properties": {"barrier": "fence", "name": "Honda Substation", "power": "substation", "substation": "industrial", "voltage": "69000", "osm_id": "way/1081590158", "gridlock_state": "SC"}}, {"type": "Feature", "geometry": {"type": "Point", "coordinates": [-79.9485914, 34.1781565]}, "properties": {"barrier": "fence", "name": "Timmonsville Substation", "operator": "Pee Dee Electric Coorperative", "power": "substation", "substation": "distribution", "voltage": "69000", "osm_id": "way/1081590167", "gridlock_state": "SC"}}, {"type": "Feature", "geometry": {"type": "Point", "coordinates": [-79.8984391, 34.1732935]}, "properties": {"barrier": "fence", "name": "Oakdale Substation#21", "operator": "Pee Dee Electic Coorperative", "power": "substation", "substation": "distribution", "voltage": "69000", "osm_id": "way/1081590169", "gridlock_state": "SC"}}, {"type": "Feature", "geometry": {"type": "Point", "coordinates": [-80.6240763, 33.8262718]}, "properties": {"barrier": "fence", "name": "Wateree Substation", "power": "substation", "substation": "transmission", "voltage": "230000", "osm_id": "way/1082130490", "gridlock_state": "SC"}}, {"type": "Feature", "geometry": {"type": "Point", "coordinates": [-79.3494035, 34.1943069]}, "properties": {"barrier": "fence", "name": "East Marion Substation", "power": "substation", "substation": "distribution", "voltage": "69000", "osm_id": "way/1082130512", "gridlock_state": "SC"}}, {"type": "Feature", "geometry": {"type": "Point", "coordinates": [-79.2131284, 34.3245069]}, "properties": {"barrier": "fence", "name": "May Hilltop Substation", "power": "substation", "substation": "distribution", "voltage": "69000", "osm_id": "way/1082130517", "gridlock_state": "SC"}}, {"type": "Feature", "geometry": {"type": "Point", "coordinates": [-79.408923, 34.3582645]}, "properties": {"barrier": "fence", "name": "Latta Switching Station", "power": "substation", "substation": "switching", "voltage": "69000", "osm_id": "way/1082130519", "gridlock_state": "SC"}}, {"type": "Feature", "geometry": {"type": "Point", "coordinates": [-81.2841227, 33.9376724]}, "properties": {"barrier": "fence", "name": "Michelin Tires Substation", "power": "substation", "substation": "industrial", "voltage": "115000", "osm_id": "way/1082144797", "gridlock_state": "SC"}}, {"type": "Feature", "geometry": {"type": "Point", "coordinates": [-81.3927811, 34.39481]}, "properties": {"barrier": "fence", "name": "Blair Substation", "power": "substation", "substation": "distribution", "voltage": "69000", "osm_id": "way/1082167219", "gridlock_state": "SC"}}, {"type": "Feature", "geometry": {"type": "Point", "coordinates": [-81.3216853, 34.2877697]}, "properties": {"barrier": "fence", "disused": "yes", "name": "Reactor #2 Substation", "power": "substation", "substation": "generation", "voltage": "230000", "osm_id": "way/1082402199", "gridlock_state": "SC"}}, {"type": "Feature", "geometry": {"type": "Point", "coordinates": [-81.330865, 34.3063987]}, "properties": {"barrier": "fence", "name": "Fairfield Pumped Storage Substation", "power": "substation", "substation": "generation", "voltage": "230000", "osm_id": "way/1082402200", "gridlock_state": "SC"}}, {"type": "Feature", "geometry": {"type": "Point", "coordinates": [-80.5944535, 34.2476388]}, "properties": {"barrier": "fence", "name": "Camden Substation", "power": "substation", "substation": "distribution", "voltage": "115000", "osm_id": "way/1082859535", "gridlock_state": "SC"}}, {"type": "Feature", "geometry": {"type": "Point", "coordinates": [-79.9493872, 34.2794477]}, "properties": {"barrier": "fence", "name": "Bethel Substation", "operator": "Pee Dee Electric Coorperative", "power": "substation", "substation": "distribution", "voltage": "69000", "osm_id": "way/1083270500", "gridlock_state": "SC"}}, {"type": "Feature", "geometry": {"type": "Point", "coordinates": [-80.1183699, 34.7094817]}, "properties": {"barrier": "fence", "name": "Centerfield Cooper Solar Substation", "power": "substation", "substation": "generation", "voltage": "69000", "osm_id": "way/1083270522", "gridlock_state": "SC"}}, {"type": "Feature", "geometry": {"type": "Point", "coordinates": [-79.9952978, 34.756257]}, "properties": {"barrier": "fence", "name": "Brocks Mill Substation", "power": "substation", "substation": "distribution", "voltage": "69000", "osm_id": "way/1083439740", "gridlock_state": "SC"}}, {"type": "Feature", "geometry": {"type": "Point", "coordinates": [-79.8958281, 34.5028851]}, "properties": {"barrier": "fence", "name": "Society Hill Substation", "operator": "Pee Dee Electric Coorperative", "power": "substation", "substation": "distribution", "voltage": "69000", "osm_id": "way/1083439786", "gridlock_state": "SC"}}, {"type": "Feature", "geometry": {"type": "Point", "coordinates": [-79.840005, 34.3939774]}, "properties": {"barrier": "fence", "name": "Ralph E. Gandy Substation", "operator": "Pee Dee Electic Coorperative", "power": "substation", "substation": "distribution", "voltage": "69000", "osm_id": "way/1083439789", "gridlock_state": "SC"}}, {"type": "Feature", "geometry": {"type": "Point", "coordinates": [-79.7140319, 34.5507097]}, "properties": {"barrier": "fence", "name": "Marlboro Substation", "operator": "Marlboro Electric Coorperative", "power": "substation", "substation": "distribution", "voltage": "69000", "osm_id": "way/1083458590", "gridlock_state": "SC"}}, {"type": "Feature", "geometry": {"type": "Point", "coordinates": [-81.369707, 33.7604637]}, "properties": {"barrier": "fence", "name": "Pelton Substation", "operator": "MCEC", "power": "substation", "substation": "distribution", "voltage": "115000", "osm_id": "way/1083493562", "gridlock_state": "SC"}}, {"type": "Feature", "geometry": {"type": "Point", "coordinates": [-81.2641413, 33.7983577]}, "properties": {"barrier": "fence", "name": "Pelion Substation", "operator": "Dominion Energy South Carolina", "power": "substation", "substation": "distribution", "voltage": "115000;23000", "osm_id": "way/1083493567", "gridlock_state": "SC"}}, {"type": "Feature", "geometry": {"type": "Point", "coordinates": [-81.8264863, 34.4069074]}, "properties": {"barrier": "fence", "name": "Joanna Substation", "power": "substation", "substation": "transmission", "voltage": "44000", "osm_id": "way/1083526007", "gridlock_state": "SC"}}, {"type": "Feature", "geometry": {"type": "Point", "coordinates": [-82.432243, 34.5800505]}, "properties": {"barrier": "fence", "name": "Transco Substation", "power": "substation", "substation": "industrial", "voltage": "100000", "osm_id": "way/1083724015", "gridlock_state": "SC"}}, {"type": "Feature", "geometry": {"type": "Point", "coordinates": [-82.4568789, 34.6459781]}, "properties": {"barrier": "fence", "name": "Pelzer Substation", "operator": "Duke Energy", "operator:wikidata": "Q1264404", "power": "substation", "substation": "distribution", "voltage": "44000;13800", "osm_id": "way/1083724039", "gridlock_state": "SC"}}, {"type": "Feature", "geometry": {"type": "Point", "coordinates": [-82.4910369, 34.5311772]}, "properties": {"barrier": "fence", "name": "Belton Tie Substation", "operator": "Duke Energy", "operator:wikidata": "Q1264404", "power": "substation", "substation": "transmission", "voltage": "100000;44000", "osm_id": "way/1083724058", "gridlock_state": "SC"}}, {"type": "Feature", "geometry": {"type": "Point", "coordinates": [-82.3931255, 34.6278457]}, "properties": {"barrier": "fence", "name": "Ware Place Substation", "operator": "Duke Energy", "operator:wikidata": "Q1264404", "power": "substation", "substation": "distribution", "voltage": "44000;6900", "osm_id": "way/1083724060", "gridlock_state": "SC"}}, {"type": "Feature", "geometry": {"type": "Point", "coordinates": [-82.4871639, 34.5524531]}, "properties": {"barrier": "fence", "name": "Colonial Pipeline Substation", "operator": "Colonial Pipeline Company", "power": "substation", "substation": "industrial", "voltage": "44000", "osm_id": "way/1083724063", "gridlock_state": "SC"}}, {"type": "Feature", "geometry": {"type": "Point", "coordinates": [-82.3752588, 34.5273826]}, "properties": {"barrier": "fence", "name": "Hollidays Bridge Hydro Substation", "power": "substation", "substation": "generation", "voltage": "44000", "osm_id": "way/1083724074", "gridlock_state": "SC"}}, {"type": "Feature", "geometry": {"type": "Point", "coordinates": [-82.4961321, 34.5332588]}, "properties": {"barrier": "fence", "name": "Belton Ret Substation", "operator": "Duke Energy", "operator:wikidata": "Q1264404", "power": "substation", "substation": "distribution", "voltage": "44000;6900", "osm_id": "way/1083724075", "gridlock_state": "SC"}}, {"type": "Feature", "geometry": {"type": "Point", "coordinates": [-82.3941031, 34.4505597]}, "properties": {"barrier": "fence", "name": "Honea Path Substation", "operator": "Duke Energy", "operator:wikidata": "Q1264404", "power": "substation", "substation": "distribution", "voltage": "44000", "osm_id": "way/1083781523", "gridlock_state": "SC"}}, {"type": "Feature", "geometry": {"type": "Point", "coordinates": [-82.3884815, 34.4385989]}, "properties": {"barrier": "fence", "name": "Medline Industries Substation", "power": "substation", "substation": "industrial", "voltage": "44000", "osm_id": "way/1083781526", "gridlock_state": "SC"}}, {"type": "Feature", "geometry": {"type": "Point", "coordinates": [-82.2457714, 34.3958593]}, "properties": {"barrier": "fence", "name": "Ware Shoals Substation", "operator": "Duke Energy", "operator:wikidata": "Q1264404", "power": "substation", "substation": "distribution", "voltage": "100000", "osm_id": "way/1083830484", "gridlock_state": "SC"}}, {"type": "Feature", "geometry": {"type": "Point", "coordinates": [-82.6516835, 34.4904506]}, "properties": {"barrier": "fence", "name": "Towers Road Substation", "power": "substation", "substation": "distribution", "voltage": "44000", "osm_id": "way/1083866131", "gridlock_state": "SC"}}, {"type": "Feature", "geometry": {"type": "Point", "coordinates": [-82.7771968, 34.646463]}, "properties": {"barrier": "wall", "name": "Pendleton Substation", "power": "substation", "substation": "distribution", "voltage": "44000", "osm_id": "way/1083973803", "gridlock_state": "SC"}}, {"type": "Feature", "geometry": {"type": "Point", "coordinates": [-82.9521387, 34.6878241]}, "properties": {"barrier": "fence", "name": "Seneca City Substation", "operator": "Duke Energy", "operator:wikidata": "Q1264404", "power": "substation", "substation": "distribution", "voltage": "100000;12470", "osm_id": "way/1084190725", "gridlock_state": "SC"}}, {"type": "Feature", "geometry": {"type": "Point", "coordinates": [-82.3051, 34.6197979]}, "properties": {"barrier": "fence", "name": "Fork Shoals Substation", "power": "substation", "substation": "distribution", "voltage": "44000", "osm_id": "way/1084462509", "gridlock_state": "SC"}}, {"type": "Feature", "geometry": {"type": "Point", "coordinates": [-85.4973379, 34.1314742]}, "properties": {"barrier": "fence", "name": "Whorton Substation", "operator": "Fort Payne Improvement Authority", "power": "substation", "substation": "distribution", "voltage": "46000", "osm_id": "way/1084525979", "gridlock_state": ""}}, {"type": "Feature", "geometry": {"type": "Point", "coordinates": [-82.2345374, 34.937499]}, "properties": {"barrier": "fence", "name": "Greer Substation", "power": "substation", "substation": "distribution", "voltage": "100000", "osm_id": "way/1085152072", "gridlock_state": "SC"}}, {"type": "Feature", "geometry": {"type": "Point", "coordinates": [-82.1797184, 34.8949203]}, "properties": {"barrier": "fence", "name": "BMW Substation", "power": "substation", "substation": "industrial", "voltage": "100000", "osm_id": "way/1085152108", "gridlock_state": "SC"}}, {"type": "Feature", "geometry": {"type": "Point", "coordinates": [-82.8197717, 33.4682585]}, "properties": {"barrier": "fence", "name": "Ray Place Road Switching Station", "power": "substation", "start_date": "2017", "substation": "switching", "voltage": "115000", "osm_id": "way/1085484843", "gridlock_state": "GA"}}, {"type": "Feature", "geometry": {"type": "Point", "coordinates": [-82.9157861, 34.9541146]}, "properties": {"barrier": "fence", "name": "Jocassee Tie Substation", "operator": "Duke Energy", "operator:wikidata": "Q1264404", "power": "substation", "substation": "transmission", "voltage": "500000;230000", "osm_id": "way/1085537056", "gridlock_state": "SC"}}, {"type": "Feature", "geometry": {"type": "Point", "coordinates": [-82.0144494, 34.8517556]}, "properties": {"barrier": "fence", "name": "Sock Hill Substation", "operator": "Duke Energy", "operator:wikidata": "Q1264404", "power": "substation", "source": "https://www.duke-energy.com/-/media/pdfs/our-company/222248-big-ferguson-map.pdf?rev=52e5e43d7d3d4f76aac20a1831ed14b4", "substation": "distribution", "voltage": "100000", "osm_id": "way/1085896477", "gridlock_state": "SC"}}, {"type": "Feature", "geometry": {"type": "Point", "coordinates": [-81.7408836, 34.9213911]}, "properties": {"barrier": "fence", "name": "Pacolet Mills Substation", "operator": "Lockhart Power", "power": "substation", "substation": "distribution", "voltage": "34500", "osm_id": "way/1086356911", "gridlock_state": "SC"}}, {"type": "Feature", "geometry": {"type": "Point", "coordinates": [-81.8643748, 35.1324639]}, "properties": {"barrier": "fence", "name": "Chesnee Substation", "operator": "Duke Energy", "operator:wikidata": "Q1264404", "power": "substation", "substation": "distribution", "voltage": "44000;13000", "osm_id": "way/1086469594", "gridlock_state": "SC"}}, {"type": "Feature", "geometry": {"type": "Point", "coordinates": [-81.7455419, 35.2039394]}, "properties": {"barrier": "fence", "name": "Broad River Solar Substation", "power": "substation", "start_date": "2021", "substation": "generation", "voltage": "100000", "osm_id": "way/1087016075", "gridlock_state": ""}}, {"type": "Feature", "geometry": {"type": "Point", "coordinates": [-81.7459453, 35.203727]}, "properties": {"barrier": "fence", "name": "Broad River Solar Switching Station", "power": "substation", "start_date": "2021", "substation": "switching", "voltage": "100000", "osm_id": "way/1087016076", "gridlock_state": ""}}, {"type": "Feature", "geometry": {"type": "Point", "coordinates": [-81.5260877, 35.1203249]}, "properties": {"barrier": "fence", "name": "Blacksburg Ret Substation", "operator": "Duke Energy", "operator:wikidata": "Q1264404", "power": "substation", "substation": "distribution", "voltage": "44000;13000;6900", "osm_id": "way/1087396624", "gridlock_state": "SC"}}, {"type": "Feature", "geometry": {"type": "Point", "coordinates": [-80.1090279, 32.6011089]}, "properties": {"barrier": "fence", "name": "Kiawah Switching Station", "operator": "Berkeley Electric Cooperative", "power": "substation", "substation": "switching", "voltage": "23000", "osm_id": "way/1087611719", "gridlock_state": "SC"}}, {"type": "Feature", "geometry": {"type": "Point", "coordinates": [-80.5313302, 34.5983931]}, "properties": {"barrier": "fence", "name": "Haile Gold Mine Substation", "power": "substation", "substation": "industrial", "voltage": "69000", "osm_id": "way/1087703986", "gridlock_state": "SC"}}, {"type": "Feature", "geometry": {"type": "Point", "coordinates": [-80.071117, 32.6152015]}, "properties": {"barrier": "fence", "name": "Vanderhorst Switching Station", "operator": "Berkeley Electric Cooperative", "power": "substation", "substation": "switching", "voltage": "23000", "osm_id": "way/1087810186", "gridlock_state": "SC"}}, {"type": "Feature", "geometry": {"type": "Point", "coordinates": [-82.997126, 35.0072234]}, "properties": {"name": "Bad Creek Hydro Substation", "operator": "Duke Energy", "operator:wikidata": "Q1264404", "power": "substation", "substation": "generation", "voltage": "500000", "osm_id": "way/1087866092", "gridlock_state": "SC"}}, {"type": "Feature", "geometry": {"type": "Point", "coordinates": [-85.4874297, 31.2083283]}, "properties": {"barrier": "fence", "location": "outdoor", "name": "Brannon Stand Substation", "operator": "PowerSouth Energy Cooperative", "power": "substation", "substation": "distribution", "voltage": "115000", "osm_id": "way/1090595475", "gridlock_state": ""}}, {"type": "Feature", "geometry": {"type": "Point", "coordinates": [-82.7367586, 35.1740565]}, "properties": {"barrier": "fence", "name": "Rich Mountain Retail Substation", "operator": "Duke Energy", "operator:wikidata": "Q1264404", "power": "substation", "substation": "distribution", "voltage": "100000;13000", "osm_id": "way/1090853200", "gridlock_state": ""}}, {"type": "Feature", "geometry": {"type": "Point", "coordinates": [-80.848424, 35.1978874]}, "properties": {"barrier": "wall", "name": "Kenilworth Substation", "power": "substation", "substation": "distribution", "voltage": "100000", "osm_id": "way/1090963509", "gridlock_state": ""}}, {"type": "Feature", "geometry": {"type": "Point", "coordinates": [-81.3399347, 35.2460549]}, "properties": {"barrier": "fence", "name": "Kings Mountain City Substation #1", "operator": "Duke Energy", "operator:wikidata": "Q1264404", "power": "substation", "substation": "distribution", "voltage": "44000;12470", "osm_id": "way/1091654301", "gridlock_state": ""}}, {"type": "Feature", "geometry": {"type": "Point", "coordinates": [-81.9010885, 30.5179831]}, "properties": {"barrier": "fence", "name": "Crawford Substation", "operator": "Florida Power & Light", "operator:wikidata": "Q1430055", "power": "substation", "start_date": "2020", "substation": "generation", "voltage": "230000", "osm_id": "way/1091914463", "gridlock_state": ""}}, {"type": "Feature", "geometry": {"type": "Point", "coordinates": [-85.4365487, 31.2476307]}, "properties": {"addr:city": "Dothan", "addr:housenumber": "1030", "addr:postcode": "36303", "addr:state": "AL", "addr:street": "Westgate Parkway", "barrier": "fence", "location": "outdoor", "name": "Dothan Distribution Substation", "operator": "Alabama Power", "operator:wikidata": "Q4705296", "power": "substation", "substation": "distribution", "voltage": "46000", "osm_id": "way/1092220030", "gridlock_state": ""}}, {"type": "Feature", "geometry": {"type": "Point", "coordinates": [-85.5796175, 31.1126033]}, "properties": {"barrier": "fence", "location": "outdoor", "name": "Slocomb Substation", "power": "substation", "voltage": "230000", "osm_id": "way/1092444958", "gridlock_state": ""}}, {"type": "Feature", "geometry": {"type": "Point", "coordinates": [-85.4647468, 31.1104303]}, "properties": {"barrier": "fence", "location": "outdoor", "name": "Rehobeth Substation", "operator": "PowerSouth Energy Cooperative", "power": "substation", "substation": "distribution", "voltage": "115000", "osm_id": "way/1092444963", "gridlock_state": ""}}, {"type": "Feature", "geometry": {"type": "Point", "coordinates": [-79.1557681, 35.0144929]}, "properties": {"barrier": "fence", "name": "Williams Sawmill Substation", "operator": "Lumbee River EMC", "power": "substation", "substation": "distribution", "voltage": "115000", "osm_id": "way/1092445062", "gridlock_state": ""}}, {"type": "Feature", "geometry": {"type": "Point", "coordinates": [-79.3709209, 34.9783195]}, "properties": {"barrier": "fence", "name": "Buffalo Springs Substation", "operator": "Lumbee River EMC", "power": "substation", "substation": "distribution", "voltage": "115000", "osm_id": "way/1092445066", "gridlock_state": ""}}, {"type": "Feature", "geometry": {"type": "Point", "coordinates": [-79.4438747, 34.8919457]}, "properties": {"barrier": "fence", "name": "Wagram Substation", "operator": "Lumbee River EMC", "power": "substation", "substation": "distribution", "voltage": "115000", "osm_id": "way/1092445067", "gridlock_state": ""}}, {"type": "Feature", "geometry": {"type": "Point", "coordinates": [-79.4002383, 34.8171341]}, "properties": {"barrier": "fence", "name": "Scotland Acres Substation", "operator": "Lumbee River Substation", "power": "substation", "substation": "distribution", "voltage": "115000;12470", "osm_id": "way/1092445069", "gridlock_state": ""}}, {"type": "Feature", "geometry": {"type": "Point", "coordinates": [-85.5944041, 31.3059404]}, "properties": {"barrier": "fence", "location": "outdoor", "name": "Dale County Switching Station", "operator": "PowerSouth Energy Cooperative", "power": "substation", "substation": "switching", "voltage": "115000", "osm_id": "way/1092477127", "gridlock_state": ""}}, {"type": "Feature", "geometry": {"type": "Point", "coordinates": [-85.5260228, 31.192163]}, "properties": {"barrier": "fence", "location": "outdoor", "name": "Bay Springs Substation", "operator": "PowerSouth Energy Cooperative", "power": "substation", "substation": "distribution", "voltage": "115000", "osm_id": "way/1092477129", "gridlock_state": ""}}, {"type": "Feature", "geometry": {"type": "Point", "coordinates": [-85.4561031, 31.3131768]}, "properties": {"barrier": "fence", "location": "outdoor", "name": "Napier Field Substation", "power": "substation", "substation": "distribution", "voltage": "46000", "osm_id": "way/1094641545", "gridlock_state": ""}}, {"type": "Feature", "geometry": {"type": "Point", "coordinates": [-80.0094459, 35.2193305]}, "properties": {"barrier": "fence", "name": "Mt. Gilead Substation", "operator": "Duke Energy Progress", "operator:wikidata": "Q1264404", "power": "substation", "substation": "distribution", "voltage": "115000;12470", "osm_id": "way/1095364191", "gridlock_state": ""}}, {"type": "Feature", "geometry": {"type": "Point", "coordinates": [-79.9764063, 35.2533976]}, "properties": {"barrier": "fence", "name": "Mount Gilead Industrial Substation", "operator": "Duke Energy Progress", "operator:wikidata": "Q1264404", "power": "substation", "substation": "distribution", "voltage": "115000;12470", "osm_id": "way/1095364192", "gridlock_state": ""}}, {"type": "Feature", "geometry": {"type": "Point", "coordinates": [-78.8326209, 34.307012]}, "properties": {"barrier": "fence", "name": "Chadbourn Substation", "operator": "Duke Energy Progress", "operator:wikidata": "Q1264404", "power": "substation", "substation": "distribution", "voltage": "115000;24000", "osm_id": "way/1096475518", "gridlock_state": ""}}, {"type": "Feature", "geometry": {"type": "Point", "coordinates": [-78.6757169, 34.4199866]}, "properties": {"barrier": "fence", "name": "White Marsh Substation", "operator": "Brunswick EMC", "power": "substation", "substation": "distribution", "voltage": "46000", "osm_id": "way/1096475522", "gridlock_state": ""}}, {"type": "Feature", "geometry": {"type": "Point", "coordinates": [-78.7722294, 34.3351357]}, "properties": {"barrier": "fence", "name": "Whiteville SE Regional Park Substation", "operator": "Duke Energy Progress", "operator:wikidata": "Q1264404", "power": "substation", "substation": "distribution", "voltage": "115000;24000", "osm_id": "way/1096475525", "gridlock_state": ""}}, {"type": "Feature", "geometry": {"type": "Point", "coordinates": [-78.7558952, 34.6316492]}, "properties": {"barrier": "fence", "name": "Guyton Substation", "operator": "Four County EMC", "operator:wikidata": "Q114366906", "power": "substation", "substation": "distribution", "voltage": "69000", "osm_id": "way/1096796908", "gridlock_state": ""}}, {"type": "Feature", "geometry": {"type": "Point", "coordinates": [-79.9044954, 32.9193841]}, "properties": {"barrier": "fence", "name": "Jack Primus Substation", "operator": "South Carolina Gas & Electric", "power": "substation", "substation": "distribution", "voltage": "115000;23000", "osm_id": "way/1097237376", "gridlock_state": "SC"}}, {"type": "Feature", "geometry": {"type": "Point", "coordinates": [-85.2846349, 31.4922109]}, "properties": {"barrier": "fence", "location": "outdoor", "name": "Capps Switching Station", "operator": "PowerSouth Energy Cooperative", "power": "substation", "substation": "distribution", "voltage": "115000", "osm_id": "way/1097588156", "gridlock_state": ""}}, {"type": "Feature", "geometry": {"type": "Point", "coordinates": [-85.4150762, 31.4042382]}, "properties": {"barrier": "fence", "location": "outdoor", "name": "Headland Substation", "operator": "PowerSouth Energy Cooperative", "power": "substation", "substation": "distribution", "voltage": "115000", "osm_id": "way/1097588159", "gridlock_state": ""}}, {"type": "Feature", "geometry": {"type": "Point", "coordinates": [-85.5520153, 33.1263692]}, "properties": {"barrier": "fence", "name": "Wadley Substation", "operator": "Alabama Power", "operator:wikidata": "Q4705296", "power": "substation", "substation": "distribution", "voltage": "46000;12470", "osm_id": "way/1098764909", "gridlock_state": ""}}, {"type": "Feature", "geometry": {"type": "Point", "coordinates": [-85.3852206, 33.1687397]}, "properties": {"addr:city": "Roanoke", "addr:state": "AL", "barrier": "fence", "name": "Roanoke Substation", "operator": "Alabama Power", "operator:wikidata": "Q4705296", "power": "substation", "substation": "distribution", "voltage": "46000;12470", "osm_id": "way/1098770982", "gridlock_state": ""}}, {"type": "Feature", "geometry": {"type": "Point", "coordinates": [-85.3887936, 32.8997451]}, "properties": {"barrier": "fence", "name": "LaFayette Substation", "power": "substation", "substation": "distribution", "voltage": "115000", "osm_id": "way/1098798459", "gridlock_state": ""}}, {"type": "Feature", "geometry": {"type": "Point", "coordinates": [-81.7754787, 31.2299873]}, "properties": {"barrier": "fence", "name": "Waynesville Substation", "power": "substation", "substation": "distribution", "voltage": "115000", "osm_id": "way/1099750025", "gridlock_state": "GA"}}, {"type": "Feature", "geometry": {"type": "Point", "coordinates": [-79.2787192, 34.7970175]}, "properties": {"barrier": "fence", "name": "Robeson LNG Substation", "power": "substation", "start_date": "2021", "substation": "industrial", "voltage": "115000", "osm_id": "way/1099781130", "gridlock_state": ""}}, {"type": "Feature", "geometry": {"type": "Point", "coordinates": [-78.524836, 34.5190693]}, "properties": {"barrier": "fence", "name": "Lisbon Substation", "operator": "Four County EMC", "operator:wikidata": "Q114366906", "power": "substation", "substation": "distribution", "voltage": "69000;12470", "osm_id": "way/1103584272", "gridlock_state": ""}}, {"type": "Feature", "geometry": {"type": "Point", "coordinates": [-78.9459204, 34.8060778]}, "properties": {"barrier": "fence", "name": "Saint Pauls Substation", "operator": "Lumbee River EMC", "power": "substation", "substation": "distribution", "voltage": "115000;12470", "osm_id": "way/1103598951", "gridlock_state": ""}}, {"type": "Feature", "geometry": {"type": "Point", "coordinates": [-78.8464507, 35.042848]}, "properties": {"barrier": "fence", "name": "Railroad Street Substation", "operator": "Fayetteville Public Works", "power": "substation", "substation": "distribution", "voltage": "66000", "osm_id": "way/1103796432", "gridlock_state": ""}}, {"type": "Feature", "geometry": {"type": "Point", "coordinates": [-78.8585101, 35.1692095]}, "properties": {"barrier": "fence", "name": "Goodyear Substation", "power": "substation", "substation": "industrial", "voltage": "66000", "osm_id": "way/1103796441", "gridlock_state": ""}}, {"type": "Feature", "geometry": {"type": "Point", "coordinates": [-78.9388907, 35.0283408]}, "properties": {"barrier": "fence", "name": "Bordeaux Substation", "operator": "Fayetteville Public Works", "power": "substation", "substation": "distribution", "voltage": "66000", "osm_id": "way/1104012709", "gridlock_state": ""}}, {"type": "Feature", "geometry": {"type": "Point", "coordinates": [-78.8956985, 35.067916]}, "properties": {"barrier": "fence", "name": "Water Works Substation", "operator": "Fayetteville Public Works", "power": "substation", "substation": "distribution", "voltage": "66000", "osm_id": "way/1104012718", "gridlock_state": ""}}, {"type": "Feature", "geometry": {"type": "Point", "coordinates": [-78.9626585, 35.2552703]}, "properties": {"barrier": "fence", "name": "Old Farm Substation", "operator": "South River Electric Membership Corporation", "power": "substation", "substation": "distribution", "voltage": "115000", "osm_id": "way/1104064709", "gridlock_state": ""}}, {"type": "Feature", "geometry": {"type": "Point", "coordinates": [-82.2362138, 35.2190182]}, "properties": {"barrier": "fence", "name": "Tryon Retail Substation", "operator": "Duke Energy", "operator:wikidata": "Q1264404", "power": "substation", "substation": "distribution", "voltage": "44000;13000;6900", "osm_id": "way/1110085092", "gridlock_state": ""}}, {"type": "Feature", "geometry": {"type": "Point", "coordinates": [-82.7373391, 35.2157001]}, "properties": {"barrier": "fence", "name": "Brevard Retail Substation", "operator": "Duke Energy", "operator:wikidata": "Q1264404", "power": "substation", "substation": "distribution", "voltage": "44000;13000", "osm_id": "way/1110274068", "gridlock_state": ""}}, {"type": "Feature", "geometry": {"type": "Point", "coordinates": [-83.3764912, 35.2197345]}, "properties": {"barrier": "fence", "name": "Lake Emory Substation", "operator": "Duke Energy", "operator:wikidata": "Q1264404", "power": "substation", "substation": "transmission", "voltage": "161000", "osm_id": "way/1110962175", "gridlock_state": ""}}, {"type": "Feature", "geometry": {"type": "Point", "coordinates": [-85.5797723, 32.2459596]}, "properties": {"barrier": "fence", "location": "outdoor", "name": "Roba Substation", "operator": "PowerSouth Energy Cooperative", "power": "substation", "substation": "distribution", "voltage": "115000", "osm_id": "way/1115635189", "gridlock_state": ""}}, {"type": "Feature", "geometry": {"type": "Point", "coordinates": [-85.1633666, 31.611823]}, "properties": {"barrier": "fence", "location": "outdoor", "name": "Judson Substation", "operator": "PowerSouth Energy Cooperative", "power": "substation", "substation": "distribution", "voltage": "115000", "osm_id": "way/1115791537", "gridlock_state": ""}}, {"type": "Feature", "geometry": {"type": "Point", "coordinates": [-85.3013859, 31.4931523]}, "properties": {"barrier": "fence", "location": "outdoor", "name": "Capps Substation", "operator": "PowerSouth Energy Cooperative", "power": "substation", "substation": "distribution", "voltage": "46000", "osm_id": "way/1115831443", "gridlock_state": ""}}, {"type": "Feature", "geometry": {"type": "Point", "coordinates": [-85.3154654, 31.753156]}, "properties": {"barrier": "fence", "location": "outdoor", "name": "Baker Hill Substation", "operator": "PowerSouth Energy Cooperative", "power": "substation", "substation": "distribution", "voltage": "115000", "osm_id": "way/1116173738", "gridlock_state": ""}}, {"type": "Feature", "geometry": {"type": "Point", "coordinates": [-85.4814232, 31.4564571]}, "properties": {"barrier": "fence", "location": "outdoor", "name": "Echo Substation", "operator": "PowerSouth Energy Cooperative", "power": "substation", "substation": "distribution", "voltage": "46000", "osm_id": "way/1116173743", "gridlock_state": ""}}, {"type": "Feature", "geometry": {"type": "Point", "coordinates": [-85.4528397, 31.8831937]}, "properties": {"barrier": "fence", "name": "Clayton Substation", "operator": "Alabama Power", "operator:wikidata": "Q4705296", "power": "substation", "substation": "distribution", "voltage": "46000;13090", "osm_id": "way/1118045116", "gridlock_state": ""}}, {"type": "Feature", "geometry": {"type": "Point", "coordinates": [-85.5186145, 32.0576578]}, "properties": {"barrier": "fence", "name": "Midway Substation", "power": "substation", "substation": "distribution", "voltage": "115000;12470", "osm_id": "way/1118058968", "gridlock_state": ""}}, {"type": "Feature", "geometry": {"type": "Point", "coordinates": [-85.3916729, 32.0223558]}, "properties": {"barrier": "fence", "name": "Comer Substation", "operator": "Alabama Power", "operator:wikidata": "Q4705296", "power": "substation", "substation": "distribution", "voltage": "115000;12470", "osm_id": "way/1118058970", "gridlock_state": ""}}, {"type": "Feature", "geometry": {"type": "Point", "coordinates": [-85.1605807, 31.8778085]}, "properties": {"barrier": "fence", "name": "Carbo Ceramics Substation", "operator": "Carbo Ceramics, Inc.", "power": "substation", "substation": "industrial", "voltage": "115000", "osm_id": "way/1118059021", "gridlock_state": ""}}, {"type": "Feature", "geometry": {"type": "Point", "coordinates": [-85.3129991, 31.2553372]}, "properties": {"barrier": "fence", "location": "outdoor", "name": "Webb Substation", "operator": "Wiregrass Electric Cooperative", "power": "substation", "substation": "distribution", "voltage": "115000", "osm_id": "way/1119068678", "gridlock_state": ""}}, {"type": "Feature", "geometry": {"type": "Point", "coordinates": [-85.5223169, 30.9576227]}, "properties": {"barrier": "fence", "frequency": "60", "name": "Graceville Substation", "power": "substation", "substation": "distribution", "voltage": "115000", "osm_id": "way/1119625407", "gridlock_state": ""}}, {"type": "Feature", "geometry": {"type": "Point", "coordinates": [-83.7561453, 30.4882933]}, "properties": {"barrier": "fence", "name": "Aucilla Substation", "power": "substation", "substation": "distribution", "voltage": "115000", "osm_id": "way/1120102532", "gridlock_state": ""}}, {"type": "Feature", "geometry": {"type": "Point", "coordinates": [-85.6432233, 30.3260508]}, "properties": {"barrier": "fence", "name": "Edwards Road Substation", "operator": "PowerSouth Energy Cooperative", "power": "substation", "substation": "distribution", "voltage": "115000", "osm_id": "way/1120156722", "gridlock_state": ""}}, {"type": "Feature", "geometry": {"type": "Point", "coordinates": [-84.6221621, 30.4833343]}, "properties": {"addr:city": "Wetumpka", "addr:housenumber": "5500", "addr:postcode": "32351", "addr:state": "FL", "addr:street": "Old Federal Road", "barrier": "fence", "name": "Wetumpka Sub", "operator": "Talquin Electric Cooperative", "power": "substation", "substation": "distribution", "voltage": "69000", "osm_id": "way/1120298768", "gridlock_state": ""}}, {"type": "Feature", "geometry": {"type": "Point", "coordinates": [-85.0767848, 30.8729055]}, "properties": {"barrier": "fence", "name": "Bascom Substation", "operator": "PowerSouth Energy Cooperative", "power": "substation", "start_date": "2007", "substation": "distribution", "voltage": "115000", "osm_id": "way/1120347745", "gridlock_state": ""}}, {"type": "Feature", "geometry": {"type": "Point", "coordinates": [-85.1807879, 30.9292]}, "properties": {"barrier": "fence", "name": "Malone Substation", "operator": "PowerSouth Energy Cooperative", "power": "substation", "start_date": "2007", "substation": "distribution", "voltage": "115000", "osm_id": "way/1120347746", "gridlock_state": ""}}, {"type": "Feature", "geometry": {"type": "Point", "coordinates": [-85.3931871, 30.9569379]}, "properties": {"barrier": "fence", "name": "Campvbellton Substation", "operator": "PowerSouth Energy Cooperative", "power": "substation", "start_date": "1987", "substation": "distribution", "voltage": "115000", "osm_id": "way/1120347748", "gridlock_state": ""}}, {"type": "Feature", "geometry": {"type": "Point", "coordinates": [-85.5244715, 30.7945587]}, "properties": {"barrier": "fence", "name": "Chipley Substation", "operator": "PowerSouth Energy Cooperative", "power": "substation", "substation": "distribution", "voltage": "115000", "osm_id": "way/1120494019", "gridlock_state": ""}}, {"type": "Feature", "geometry": {"type": "Point", "coordinates": [-79.4674216, 33.0978352]}, "properties": {"barrier": "fence", "name": "McClellanville Substation", "power": "substation", "substation": "minor_distribution", "voltage": "23900;12000", "osm_id": "way/1126419445", "gridlock_state": "SC"}}, {"type": "Feature", "geometry": {"type": "Point", "coordinates": [-85.5640956, 31.0650905]}, "properties": {"barrier": "fence", "name": "Slocomb Substation", "operator": "PowerSouth Energy Cooperative", "power": "substation", "substation": "distribution", "voltage": "115000", "osm_id": "way/1132978721", "gridlock_state": ""}}, {"type": "Feature", "geometry": {"type": "Point", "coordinates": [-85.011589, 32.4783769]}, "properties": {"barrier": "fence", "name": "Phenix City Substation", "operator": "Alabama Power", "operator:wikidata": "Q4705296", "power": "substation", "substation": "distribution", "voltage": "115000", "osm_id": "way/1138185926", "gridlock_state": ""}}, {"type": "Feature", "geometry": {"type": "Point", "coordinates": [-85.5445497, 33.3678238]}, "properties": {"barrier": "fence", "name": "Swagg Substation", "operator": "Alabama Power", "operator:wikidata": "Q4705296", "power": "substation", "substation": "distribution", "voltage": "115000;13090", "osm_id": "way/1157493057", "gridlock_state": ""}}, {"type": "Feature", "geometry": {"type": "Point", "coordinates": [-85.3674743, 33.5355355]}, "properties": {"barrier": "fence", "name": "Ranburne Substation", "operator": "Alabama Power", "operator:wikidata": "Q4705296", "power": "substation", "substation": "distribution", "voltage": "115000;12470", "osm_id": "way/1157493060", "gridlock_state": ""}}, {"type": "Feature", "geometry": {"type": "Point", "coordinates": [-85.3884782, 33.2464273]}, "properties": {"barrier": "fence", "name": "Rock Stand Substation", "operator": "PowerSouth Energy Cooperative", "power": "substation", "substation": "distribution", "voltage": "46000", "osm_id": "way/1157758287", "gridlock_state": ""}}, {"type": "Feature", "geometry": {"type": "Point", "coordinates": [-85.4782062, 33.2930494]}, "properties": {"barrier": "fence", "name": "Weodowee Substation", "operator": "Alabama Power", "operator:wikidata": "Q4705296", "power": "substation", "substation": "distribution", "voltage": "46000;12470", "osm_id": "way/1157758289", "gridlock_state": ""}}, {"type": "Feature", "geometry": {"type": "Point", "coordinates": [-85.6576671, 34.1623025]}, "properties": {"barrier": "fence", "name": "Centre Substation", "operator": "Cherokee Electric Cooperative", "power": "substation", "substation": "distribution", "voltage": "46000", "osm_id": "way/1158969600", "gridlock_state": ""}}, {"type": "Feature", "geometry": {"type": "Point", "coordinates": [-80.8494055, 35.1518871]}, "properties": {"area": "yes", "barrier": "fence", "name": "Park Road Substation", "operator": "Duke Energy", "operator:wikidata": "Q1264404", "power": "substation", "substation": "distribution", "voltage": "100000", "osm_id": "way/1164326406", "gridlock_state": ""}}, {"type": "Feature", "geometry": {"type": "Point", "coordinates": [-82.3304931, 33.4871145]}, "properties": {"barrier": "fence", "name": "Pumpkin Center Substation", "operator": "Jefferson EMC", "power": "substation", "start_date": "2021", "substation": "distribution", "voltage": "115000;12470", "osm_id": "way/1173724569", "gridlock_state": "GA"}}, {"type": "Feature", "geometry": {"type": "Point", "coordinates": [-81.0293839, 33.9929684]}, "properties": {"building": "service", "name": "West Energy Facility", "operator": "University of South Carolina", "operator:type": "university", "operator:wikidata": "Q1024426", "operator:wikipedia": "University of South Carolina", "power": "substation", "osm_id": "way/1192159179", "gridlock_state": "SC"}}, {"type": "Feature", "geometry": {"type": "Point", "coordinates": [-85.0308207, 30.5758288]}, "properties": {"barrier": "fence", "name": "Grady Substation", "operator": "Florida Power & Light", "operator:wikidata": "Q1430055", "power": "substation", "start_date": "2023", "substation": "generation", "voltage": "115000", "osm_id": "way/1199991621", "gridlock_state": ""}}, {"type": "Feature", "geometry": {"type": "Point", "coordinates": [-80.3498573, 33.39014]}, "properties": {"barrier": "fence", "name": "Eutawville Substation", "operator": "Central Electric Power Cooperative", "power": "substation", "start_date": "2022", "substation": "distribution", "voltage": "115000", "osm_id": "way/1207810609", "gridlock_state": "SC"}}, {"type": "Feature", "geometry": {"type": "Point", "coordinates": [-85.2217133, 35.2026875]}, "properties": {"barrier": "fence", "name": "Falling Water Substation", "operator": "Electric Power Board of Chattanooga", "power": "substation", "substation": "transmission", "voltage": "161000", "osm_id": "way/1215548247", "gridlock_state": ""}}, {"type": "Feature", "geometry": {"type": "Point", "coordinates": [-85.4065423, 35.0564994]}, "properties": {"name": "Raccoon Mountain Pumped Storage", "operator": "Tennessee Valley Authority", "operator:short": "TVA", "operator:wikidata": "Q1367577", "power": "substation", "start_date": "1978", "osm_id": "way/1215565755", "gridlock_state": ""}}, {"type": "Feature", "geometry": {"type": "Point", "coordinates": [-85.2488048, 34.998323]}, "properties": {"barrier": "fence", "name": "East Ridge Substation", "operator": "Electric Power Board of Chattanooga", "power": "substation", "start_date": "1957", "substation": "distribution", "voltage": "46000", "osm_id": "way/1215603901", "gridlock_state": ""}}, {"type": "Feature", "geometry": {"type": "Point", "coordinates": [-85.2387442, 35.0097505]}, "properties": {"barrier": "fence", "name": "Belvoir Substation", "operator": "EPB", "operator:wikidata": "Q5323836", "power": "substation", "start_date": "1961", "substation": "distribution", "voltage": "46000", "osm_id": "way/1215603919", "gridlock_state": ""}}, {"type": "Feature", "geometry": {"type": "Point", "coordinates": [-85.2205153, 34.9916232]}, "properties": {"barrier": "fence", "name": "Spring Creek Substation", "operator": "Electric Power Board of Chattanooga", "power": "substation", "start_date": "1947", "substation": "distribution", "voltage": "46000", "osm_id": "way/1215603926", "gridlock_state": ""}}, {"type": "Feature", "geometry": {"type": "Point", "coordinates": [-85.1156488, 35.0048419]}, "properties": {"barrier": "fence", "name": "Ryall Springs Substation", "operator": "Electric Power Board of Chattanooga", "power": "substation", "start_date": "1975", "substation": "distribution", "voltage": "46000", "osm_id": "way/1215700370", "gridlock_state": ""}}, {"type": "Feature", "geometry": {"type": "Point", "coordinates": [-85.3118045, 35.0874232]}, "properties": {"barrier": "fence", "name": "Midvale Substation", "operator": "Electric Power Board of Chattanooga", "power": "substation", "start_date": "1939", "substation": "distribution", "voltage": "46000", "osm_id": "way/1215709447", "gridlock_state": ""}}, {"type": "Feature", "geometry": {"type": "Point", "coordinates": [-85.3512309, 35.1006855]}, "properties": {"barrier": "fence", "name": "Colonial Pipeline Substation", "operator": "Colonial Pipeline Company", "power": "substation", "substation": "distribution", "voltage": "46000", "osm_id": "way/1215709466", "gridlock_state": ""}}, {"type": "Feature", "geometry": {"type": "Point", "coordinates": [-85.3440815, 35.1019407]}, "properties": {"barrier": "fence", "name": "Signal Mountain Cement Substation", "power": "substation", "substation": "industrial", "voltage": "46000", "osm_id": "way/1215709471", "gridlock_state": ""}}, {"type": "Feature", "geometry": {"type": "Point", "coordinates": [-85.047941, 35.1919683]}, "properties": {"barrier": "fence", "name": "Harrison Substation", "operator": "Tennessee Valley Authority", "operator:short": "TVA", "operator:wikidata": "Q1367577", "power": "substation", "start_date": "1965", "substation": "distribution", "voltage": "161000", "osm_id": "way/1217942482", "gridlock_state": ""}}, {"type": "Feature", "geometry": {"type": "Point", "coordinates": [-84.9901007, 35.0966801]}, "properties": {"barrier": "fence", "name": "McDonald Substation", "operator": "Tennessee Valley Authority", "operator:short": "TVA", "operator:wikidata": "Q1367577", "power": "substation", "start_date": "1949", "substation": "distribution", "voltage": "69000", "osm_id": "way/1217964903", "gridlock_state": ""}}, {"type": "Feature", "geometry": {"type": "Point", "coordinates": [-84.9081837, 35.2515817]}, "properties": {"barrier": "fence", "name": "Hopewell Substation", "operator": "Volunteer Energy Cooperative", "power": "substation", "substation": "distribution", "voltage": "161000", "osm_id": "way/1217964924", "gridlock_state": ""}}, {"type": "Feature", "geometry": {"type": "Point", "coordinates": [-84.7737953, 35.2816785]}, "properties": {"barrier": "fence", "name": "Charleston Substation", "operator": "Volunteer Energy Cooperative", "power": "substation", "start_date": "2009", "substation": "distribution", "voltage": "161000", "osm_id": "way/1218113319", "gridlock_state": ""}}, {"type": "Feature", "geometry": {"type": "Point", "coordinates": [-85.2828721, 30.4485202]}, "properties": {"barrier": "fence", "name": "Melvin Substation", "operator": "Florida Power & Light", "operator:wikidata": "Q1430055", "power": "substation", "start_date": "2023", "substation": "generation", "voltage": "230000", "osm_id": "way/1219964755", "gridlock_state": ""}}, {"type": "Feature", "geometry": {"type": "Point", "coordinates": [-85.2702506, 30.3908463]}, "properties": {"barrier": "fence", "name": "Mayo Substation", "operator": "Florida Power & Light", "operator:wikidata": "Q1430055", "power": "substation", "start_date": "2023", "substation": "generation", "voltage": "115000", "osm_id": "way/1219978166", "gridlock_state": ""}}, {"type": "Feature", "geometry": {"type": "Point", "coordinates": [-84.7501103, 30.6754598]}, "properties": {"barrier": "fence", "name": "Piedmont Substation", "operator": "Florida Power & Light", "operator:wikidata": "Q1430055", "power": "substation", "start_date": "2023", "substation": "generation", "voltage": "230000", "osm_id": "way/1219988785", "gridlock_state": ""}}, {"type": "Feature", "geometry": {"type": "Point", "coordinates": [-85.0770478, 30.7570065]}, "properties": {"barrier": "fence", "name": "Dellwood Substation", "operator": "Florida Power & Light", "operator:wikidata": "Q1430055", "power": "substation", "start_date": "2023", "substation": "generation", "voltage": "115000", "osm_id": "way/1219993956", "gridlock_state": ""}}, {"type": "Feature", "geometry": {"type": "Point", "coordinates": [-85.44739, 30.4136284]}, "properties": {"barrier": "fence", "name": "Youngstown Substation", "operator": "Florida Power & Light", "operator:wikidata": "Q1430055", "power": "substation", "start_date": "2023", "substation": "generation", "voltage": "115000", "osm_id": "way/1220015421", "gridlock_state": ""}}, {"type": "Feature", "geometry": {"type": "Point", "coordinates": [-85.4492915, 30.4056846]}, "properties": {"barrier": "fence", "name": "Reeves Substation", "operator": "Florida Power & Light", "operator:wikidata": "Q1430055", "power": "substation", "substation": "generation", "voltage": "230000", "osm_id": "way/1220015425", "gridlock_state": ""}}, {"type": "Feature", "geometry": {"type": "Point", "coordinates": [-85.5452214, 35.0155066]}, "properties": {"barrier": "fence", "location": "outdoor", "name": "Haletown Substation", "operator": "Electric Power Board of Chattanooga", "power": "substation", "substation": "distribution", "voltage": "46000", "osm_id": "way/1221603481", "gridlock_state": ""}}, {"type": "Feature", "geometry": {"type": "Point", "coordinates": [-82.4075909, 32.8575554]}, "properties": {"barrier": "fence", "name": "South Wadley Substation", "power": "substation", "start_date": "2023", "substation": "distribution", "voltage": "115000", "osm_id": "way/1270183735", "gridlock_state": "GA"}}, {"type": "Feature", "geometry": {"type": "Point", "coordinates": [-79.2478225, 34.6361875]}, "properties": {"barrier": "fence", "name": "Union Substation", "operator": "Lumbee River EMC", "power": "substation", "substation": "distribution", "voltage": "115000", "osm_id": "way/1283079094", "gridlock_state": ""}}, {"type": "Feature", "geometry": {"type": "Point", "coordinates": [-80.1848655, 33.0601505]}, "properties": {"name": "Sheep Island Substation", "power": "substation", "osm_id": "way/1296466592", "gridlock_state": "SC"}}, {"type": "Feature", "geometry": {"type": "Point", "coordinates": [-81.005719, 33.9860798]}, "properties": {"addr:city": "Columbia", "addr:housenumber": "423", "addr:postcode": "29205", "addr:state": "SC", "addr:street": "Howard Street", "name": "Howard Street", "operator": "Dominion Energy South Carolina", "operator:wikidata": "Q114367619", "power": "substation", "ref": "1102", "osm_id": "way/1317440404", "gridlock_state": "SC"}}, {"type": "Feature", "geometry": {"type": "Point", "coordinates": [-79.9261812, 32.7792022]}, "properties": {"addr:city": "Charleston", "addr:housenumber": "20", "addr:postcode": "29401", "addr:state": "SC", "addr:street": "Vendue Range", "name": "Charleston East Side #216", "operator": "Dominion Energy South Carolina", "operator:wikidata": "Q114367619", "power": "substation", "substation": "transmission", "osm_id": "way/1363130971", "gridlock_state": "SC"}}, {"type": "Feature", "geometry": {"type": "Point", "coordinates": [-79.9491613, 32.7840577]}, "properties": {"barrier": "fence", "name": "President Street Substation", "operator": "Dominion Energy South Carolina", "operator:wikidata": "Q114367619", "power": "substation", "osm_id": "way/1385134873", "gridlock_state": "SC"}}, {"type": "Feature", "geometry": {"type": "Point", "coordinates": [-81.6933257, 30.3114216]}, "properties": {"name": "Park and King Electric Substation JEA", "operator": "Jacksonville Electric Authority", "operator:short": "JEA", "operator:wikidata": "Q17068270", "power": "substation", "substation": "minor_distribution", "voltage": "13200;4000", "osm_id": "way/1411935123", "gridlock_state": ""}}, {"type": "Feature", "geometry": {"type": "Point", "coordinates": [-80.2449276, 33.1605474]}, "properties": {"barrier": "fence", "name": "Mill Branch Substation", "power": "substation", "osm_id": "way/1415823671", "gridlock_state": "SC"}}, {"type": "Feature", "geometry": {"type": "Point", "coordinates": [-84.7790127, 32.9139669]}, "properties": {"name": "Georgia Pacific (Durand) Substation", "power": "substation", "voltage": "115000", "osm_id": "way/1442650562", "gridlock_state": "GA"}}, {"type": "Feature", "geometry": {"type": "Point", "coordinates": [-78.9424582, 35.2864027]}, "properties": {"barrier": "fence", "fixme": "substation name?", "name": "SREMC substation [FIXME]", "operator": "South River Electric Membership Corporation", "power": "substation", "osm_id": "way/1450430927", "gridlock_state": ""}}, {"type": "Feature", "geometry": {"type": "Point", "coordinates": [-81.4609318, 32.1666218]}, "properties": {"barrier": "fence", "name": "Hyundai Motors Substation", "power": "substation", "start_date": "2025", "substation": "industrial", "voltage": "230000", "osm_id": "way/1458221220", "gridlock_state": "GA"}}, {"type": "Feature", "geometry": {"type": "Point", "coordinates": [-85.0970185, 32.6084577]}, "properties": {"name": "H Allen Franklin Combined Cycle", "power": "substation", "substation": "generation", "voltage": "230000", "osm_id": "way/1460812082", "gridlock_state": ""}}, {"type": "Feature", "geometry": {"type": "Point", "coordinates": [-81.3504578, 32.0815559]}, "properties": {"barrier": "fence", "name": "Fort Argyle Substation", "power": "substation", "start_date": "2025", "substation": "distribution", "voltage": "230000;24940", "osm_id": "way/1462582232", "gridlock_state": "GA"}}, {"type": "Feature", "geometry": {"type": "Point", "coordinates": [-82.3451532, 31.9335127]}, "properties": {"name": "Edwin I Hatch", "power": "substation", "osm_id": "way/1485092748", "gridlock_state": "GA"}}, {"type": "Feature", "geometry": {"type": "Point", "coordinates": [-81.3731603, 32.1126753]}, "properties": {"barrier": "wall", "name": "Newton Road Substation", "operator": "Georgia Power", "operator:wikidata": "Q5547666", "power": "substation", "start_date": "2025", "substation": "switching", "voltage": "230000", "osm_id": "way/1489153816", "gridlock_state": "GA"}}, {"type": "Feature", "geometry": {"type": "Point", "coordinates": [-81.3728831, 32.1004999]}, "properties": {"barrier": "fence", "name": "Four Lakes Substation", "operator": "Georgia Power", "operator:wikidata": "Q5547666", "power": "substation", "start_date": "2025", "substation": "distribution", "voltage": "115000", "osm_id": "way/1489153847", "gridlock_state": "GA"}}, {"type": "Feature", "geometry": {"type": "Point", "coordinates": [-79.560482, 33.0451785]}, "properties": {"name": "Awendaw Metering Point", "power": "substation", "website": "https://www.berkeleyelectric.coop/", "osm_id": "way/1494614238", "gridlock_state": "SC"}}, {"type": "Feature", "geometry": {"type": "Point", "coordinates": [-80.2635502, 33.1353209]}, "properties": {"name": "Edisto Camp Hall Metering Point", "power": "substation", "osm_id": "way/1494615536", "gridlock_state": "SC"}}, {"type": "Feature", "geometry": {"type": "Point", "coordinates": [-81.751368, 30.380403]}, "properties": {"frequency": "60", "location": "outdoor", "name": "Picketville Substation JEA", "operator": "Jacksonville Electric Authority", "operator:short": "JEA", "operator:wikidata": "Q17068270", "operator:wikipedia": "en:JEA", "power": "substation", "substation": "distribution", "type": "multipolygon", "voltage": "138000", "osm_id": "relation/12142663", "gridlock_state": ""}}, {"type": "Feature", "geometry": {"type": "Point", "coordinates": [-81.6852868, 30.3677261]}, "properties": {"frequency": "60", "location": "outdoor", "name": "Northwest Jax Substation", "operator": "Jacksonville Electric Authority", "operator:short": "JEA", "operator:wikidata": "Q17068270", "operator:wikipedia": "en:JEA", "power": "substation", "substation": "distribution", "type": "multipolygon", "voltage": "69000", "osm_id": "relation/13365982", "gridlock_state": ""}}, {"type": "Feature", "geometry": {"type": "Point", "coordinates": [-81.714544, 30.4046666]}, "properties": {"frequency": "60", "location": "outdoor", "name": "Soutel Dr Substation JEA", "operator": "Jacksonville Electric Authority", "operator:short": "JEA", "operator:wikidata": "Q17068270", "operator:wikipedia": "en:JEA", "power": "substation", "substation": "distribution", "type": "multipolygon", "voltage": "138000", "osm_id": "relation/13505165", "gridlock_state": ""}}, {"type": "Feature", "geometry": {"type": "Point", "coordinates": [-81.6590334, 30.3710052]}, "properties": {"frequency": "60", "location": "outdoor", "name": "Northshore Substation", "operator": "Jacksonville Electric Authority", "operator:short": "JEA", "operator:wikidata": "Q17068270", "operator:wikipedia": "en:JEA", "power": "substation", "substation": "distribution", "type": "multipolygon", "voltage": "69000", "osm_id": "relation/13608479", "gridlock_state": ""}}, {"type": "Feature", "geometry": {"type": "Point", "coordinates": [-81.698329, 30.4544026]}, "properties": {"frequency": "60", "location": "outdoor", "name": "Garden City Substation JEA", "operator": "Jacksonville Electric Authority", "operator:short": "JEA", "operator:wikidata": "Q17068270", "operator:wikipedia": "en:JEA", "power": "substation", "substation": "distribution", "type": "multipolygon", "voltage": "138000", "osm_id": "relation/13678015", "gridlock_state": ""}}, {"type": "Feature", "geometry": {"type": "Point", "coordinates": [-81.7753053, 30.453925]}, "properties": {"addr:city": "Jacksonville", "addr:housenumber": "12160", "addr:postcode": "32219", "addr:state": "FL", "addr:street": "New Kings Road", "name": "Dinsmore Substation", "operator": "Jacksonville Electric Authority", "operator:short": "JEA", "operator:wikidata": "Q17068270", "power": "substation", "substation": "distribution", "type": "multipolygon", "voltage": "230000", "osm_id": "relation/13771238", "gridlock_state": ""}}, {"type": "Feature", "geometry": {"type": "Point", "coordinates": [-81.6586648, 30.4948559]}, "properties": {"frequency": "60", "location": "outdoor", "name": "Sea Breeze Substation", "operator": "Jacksonville Electric Authority", "operator:short": "JEA", "operator:wikidata": "Q17068270", "power": "substation", "substation": "distribution", "type": "multipolygon", "voltage": "138000", "osm_id": "relation/13938563", "gridlock_state": ""}}, {"type": "Feature", "geometry": {"type": "Point", "coordinates": [-82.811556, 34.1418441]}, "properties": {"barrier": "fence", "name": "Elberton Primary Substation", "power": "substation", "substation": "transmission", "type": "multipolygon", "voltage": "115000;46000", "osm_id": "relation/13958743", "gridlock_state": "GA"}}, {"type": "Feature", "geometry": {"type": "Point", "coordinates": [-85.1649429, 34.1889572]}, "properties": {"barrier": "fence", "name": "Lindale Substation", "power": "substation", "substation": "transmission", "type": "multipolygon", "voltage": "115000", "osm_id": "relation/14091863", "gridlock_state": "GA"}}, {"type": "Feature", "geometry": {"type": "Point", "coordinates": [-84.890392, 31.046152]}, "properties": {"barrier": "fence", "name": "West Donaldsonville Substation", "operator": "Three Notch EMC", "power": "substation", "substation": "distribution", "type": "multipolygon", "voltage": "115000", "osm_id": "relation/14114487", "gridlock_state": "GA"}}, {"type": "Feature", "geometry": {"type": "Point", "coordinates": [-84.4629659, 33.6763499]}, "properties": {"name": "East Point Primary Substation", "operator": "Georgia Power", "operator:wikidata": "Q5547666", "power": "substation", "substation": "transmission", "type": "multipolygon", "voltage": "230000", "osm_id": "relation/14128477", "gridlock_state": "GA"}}, {"type": "Feature", "geometry": {"type": "Point", "coordinates": [-79.9875478, 33.2439799]}, "properties": {"barrier": "fence", "name": "Jefferies Dam Substation", "power": "substation", "substation": "transmission", "type": "multipolygon", "voltage": "230000", "osm_id": "relation/14251844", "gridlock_state": "SC"}}, {"type": "Feature", "geometry": {"type": "Point", "coordinates": [-79.6843648, 33.2874139]}, "properties": {"barrier": "fence", "name": "Jamestown Substation", "power": "substation", "substation": "distribution", "type": "multipolygon", "voltage": "115000;34500;12000", "osm_id": "relation/14255838", "gridlock_state": "SC"}}, {"type": "Feature", "geometry": {"type": "Point", "coordinates": [-81.2581317, 33.4993708]}, "properties": {"name": "Peony Solar Substation", "power": "substation", "start_date": "2018", "substation": "generation", "type": "multipolygon", "voltage": "46000", "osm_id": "relation/14275396", "gridlock_state": "SC"}}, {"type": "Feature", "geometry": {"type": "Point", "coordinates": [-81.0897639, 33.6098839]}, "properties": {"barrier": "fence", "name": "North Substation", "power": "substation", "substation": "distribution", "type": "multipolygon", "voltage": "115000", "osm_id": "relation/14275397", "gridlock_state": "SC"}}, {"type": "Feature", "geometry": {"type": "Point", "coordinates": [-81.804506, 33.5834366]}, "properties": {"barrier": "fence", "name": "Graniteville Substation", "power": "substation", "substation": "transmission", "type": "multipolygon", "voltage": "230000;115000;46000", "osm_id": "relation/14294792", "gridlock_state": "SC"}}, {"type": "Feature", "geometry": {"type": "Point", "coordinates": [-81.9110807, 33.4328703]}, "properties": {"name": "Urquhart Substation", "power": "substation", "substation": "transmission", "type": "multipolygon", "voltage": "230000", "osm_id": "relation/14317637", "gridlock_state": "SC"}}, {"type": "Feature", "geometry": {"type": "Point", "coordinates": [-81.7541389, 33.6714097]}, "properties": {"barrier": "fence", "name": "Shaw Creek Solar Substation", "power": "substation", "start_date": "2019", "substation": "generation", "type": "multipolygon", "voltage": "230000", "osm_id": "relation/14335525", "gridlock_state": "SC"}}, {"type": "Feature", "geometry": {"type": "Point", "coordinates": [-78.9528528, 33.7271736]}, "properties": {"barrier": "fence", "name": "Pine Island Substation", "power": "substation", "substation": "distribution", "type": "multipolygon", "voltage": "115000", "osm_id": "relation/14355880", "gridlock_state": "SC"}}, {"type": "Feature", "geometry": {"type": "Point", "coordinates": [-82.8951158, 34.7937287]}, "properties": {"name": "Oconee Substation", "operator": "Duke Energy", "operator:wikidata": "Q1264404", "power": "substation", "substation": "transmission", "type": "multipolygon", "voltage": "500000;230000", "osm_id": "relation/14433409", "gridlock_state": "SC"}}, {"type": "Feature", "geometry": {"type": "Point", "coordinates": [-81.6398524, 30.3291601]}, "properties": {"barrier": "wall", "frequency": "60", "location": "outdoor", "name": "Georgia Substation", "operator": "Jacksonville Electric Authority", "operator:short": "JEA", "operator:wikidata": "Q17068270", "operator:wikipedia": "en:JEA", "power": "substation", "substation": "distribution", "type": "multipolygon", "voltage": "69000", "osm_id": "relation/14537400", "gridlock_state": ""}}, {"type": "Feature", "geometry": {"type": "Point", "coordinates": [-81.6520886, 30.3573839]}, "properties": {"barrier": "fence", "name": "Twenty First & Hubbard Substation JEA", "operator": "Jacksonville Electric Authority", "operator:short": "JEA", "operator:wikidata": "Q17068270", "operator:wikipedia": "en:JEA", "power": "substation", "substation": "distribution", "type": "multipolygon", "voltage": "69000", "osm_id": "relation/14579972", "gridlock_state": ""}}, {"type": "Feature", "geometry": {"type": "Point", "coordinates": [-82.5666923, 31.8106914]}, "properties": {"barrier": "fence", "name": "South Hazlehurst Substation", "operator": "Georgia Power", "operator:wikidata": "Q5547666", "power": "substation", "substation": "transmission", "type": "multipolygon", "voltage": "230000;115000;46000;25000", "osm_id": "relation/14670084", "gridlock_state": "GA"}}]}