{"type": "FeatureCollection", "features": [{"type": "Feature", "properties": {"project_id": "DESC_6341A-F", "route_mi": 6.84}, "geometry": {"type": "LineString", "coordinates": [[-79.8422757, 32.941402], [-79.842165, 32.9411927], [-79.841445, 32.9406239], [-79.8401531, 32.9392404], [-79.8392759, 32.9374064], [-79.8384635, 32.935652], [-79.8376587, 32.9338466], [-79.8369747, 32.9325115], [-79.8366266, 32.9312549], [-79.8361105, 32.9300515], [-79.8353656, 32.9287048], [-79.834615, 32.9269096], [-79.8340232, 32.9261943], [-79.8323396, 32.9240689], [-79.8314046, 32.9225943], [-79.8296956, 32.920556], [-79.8298855, 32.9190765], [-79.8299432, 32.9174534], [-79.8301578, 32.9157119], [-79.8297942, 32.9141684], [-79.8280821, 32.9140826], [-79.8262891, 32.9140114], [-79.824496, 32.9139402], [-79.8227006, 32.9138729], [-79.8205766, 32.9137973], [-79.8191887, 32.9120989], [-79.8177736, 32.910421], [-79.816353, 32.9087317], [-79.8149106, 32.9070148], [-79.81379, 32.9056825], [-79.8126693, 32.9043433], [-79.8114785, 32.9029404], [-79.8102286, 32.9014323], [-79.8087882, 32.8997273], [-79.8075504, 32.8981603], [-79.8067558, 32.8968811], [-79.8058387, 32.8954152], [-79.8048245, 32.8937769], [-79.8037275, 32.8920236], [-79.802621, 32.8901907], [-79.8016153, 32.8886351], [-79.8005546, 32.8869454], [-79.7995103, 32.8852601], [-79.7984851, 32.8836115], [-79.7973999, 32.8818942], [-79.796331, 32.8801814], [-79.7952431, 32.8784228], [-79.7941634, 32.8766824], [-79.7929391, 32.8747612], [-79.792751, 32.872865], [-79.7925437, 32.8709391], [-79.7923365, 32.8689948], [-79.7921492, 32.8673747], [-79.7919759, 32.865709], [-79.7917956, 32.8640917], [-79.7915546, 32.8626212], [-79.7897993, 32.8612572], [-79.788477, 32.8600027], [-79.7884409, 32.859937]]}}, {"type": "Feature", "properties": {"project_id": "DESC_6808S", "route_mi": 8.7}, "geometry": {"type": "LineString", "coordinates": [[-80.9686476, 32.2775537], [-80.968621, 32.2775118], [-80.9674496, 32.2756127], [-80.9659293, 32.2742772], [-80.9644246, 32.2729602], [-80.962817, 32.2715588], [-80.9612406, 32.2701653], [-80.9604524, 32.2694778], [-80.9589539, 32.268137], [-80.9565947, 32.2677841], [-80.9560153, 32.2677999], [-80.953774, 32.2675564], [-80.9521781, 32.2675269], [-80.9504267, 32.2675201], [-80.9488549, 32.2675099], [-80.9469277, 32.2674997], [-80.9449228, 32.267494], [-80.9429124, 32.2674815], [-80.9411596, 32.2674725], [-80.9384841, 32.2674543], [-80.9359802, 32.2674418], [-80.9334268, 32.2674294], [-80.9308317, 32.267409], [-80.9282877, 32.2674056], [-80.9262117, 32.2673965], [-80.9236488, 32.2673761], [-80.9211758, 32.2674045], [-80.9190529, 32.2674079], [-80.9167059, 32.2674226], [-80.9143952, 32.2673965], [-80.9119059, 32.2670412], [-80.9105621, 32.2670298], [-80.9092156, 32.2670207], [-80.9078263, 32.2670071], [-80.9065442, 32.2669958], [-80.9051923, 32.2669981], [-80.9036957, 32.2669981], [-80.9022607, 32.2669799], [-80.9008016, 32.2669709], [-80.8993397, 32.2669595], [-80.8977519, 32.2669459], [-80.8963571, 32.2669391], [-80.8948363, 32.266921], [-80.8933262, 32.2669187], [-80.891784, 32.2668756], [-80.8902363, 32.2668575], [-80.8887423, 32.2668688], [-80.887251, 32.2668756], [-80.8857517, 32.2668733], [-80.8842389, 32.2668756], [-80.882753, 32.2668665], [-80.8812509, 32.2668597], [-80.8797435, 32.2668529], [-80.8786626, 32.2668552], [-80.8767207, 32.2668575], [-80.8753125, 32.2668257], [-80.8729361, 32.2664152], [-80.8708118, 32.2654377], [-80.8695806, 32.2646711], [-80.868438, 32.2639453], [-80.8672203, 32.2632036], [-80.8660079, 32.2624597], [-80.864817, 32.261718], [-80.8635752, 32.26099], [-80.8623628, 32.2602437], [-80.8611934, 32.2595156], [-80.8600803, 32.2588443], [-80.8590503, 32.2581933], [-80.8591685, 32.2566445], [-80.8595735, 32.2548004], [-80.8599531, 32.2530107], [-80.8603809, 32.2512164], [-80.8607336, 32.2496592], [-80.8590451, 32.2491919], [-80.8585422, 32.2480372], [-80.858907, 32.2464708], [-80.8592959, 32.2446605], [-80.8584001, 32.2429171], [-80.8567612, 32.242114], [-80.8560745, 32.2407064], [-80.8556856, 32.2388971], [-80.8552511, 32.2369437], [-80.8535828, 32.2353148], [-80.8532059, 32.2350289], [-80.8533836, 32.2350272]]}}, {"type": "Feature", "properties": {"project_id": "DESC_6359", "route_mi": 16.95}, "geometry": {"type": "LineString", "coordinates": [[-80.8637929, 32.6974259], [-80.8642985, 32.6978758], [-80.863361, 32.698765], [-80.861872, 32.7003033], [-80.8605043, 32.7018033], [-80.8591366, 32.7033129], [-80.8578333, 32.7047539], [-80.8565143, 32.7059212], [-80.8555686, 32.7062483], [-80.853586, 32.7070511], [-80.8515622, 32.7078469], [-80.8499078, 32.7085105], [-80.8475723, 32.7094246], [-80.8456449, 32.7101995], [-80.843894, 32.7109001], [-80.8422314, 32.711566], [-80.8404915, 32.7122457], [-80.8388757, 32.7128907], [-80.8374153, 32.7134649], [-80.8353818, 32.714275], [-80.8331757, 32.7151487], [-80.8312338, 32.7159179], [-80.8293513, 32.7166713], [-80.8271587, 32.7175471], [-80.8251144, 32.7183595], [-80.8231267, 32.7191332], [-80.8213925, 32.7199274], [-80.8197527, 32.7206512], [-80.8179134, 32.7214771], [-80.8159743, 32.7223439], [-80.8138814, 32.7232969], [-80.8118748, 32.7241886], [-80.8098979, 32.7250893], [-80.8075219, 32.7261557], [-80.8058309, 32.7269317], [-80.8041021, 32.7273491], [-80.8018864, 32.7281486], [-80.8003849, 32.7291165], [-80.7989737, 32.7300043], [-80.797775, 32.7305232], [-80.7958654, 32.7306769], [-80.7938275, 32.7306474], [-80.7918849, 32.7316511], [-80.7899598, 32.7326527], [-80.7880246, 32.733667], [-80.7861471, 32.7346369], [-80.7842345, 32.7356511], [-80.7822844, 32.7366484], [-80.7804069, 32.7376078], [-80.7785018, 32.7386199], [-80.7765942, 32.7396045], [-80.7746741, 32.7406081], [-80.7727666, 32.7415885], [-80.7708565, 32.7425879], [-80.7697135, 32.7438803], [-80.7684777, 32.7452655], [-80.7672469, 32.7466486], [-80.7656899, 32.7480151], [-80.7644465, 32.7494146], [-80.7634163, 32.7506055], [-80.7614265, 32.7510526], [-80.7592508, 32.7513025], [-80.757075, 32.7515534], [-80.7548716, 32.7518212], [-80.7527259, 32.7520509], [-80.7510916, 32.7529596], [-80.7490086, 32.7539883], [-80.747096, 32.7549918], [-80.7451483, 32.7560036], [-80.7432733, 32.7569797], [-80.7414059, 32.7579536], [-80.7395159, 32.7589317], [-80.7376609, 32.7598971], [-80.7357659, 32.7608605], [-80.7341541, 32.7620051], [-80.7325323, 32.7630927], [-80.730898, 32.7642057], [-80.7292962, 32.765306], [-80.7276869, 32.7664105], [-80.7260551, 32.767515], [-80.7244258, 32.7686384], [-80.7228065, 32.7697471], [-80.7211897, 32.770841], [-80.7195704, 32.7719581], [-80.7179561, 32.7730562], [-80.7161805, 32.7739996], [-80.7143223, 32.7746527], [-80.7122672, 32.7753942], [-80.7104548, 32.7760405], [-80.7084158, 32.7767661], [-80.7063392, 32.7775258], [-80.7040791, 32.7783285], [-80.702264, 32.7789883], [-80.6999958, 32.7797978], [-80.6980405, 32.7805098], [-80.6962902, 32.7811402], [-80.6944212, 32.7818046], [-80.6924982, 32.7824939], [-80.690613, 32.7831809], [-80.6886874, 32.783877], [-80.6868157, 32.7845368], [-80.6847794, 32.7852805], [-80.6829293, 32.785938], [-80.6810009, 32.7866296], [-80.6788784, 32.7874073], [-80.6767936, 32.7881578], [-80.6747844, 32.7888856], [-80.6728021, 32.7895952], [-80.6708279, 32.7903117], [-80.6688726, 32.7910122], [-80.6671357, 32.7916312], [-80.6652182, 32.7923318], [-80.6631081, 32.7933406], [-80.6610733, 32.7940753], [-80.6590282, 32.794812], [-80.6569985, 32.7955488], [-80.654956, 32.7962748], [-80.6529161, 32.797005], [-80.6510171, 32.7976879], [-80.6489669, 32.798429], [-80.6468783, 32.7991722], [-80.6447819, 32.7999261], [-80.6435518, 32.8011863], [-80.641749, 32.8026764], [-80.6402764, 32.8042088], [-80.6388605, 32.8056687], [-80.6373421, 32.8072283], [-80.6362201, 32.8083889], [-80.6347557, 32.8098985], [-80.6336175, 32.8110976], [-80.6324659, 32.8122786], [-80.6311336, 32.813659], [-80.6297177, 32.8151119], [-80.6282424, 32.816626], [-80.626778, 32.8181514], [-80.6253081, 32.8196858], [-80.6237735, 32.8212542], [-80.6228161, 32.8222537], [-80.620691, 32.8231382], [-80.6206448, 32.8231912]]}}, {"type": "Feature", "properties": {"project_id": "DESC_06372A", "route_mi": 5.82}, "geometry": {"type": "LineString", "coordinates": [[-80.0702792, 32.8303196], [-80.0703133, 32.8303316], [-80.070217, 32.8303841], [-80.067836, 32.8309542], [-80.0666581, 32.830976], [-80.0643226, 32.8310318], [-80.0629869, 32.8310588], [-80.0617369, 32.8311219], [-80.0600579, 32.8316989], [-80.0595017, 32.8324309], [-80.0582554, 32.834187], [-80.0570323, 32.835999], [-80.0561419, 32.8373016], [-80.0552835, 32.8385817], [-80.0544521, 32.8398482], [-80.0539639, 32.8405558], [-80.0529715, 32.8419575], [-80.0521507, 32.8432645], [-80.0507667, 32.8449771], [-80.0498065, 32.8461489], [-80.0475695, 32.8472576], [-80.0461479, 32.8479922], [-80.0447961, 32.8487628], [-80.0425913, 32.849894], [-80.0405958, 32.8508539], [-80.0393405, 32.8507728], [-80.0379565, 32.8506691], [-80.0365564, 32.8505925], [-80.0353118, 32.8504843], [-80.0327423, 32.8503086], [-80.0311973, 32.8502004], [-80.0298348, 32.8500968], [-80.02844, 32.8500066], [-80.026997, 32.849903], [-80.0251623, 32.8497813], [-80.0238427, 32.8496732], [-80.0221744, 32.8495425], [-80.0191114, 32.8492986], [-80.0171342, 32.8491836], [-80.0154979, 32.8498521], [-80.0152444, 32.8507745], [-80.0162428, 32.8523498], [-80.0178679, 32.8528372], [-80.0188696, 32.8531336], [-80.0203771, 32.8536672], [-80.0219119, 32.8541347], [-80.022501, 32.8550641], [-80.0240428, 32.8560271], [-80.0250526, 32.8567098], [-80.0265417, 32.8577165], [-80.02802, 32.8587159], [-80.029549, 32.8597496], [-80.0310671, 32.8607759], [-80.0325086, 32.8617503], [-80.0339566, 32.8627293], [-80.0353882, 32.863697], [-80.0368161, 32.8646623], [-80.0380251, 32.8654861], [-80.0395102, 32.8664852], [-80.0404705, 32.8671279], [-80.0410147, 32.8667456]]}}, {"type": "Feature", "properties": {"project_id": "DESC_6809M", "route_mi": 53.2}, "geometry": {"type": "LineString", "coordinates": [[-80.5920086, 33.199388], [-80.5922137, 33.199496], [-80.5913179, 33.1994881], [-80.5888011, 33.1996717], [-80.588207, 33.200764], [-80.5872795, 33.2024529], [-80.5867044, 33.2035827], [-80.5857967, 33.2052527], [-80.585075, 33.2066325], [-80.583767, 33.2080454], [-80.5824336, 33.2095337], [-80.581399, 33.2107106], [-80.5801446, 33.2121281], [-80.5787238, 33.2137177], [-80.5773537, 33.2152625], [-80.5759865, 33.2167955], [-80.5747208, 33.2182223], [-80.5735086, 33.2195949], [-80.5724261, 33.2208094], [-80.5711773, 33.2222055], [-80.5699707, 33.223545], [-80.5696466, 33.2249198], [-80.5692406, 33.2265351], [-80.5687783, 33.2284145], [-80.568285, 33.2303599], [-80.5678086, 33.2322346], [-80.5673293, 33.2341162], [-80.5668557, 33.2360615], [-80.5663596, 33.2380161], [-80.565886, 33.2398812], [-80.5654829, 33.2415009], [-80.565091, 33.2430429], [-80.5646964, 33.2447286], [-80.563783, 33.2462752], [-80.5626469, 33.2482556], [-80.5616941, 33.2499294], [-80.5607836, 33.2515396], [-80.5597885, 33.25327], [-80.5588103, 33.2549885], [-80.5577785, 33.2567848], [-80.5567298, 33.2586424], [-80.5557122, 33.2604598], [-80.5547142, 33.2621688], [-80.5537247, 33.2639036], [-80.5529777, 33.2652071], [-80.5520051, 33.2669419], [-80.5508691, 33.2689124], [-80.5498317, 33.2706943], [-80.549141, 33.2725374], [-80.548518, 33.2742272], [-80.5477992, 33.2761174], [-80.5471029, 33.2779722], [-80.5464658, 33.2796832], [-80.5457469, 33.2815756], [-80.5450563, 33.2834161], [-80.5444615, 33.2849903], [-80.5437962, 33.2867436], [-80.5430801, 33.288657], [-80.5424289, 33.2903702], [-80.5417101, 33.2923071], [-80.5410223, 33.2941262], [-80.5403034, 33.2960113], [-80.5395958, 33.297908], [-80.5388939, 33.2997388], [-80.5383301, 33.3012326], [-80.5377945, 33.3026604], [-80.5372007, 33.3042522], [-80.5366155, 33.3058029], [-80.5361246, 33.3070674], [-80.5354261, 33.3089562], [-80.5347627, 33.3107008], [-80.5340479, 33.3126165], [-80.5333764, 33.3143813], [-80.5326617, 33.3162722], [-80.5319874, 33.3180639], [-80.5313186, 33.3198285], [-80.5306363, 33.3216562], [-80.5299431, 33.3234929], [-80.5292743, 33.3252529], [-80.5286189, 33.3270219], [-80.5279204, 33.3288675], [-80.5272219, 33.3306972], [-80.5265341, 33.3325247], [-80.5258896, 33.3342304], [-80.5251641, 33.3361322], [-80.5245923, 33.3376982], [-80.5239612, 33.339343], [-80.5232762, 33.3411657], [-80.5225992, 33.3429277], [-80.5219412, 33.3447053], [-80.521275, 33.3464919], [-80.5206062, 33.3482357], [-80.5194788, 33.3512681], [-80.5188909, 33.3527662], [-80.5183434, 33.3542327], [-80.5175774, 33.3558097], [-80.5167225, 33.3575127], [-80.5158756, 33.3592202], [-80.5150207, 33.3609367], [-80.5141388, 33.362714], [-80.5133135, 33.3644236], [-80.5124397, 33.366149], [-80.5116225, 33.3677866], [-80.5107433, 33.3695547], [-80.5098964, 33.371262], [-80.5090576, 33.373003], [-80.5081622, 33.374753], [-80.507283, 33.37653], [-80.5064011, 33.3783092], [-80.5056621, 33.3798136], [-80.5049879, 33.3811423], [-80.5039846, 33.3831827], [-80.5031324, 33.3848987], [-80.5022531, 33.3866867], [-80.5014252, 33.3883104], [-80.5005756, 33.3900398], [-80.4997584, 33.3916904], [-80.4990734, 33.3930774], [-80.498124, 33.3949824], [-80.4972394, 33.3967432], [-80.4963548, 33.3985265], [-80.4954405, 33.4003796], [-80.4945236, 33.4022191], [-80.4938736, 33.4035362], [-80.4928892, 33.4055063], [-80.4919506, 33.4074245], [-80.4910283, 33.4092593], [-80.4901895, 33.4109613], [-80.4893669, 33.4126047], [-80.4886414, 33.414068], [-80.4876921, 33.415977], [-80.4869019, 33.4175753], [-80.4860577, 33.4192839], [-80.4851893, 33.420988], [-80.4842534, 33.4228878], [-80.4834902, 33.4244185], [-80.4829238, 33.4255732], [-80.481996, 33.4274437], [-80.4810926, 33.4292219], [-80.4802268, 33.4310045], [-80.4793961, 33.4327533], [-80.4785229, 33.4344294], [-80.4775735, 33.4363312], [-80.4770827, 33.4373395], [-80.4761873, 33.4391174], [-80.4753485, 33.4408346], [-80.4746743, 33.4421714], [-80.4739784, 33.4436432], [-80.4734849, 33.4452882], [-80.4729725, 33.4470818], [-80.4724978, 33.4487493], [-80.4720339, 33.4503425], [-80.4715592, 33.4520369], [-80.4709983, 33.4539676], [-80.470618, 33.4553132], [-80.4700219, 33.4574621], [-80.4696371, 33.4587914], [-80.4690658, 33.4607793], [-80.4687823, 33.4617597], [-80.4681037, 33.4629882], [-80.4680715, 33.4643265], [-80.4675107, 33.4662686], [-80.4668942, 33.4684079], [-80.4666231, 33.4693346], [-80.46615, 33.4709552], [-80.4667799, 33.4727198], [-80.4674257, 33.474573], [-80.4680476, 33.4763531], [-80.4685817, 33.4778737], [-80.4690548, 33.4792614], [-80.4695916, 33.4807443], [-80.4689458, 33.4816575], [-80.4679572, 33.483085], [-80.4674124, 33.4838564], [-80.4663281, 33.4854212], [-80.4678323, 33.4863699], [-80.4693445, 33.4873363], [-80.4687199, 33.4887614], [-80.4682495, 33.4898386], [-80.4674496, 33.4916915], [-80.4660597, 33.4927088], [-80.4637981, 33.4944353], [-80.4622142, 33.4957983], [-80.4612601, 33.497436], [-80.4591234, 33.4984023], [-80.4579886, 33.4990959], [-80.4570952, 33.5004588], [-80.4558517, 33.5014086], [-80.4538622, 33.5029432], [-80.4518304, 33.5044342], [-80.4500486, 33.5058168], [-80.4483611, 33.5070988], [-80.4466943, 33.5083793], [-80.4448853, 33.5097571], [-80.4431837, 33.5110941], [-80.4414504, 33.5124272], [-80.4398025, 33.5136871], [-80.4379882, 33.5150508], [-80.4362851, 33.5163677], [-80.4347679, 33.5175409], [-80.4336684, 33.5183911], [-80.4321912, 33.5190794], [-80.4304056, 33.5192951], [-80.428135, 33.519604], [-80.4262624, 33.5203711], [-80.4250513, 33.5213269], [-80.4237208, 33.5223781], [-80.422232, 33.5235518], [-80.4210009, 33.5245449], [-80.4198047, 33.5255193], [-80.4189542, 33.5264087], [-80.4177356, 33.5277645], [-80.4165245, 33.5290685], [-80.415393, 33.5303269], [-80.4142291, 33.5315894], [-80.4127245, 33.5332457], [-80.4117695, 33.534303], [-80.4104813, 33.535667], [-80.4093348, 33.536946], [-80.4084644, 33.5379596], [-80.4083575, 33.5393402], [-80.4082406, 33.5410627], [-80.4081337, 33.5427106], [-80.4080367, 33.544091], [-80.407885, 33.5462881], [-80.407696, 33.5488105], [-80.4074995, 33.5517723], [-80.4073428, 33.5542966], [-80.4072359, 33.5559277], [-80.4071364, 33.5573701], [-80.407022, 33.5590135], [-80.4069424, 33.5600476], [-80.4068429, 33.56172], [-80.406731, 33.5633799], [-80.4066117, 33.5651165], [-80.4064898, 33.5668364], [-80.4063754, 33.5685211], [-80.406271, 33.5702368], [-80.4061541, 33.5718593], [-80.4060819, 33.5728974], [-80.40597, 33.57441], [-80.4058581, 33.5760386], [-80.4057412, 33.5776816], [-80.4056467, 33.5791548], [-80.4055771, 33.5801638], [-80.4054702, 33.5817881], [-80.4053707, 33.5830416], [-80.4052787, 33.584728], [-80.4051692, 33.5861306], [-80.4050698, 33.5878688], [-80.4049454, 33.589522], [-80.4048484, 33.5910819], [-80.404749, 33.5924948], [-80.4046196, 33.5942908], [-80.4045028, 33.5961448], [-80.4044157, 33.5972427], [-80.4043361, 33.5985539], [-80.4042391, 33.5999438], [-80.4041347, 33.6013814], [-80.4040253, 33.6030074], [-80.4039084, 33.6047432], [-80.403789, 33.6064768], [-80.403687, 33.6081732], [-80.403595, 33.6094718], [-80.4035154, 33.6107746], [-80.4033986, 33.612301], [-80.4032792, 33.6139413], [-80.4032046, 33.6151197], [-80.4031076, 33.6165094], [-80.4029932, 33.6183132], [-80.4028738, 33.6199285], [-80.4027746, 33.6215165], [-80.4026651, 33.6230448], [-80.4026055, 33.6245358], [-80.4020782, 33.6261014], [-80.4015734, 33.627787], [-80.4011606, 33.6290832], [-80.400693, 33.6306321], [-80.4001161, 33.6324771], [-80.3996908, 33.6338416], [-80.3992606, 33.6352496], [-80.3988378, 33.636583], [-80.3982509, 33.6384796], [-80.397853, 33.6396763], [-80.3973282, 33.6414382], [-80.396796, 33.6431732], [-80.396316, 33.6448192], [-80.3956968, 33.6468046], [-80.3952715, 33.6481627], [-80.3946125, 33.650353], [-80.3940256, 33.6521975], [-80.3936986, 33.6538277], [-80.393333, 33.655548], [-80.3929848, 33.6572599], [-80.3925819, 33.6592016], [-80.3922263, 33.6609652], [-80.3918558, 33.6627225], [-80.3914927, 33.664395], [-80.3911793, 33.6660529], [-80.3908386, 33.667715], [-80.390473, 33.6694142], [-80.3901373, 33.6710017], [-80.3898016, 33.6726326], [-80.3894484, 33.6743773], [-80.3890903, 33.6760889], [-80.388767, 33.6776493], [-80.3884512, 33.6792056], [-80.3880781, 33.6810247], [-80.3877349, 33.6826864], [-80.3874067, 33.6842364], [-80.3870237, 33.6860243], [-80.3867452, 33.687446], [-80.3864542, 33.6888034], [-80.3860737, 33.690585], [-80.3857753, 33.69199], [-80.3854818, 33.693486], [-80.3851112, 33.6952945], [-80.3847805, 33.6968277], [-80.3845044, 33.6982036], [-80.3842433, 33.6994926], [-80.3839772, 33.7007423], [-80.3836838, 33.7022092], [-80.3832386, 33.7043546], [-80.3828307, 33.7062683], [-80.3825025, 33.7079813], [-80.3822165, 33.7092267], [-80.3819255, 33.7107204], [-80.3816146, 33.7121788], [-80.3813162, 33.7137448], [-80.380973, 33.7154328], [-80.3806622, 33.7170898], [-80.3802742, 33.7191087], [-80.3800575, 33.7201502], [-80.3796223, 33.7224033], [-80.3792686, 33.7242692], [-80.3790103, 33.7255641], [-80.3787147, 33.7271028], [-80.3783284, 33.7290209], [-80.3780305, 33.7305809], [-80.3776396, 33.7325995], [-80.3772695, 33.7344865], [-80.3770205, 33.7357348], [-80.3767389, 33.737225], [-80.376441, 33.738781], [-80.3761083, 33.740393], [-80.3757918, 33.7420921], [-80.3754869, 33.7436461], [-80.3752146, 33.7451245], [-80.3749633, 33.7463881], [-80.3743698, 33.7481316], [-80.3739626, 33.749341], [-80.3736271, 33.7503631], [-80.3731137, 33.7519147], [-80.3725739, 33.75351], [-80.3720802, 33.7550478], [-80.3715372, 33.7566486], [-80.3709802, 33.7583585], [-80.3704677, 33.7598967], [-80.3699468, 33.7614452], [-80.3694238, 33.7630284], [-80.3689008, 33.7645821], [-80.3683695, 33.766186], [-80.3678549, 33.7677449], [-80.3673319, 33.7693175], [-80.366809, 33.7709196], [-80.3662548, 33.772565], [-80.3657318, 33.7741185], [-80.3652005, 33.7757136], [-80.3646588, 33.7773727], [-80.3641483, 33.7789002], [-80.3636316, 33.7804674], [-80.3630711, 33.7821611], [-80.3625419, 33.7837369], [-80.3620981, 33.7850045], [-80.362344, 33.7863414], [-80.3626273, 33.7879847], [-80.362917, 33.7897111], [-80.3631628, 33.7911604], [-80.3634795, 33.793008], [-80.3637733, 33.7947308], [-80.3640566, 33.7963688], [-80.3643254, 33.7979808], [-80.3646067, 33.7996204], [-80.3648546, 33.8010661], [-80.3651047, 33.8025239], [-80.3653797, 33.8041548], [-80.365688, 33.8059172], [-80.3658797, 33.8070685], [-80.3662131, 33.8089798], [-80.3665089, 33.8106256], [-80.364656, 33.8113816], [-80.3620696, 33.8123759], [-80.3591606, 33.8134939], [-80.3563675, 33.8145821], [-80.3539741, 33.8154938], [-80.3518179, 33.8163254], [-80.3509383, 33.8179496], [-80.3499126, 33.8198372], [-80.3486659, 33.8221081], [-80.3473557, 33.8245083], [-80.346078, 33.8268514], [-80.3448136, 33.8292008], [-80.343595, 33.8313997], [-80.3424717, 33.8334987], [-80.341297, 33.8356388], [-80.3399373, 33.8381368], [-80.3387778, 33.8402546], [-80.3375973, 33.8424358], [-80.3350037, 33.8438201], [-80.3321946, 33.8453027], [-80.3292634, 33.8468644], [-80.3267023, 33.8482217], [-80.3238455, 33.8497311], [-80.3210002, 33.8512453], [-80.3192228, 33.852205], [-80.3192609, 33.8541261], [-80.3192857, 33.8561944], [-80.3193486, 33.8586571], [-80.3193601, 33.8608931], [-80.319423, 33.8637151], [-80.319486, 33.8661094], [-80.3195146, 33.8689882], [-80.319587, 33.8717845], [-80.3196404, 33.8745222], [-80.3196957, 33.8773263], [-80.3197491, 33.8802933], [-80.3198235, 33.8831621], [-80.3197873, 33.8854894], [-80.3206531, 33.8872577], [-80.3217592, 33.889558], [-80.3228104, 33.891798], [-80.3240305, 33.894448], [-80.325005, 33.8965359], [-80.3241007, 33.8974236], [-80.3239761, 33.8976611]]}}, {"type": "Feature", "properties": {"project_id": "DESC_5392A-C", "route_mi": 1.31}, "geometry": {"type": "LineString", "coordinates": [[-79.0371114, 33.5778883], [-79.0368895, 33.5777307], [-79.0372193, 33.5797737], [-79.0376489, 33.5817939], [-79.0379633, 33.5837826], [-79.0399245, 33.5843592], [-79.0412081, 33.5861588], [-79.0424579, 33.587879], [-79.0441828, 33.5888735], [-79.0464897, 33.588837], [-79.0487737, 33.5888063], [-79.0502304, 33.5881915], [-79.0499859, 33.5880725]]}}, {"type": "Feature", "properties": {"project_id": "DESC_6810A", "route_mi": 2.12}, "geometry": {"type": "LineString", "coordinates": [[-82.1594784, 33.6568198], [-82.15946, 33.6568129], [-82.1598789, 33.6568561], [-82.1627546, 33.6571481], [-82.1644911, 33.6573364], [-82.1663301, 33.6575568], [-82.169, 33.657855], [-82.1722276, 33.658231], [-82.1745672, 33.6584929], [-82.1759723, 33.6586589], [-82.1795332, 33.659066], [-82.182038, 33.6593305], [-82.1852905, 33.6599917], [-82.1872625, 33.6597869], [-82.189372, 33.6598733], [-82.1907404, 33.6599424], [-82.1934522, 33.6603676], [-82.1958368, 33.6600134], [-82.1959307, 33.6601273]]}}, {"type": "Feature", "properties": {"project_id": "DESC_6809N", "route_mi": 13.49}, "geometry": {"type": "LineString", "coordinates": [[-81.5644353, 33.9134867], [-81.5640396, 33.9136815], [-81.5659984, 33.9144054], [-81.5670371, 33.915076], [-81.5692811, 33.9161056], [-81.5709646, 33.9168782], [-81.5723888, 33.9175418], [-81.5738281, 33.9181997], [-81.5758584, 33.9191399], [-81.5777118, 33.9199907], [-81.579003, 33.9205872], [-81.5800182, 33.9210677], [-81.5814558, 33.9217299], [-81.5827016, 33.9223096], [-81.5841308, 33.9229661], [-81.5855735, 33.9236464], [-81.5870179, 33.9242988], [-81.5891155, 33.925278], [-81.5905465, 33.9259303], [-81.5919774, 33.9265868], [-81.5934319, 33.9272727], [-81.5945598, 33.9278077], [-81.5958662, 33.9283874], [-81.597292, 33.929055], [-81.5984671, 33.9295928], [-81.5997499, 33.9301837], [-81.6011926, 33.9308485], [-81.6024602, 33.9314394], [-81.6038205, 33.9320358], [-81.6058558, 33.9329506], [-81.6078372, 33.9343614], [-81.6091116, 33.9352259], [-81.6101469, 33.9359382], [-81.6114162, 33.9368056], [-81.6128337, 33.9377623], [-81.6142074, 33.9387316], [-81.6155811, 33.9396729], [-81.6166315, 33.9403824], [-81.6184362, 33.9416058], [-81.6193436, 33.9422203], [-81.6204799, 33.9430024], [-81.6224782, 33.9443613], [-81.6238535, 33.9453095], [-81.6257609, 33.946586], [-81.6276666, 33.9478722], [-81.6285015, 33.9484447], [-81.6302288, 33.9496136], [-81.6314358, 33.9504389], [-81.6326176, 33.9512209], [-81.6338886, 33.9520993], [-81.6351983, 33.9529804], [-81.6364323, 33.9538266], [-81.6372302, 33.9543838], [-81.6385315, 33.9552649], [-81.6403194, 33.9564811], [-81.6415618, 33.9573427], [-81.642821, 33.9581875], [-81.6438933, 33.9589038], [-81.6448647, 33.9595768], [-81.646836, 33.9609117], [-81.6479791, 33.961674], [-81.6489521, 33.9623429], [-81.6502332, 33.9632169], [-81.6513796, 33.9639946], [-81.6526069, 33.9648352], [-81.6544418, 33.9660736], [-81.6555462, 33.9668233], [-81.6568256, 33.9676876], [-81.6579805, 33.9684639], [-81.6590562, 33.9692164], [-81.6602935, 33.9700694], [-81.661477, 33.9708806], [-81.6628944, 33.9718146], [-81.6637968, 33.9727583], [-81.6646301, 33.9735764], [-81.6655762, 33.9745314], [-81.6665172, 33.975496], [-81.6674532, 33.9764495], [-81.6685155, 33.9775175], [-81.6694565, 33.9784626], [-81.6703168, 33.9793253], [-81.6713336, 33.9803583], [-81.6723992, 33.9814248], [-81.6733184, 33.9823559], [-81.6748217, 33.9838579], [-81.675655, 33.9846871], [-81.6772745, 33.9863217], [-81.6781734, 33.9872178], [-81.6791212, 33.9881656], [-81.6800067, 33.9890701], [-81.6816515, 33.989225], [-81.6831986, 33.9893702], [-81.6848147, 33.9895265], [-81.6863197, 33.9896815], [-81.6879341, 33.9898462], [-81.6901344, 33.9900542], [-81.69137, 33.9901742], [-81.6929238, 33.9903333], [-81.6944827, 33.9904883], [-81.6959557, 33.990639], [-81.6975921, 33.9907842], [-81.698954, 33.9909168], [-81.7014068, 33.9911652], [-81.7029437, 33.991316], [-81.7045178, 33.9914765], [-81.7062349, 33.9916412], [-81.7072197, 33.9917291], [-81.7088426, 33.9918715], [-81.7103678, 33.9920236], [-81.711696, 33.9921604], [-81.7130091, 33.9922888], [-81.7146538, 33.9924493], [-81.7162986, 33.9926084], [-81.7176436, 33.992748], [-81.7201032, 33.9929937], [-81.7217428, 33.9931528], [-81.7230122, 33.993277], [-81.72447, 33.9934166], [-81.7260491, 33.9935771], [-81.7274531, 33.9937181], [-81.7290911, 33.9938744], [-81.7304143, 33.9940042], [-81.7317156, 33.9941396], [-81.7333048, 33.9942931], [-81.734867, 33.9944494], [-81.7363013, 33.9945834], [-81.7388871, 33.9948361], [-81.7400335, 33.9949477], [-81.7416682, 33.9951124], [-81.7429981, 33.9952408], [-81.7445822, 33.9953985], [-81.7462236, 33.9955563], [-81.7486949, 33.9957935], [-81.7501746, 33.9959331], [-81.7524416, 33.9961618], [-81.7546957, 33.9963782], [-81.7557883, 33.9964842], [-81.7580004, 33.9966978], [-81.7590963, 33.9968011], [-81.7614632, 33.9970411], [-81.7638083, 33.997263], [-81.7662038, 33.9974822], [-81.766219, 33.9973145]]}}, {"type": "Feature", "properties": {"project_id": "DESC_6852", "route_mi": 16.93}, "geometry": {"type": "LineString", "coordinates": [[-81.9110807, 33.4328703], [-81.9113789, 33.4329391], [-81.9094907, 33.4322875], [-81.9071921, 33.4314951], [-81.9052326, 33.4307675], [-81.9027397, 33.4300298], [-81.900787, 33.4294458], [-81.8988531, 33.428885], [-81.8976956, 33.4300725], [-81.8965442, 33.4310497], [-81.8952819, 33.43218], [-81.8934814, 33.433745], [-81.8926366, 33.4346168], [-81.891504, 33.435801], [-81.890156, 33.4360289], [-81.8886458, 33.4362038], [-81.8870286, 33.4363915], [-81.8850222, 33.4372915], [-81.8827958, 33.4381345], [-81.880734, 33.4389283], [-81.8786435, 33.4396518], [-81.8764816, 33.4406411], [-81.8748151, 33.4413995], [-81.8735169, 33.4412607], [-81.8715227, 33.4410403], [-81.8698946, 33.4408657], [-81.8679178, 33.440652], [-81.8659611, 33.4404382], [-81.864211, 33.4402502], [-81.8627827, 33.4400946], [-81.8609012, 33.4398954], [-81.8593938, 33.4397298], [-81.8579722, 33.4395821], [-81.8564165, 33.4394098], [-81.8546409, 33.439224], [-81.8528572, 33.4390337], [-81.8510521, 33.4388368], [-81.8495554, 33.4386711], [-81.8478093, 33.4384742], [-81.8460203, 33.4382817], [-81.8443922, 33.4381071], [-81.8424503, 33.4378945], [-81.8406586, 33.4377065], [-81.8390278, 33.4375296], [-81.8369841, 33.4375117], [-81.8343943, 33.437363], [-81.8315701, 33.4370623], [-81.8288444, 33.4367616], [-81.8259278, 33.436448], [-81.8224045, 33.4360651], [-81.8205129, 33.4358594], [-81.8182935, 33.435771], [-81.8156544, 33.4354856], [-81.8128382, 33.4351687], [-81.810237, 33.4348973], [-81.8089461, 33.4354276], [-81.8073481, 33.4354724], [-81.8059739, 33.4365047], [-81.8045714, 33.4375878], [-81.8024089, 33.4391434], [-81.8011565, 33.4400752], [-81.7999423, 33.4409853], [-81.7966544, 33.4434351], [-81.7933885, 33.4458763], [-81.7919163, 33.4468848], [-81.7907251, 33.4478079], [-81.7895099, 33.4487219], [-81.7883295, 33.4495868], [-81.7863673, 33.4510278], [-81.7842549, 33.4526086], [-81.7831964, 33.4533936], [-81.7819163, 33.4542395], [-81.7797129, 33.4559638], [-81.7787175, 33.4566622], [-81.7773486, 33.4577121], [-81.7759076, 33.4587612], [-81.7740275, 33.4601638], [-81.7725688, 33.4612626], [-81.7706676, 33.462707], [-81.7678757, 33.464324], [-81.7662053, 33.4653377], [-81.7648395, 33.4661269], [-81.763774, 33.4667624], [-81.7610091, 33.4684316], [-81.7581998, 33.470092], [-81.7571261, 33.4706988], [-81.7561243, 33.4715799], [-81.7548416, 33.4726644], [-81.75345, 33.4738997], [-81.7516864, 33.4753452], [-81.7504706, 33.4763719], [-81.7489529, 33.477718], [-81.7471497, 33.4792039], [-81.7457581, 33.4803719], [-81.7434, 33.4823765], [-81.7414084, 33.4840663], [-81.7397488, 33.4853655], [-81.7380591, 33.4864428], [-81.7364735, 33.487442], [-81.7335045, 33.4893308], [-81.7321293, 33.4902049], [-81.7310147, 33.4909069], [-81.7284957, 33.4925628], [-81.7266913, 33.4936818], [-81.7247724, 33.4949033], [-81.7224722, 33.4963228], [-81.7214492, 33.4970004], [-81.7197115, 33.4981194], [-81.7169842, 33.4998429], [-81.7158112, 33.50059], [-81.713636, 33.5019764], [-81.7107065, 33.5038198], [-81.7098919, 33.5043375], [-81.7086209, 33.5051506], [-81.7065439, 33.5064716], [-81.7043776, 33.5078378], [-81.7022932, 33.5089341], [-81.7011678, 33.5096253], [-81.700117, 33.5102911], [-81.698207, 33.5115177], [-81.6962171, 33.5127259], [-81.693474, 33.5140784], [-81.6925802, 33.5150031], [-81.6915426, 33.5159667], [-81.6901669, 33.517333], [-81.688602, 33.5188326], [-81.6867593, 33.5206432], [-81.6858789, 33.5214995], [-81.6841508, 33.5231543], [-81.6826998, 33.5246222], [-81.6810001, 33.5262854], [-81.6795247, 33.5277107], [-81.6782119, 33.5289953], [-81.6765794, 33.530082], [-81.6751362, 33.5310391], [-81.6733063, 33.5322554], [-81.6721442, 33.533038], [-81.6706852, 33.5340211], [-81.6691254, 33.5342694], [-81.6693272, 33.5346321]]}}, {"type": "Feature", "properties": {"project_id": "DESC_6847A-B,D-H", "route_mi": 3.94}, "geometry": {"type": "LineString", "coordinates": [[-80.0702792, 32.8303196], [-80.0703133, 32.8303316], [-80.070217, 32.8303841], [-80.067836, 32.8309542], [-80.0666581, 32.830976], [-80.0643226, 32.8310318], [-80.0629869, 32.8310588], [-80.0617369, 32.8311219], [-80.0600579, 32.8316989], [-80.0595017, 32.8324309], [-80.0582554, 32.834187], [-80.0570323, 32.835999], [-80.0561419, 32.8373016], [-80.0552835, 32.8385817], [-80.0544521, 32.8398482], [-80.0539639, 32.8405558], [-80.0529715, 32.8419575], [-80.0521507, 32.8432645], [-80.0507667, 32.8449771], [-80.0498065, 32.8461489], [-80.0475695, 32.8472576], [-80.0461479, 32.8479922], [-80.0447961, 32.8487628], [-80.0425913, 32.849894], [-80.0405958, 32.8508539], [-80.0393405, 32.8507728], [-80.0379565, 32.8506691], [-80.0365564, 32.8505925], [-80.0353118, 32.8504843], [-80.0327423, 32.8503086], [-80.0311973, 32.8502004], [-80.0298348, 32.8500968], [-80.02844, 32.8500066], [-80.026997, 32.849903], [-80.0251623, 32.8497813], [-80.0238427, 32.8496732], [-80.0221744, 32.8495425], [-80.0191114, 32.8492986], [-80.0171342, 32.8491836], [-80.0154979, 32.8498521], [-80.015074, 32.8507267], [-80.0146241, 32.8500798]]}}, {"type": "Feature", "properties": {"project_id": "DESC_6846A", "route_mi": 1.29}, "geometry": {"type": "LineString", "coordinates": [[-80.3148096, 33.8800511], [-80.3109165, 33.8825331], [-80.3125094, 33.8843664], [-80.3142561, 33.8863773], [-80.3156877, 33.8880489], [-80.3169195, 33.889476], [-80.3179118, 33.8906256], [-80.3193761, 33.8923246], [-80.3209037, 33.8940381], [-80.322736, 33.8962222], [-80.3239979, 33.8976376], [-80.3239761, 33.8976611]]}}, {"type": "Feature", "properties": {"project_id": "DESC_6810U", "route_mi": 9.4}, "geometry": {"type": "LineString", "coordinates": [[-80.7089959, 33.5636663], [-80.7087659, 33.5637968], [-80.7086034, 33.563091], [-80.7082172, 33.5613724], [-80.7080705, 33.5607078], [-80.7077166, 33.5590773], [-80.7073431, 33.5574691], [-80.7060533, 33.5556208], [-80.7049981, 33.5545129], [-80.7042608, 33.5537386], [-80.703042, 33.5524625], [-80.7019183, 33.5511496], [-80.7013377, 33.5504613], [-80.7001481, 33.5490753], [-80.6990199, 33.547716], [-80.6984558, 33.5470363], [-80.6973547, 33.5456928], [-80.6962102, 33.5443296], [-80.6950868, 33.5429854], [-80.6945137, 33.5422966], [-80.693419, 33.5409808], [-80.6922874, 33.5396206], [-80.6911651, 33.5382716], [-80.6896872, 33.5364951], [-80.6886664, 33.5352681], [-80.6873288, 33.5336601], [-80.6862671, 33.5323845], [-80.6857394, 33.5317507], [-80.6845662, 33.5303416], [-80.6834302, 33.5289772], [-80.6828777, 33.5283136], [-80.6817381, 33.5269447], [-80.6805953, 33.5255721], [-80.6794466, 33.5241923], [-80.6783066, 33.522823], [-80.6771877, 33.5214763], [-80.6760613, 33.5201182], [-80.6749203, 33.5187445], [-80.674434, 33.5181599], [-80.6723609, 33.5171031], [-80.6705778, 33.5165621], [-80.6694289, 33.5162136], [-80.667263, 33.5160454], [-80.6659698, 33.5162368], [-80.6646749, 33.516423], [-80.6633728, 33.5166103], [-80.6608765, 33.5169693], [-80.6593311, 33.5171915], [-80.6578239, 33.5174083], [-80.6565176, 33.5175961], [-80.6552114, 33.517784], [-80.6539477, 33.5179657], [-80.6516001, 33.5183033], [-80.6504534, 33.5184682], [-80.6480213, 33.5188272], [-80.6455078, 33.5191982], [-80.6434883, 33.5194915], [-80.6409772, 33.5198652], [-80.6395902, 33.5200519], [-80.6372464, 33.5204355], [-80.6361571, 33.5206371], [-80.6339119, 33.5210527], [-80.6316214, 33.5214758], [-80.6291218, 33.5219367], [-80.6268024, 33.5223643], [-80.6245182, 33.5227854], [-80.622409, 33.5231742], [-80.6206222, 33.5235036], [-80.6197076, 33.5236722], [-80.6175269, 33.5240736], [-80.616626, 33.5242393], [-80.6148419, 33.5243659], [-80.613106, 33.5246765], [-80.6113639, 33.5252041], [-80.6102173, 33.5254179], [-80.608801, 33.525682], [-80.6066409, 33.5260825], [-80.6045304, 33.5264723], [-80.6022705, 33.5268896], [-80.6011493, 33.5270966], [-80.5988315, 33.5275247], [-80.596566, 33.5279351], [-80.5952731, 33.5281645], [-80.5929862, 33.5285884], [-80.5912526, 33.5291935], [-80.5900241, 33.5296702], [-80.5882212, 33.5303647], [-80.5864231, 33.5310475], [-80.5846144, 33.531757], [-80.5828997, 33.5324228], [-80.5803485, 33.5327301], [-80.5797485, 33.5324259], [-80.5797245, 33.5323844]]}}, {"type": "Feature", "properties": {"project_id": "DESC_6810O", "route_mi": 4.61}, "geometry": {"type": "LineString", "coordinates": [[-81.9110807, 33.4328703], [-81.9104585, 33.4329259], [-81.9082028, 33.4319733], [-81.9057714, 33.4313435], [-81.9046895, 33.4309325], [-81.9021553, 33.4306707], [-81.9008764, 33.4323322], [-81.8995353, 33.434066], [-81.898569, 33.4353266], [-81.8978928, 33.4361942], [-81.8963182, 33.4368088], [-81.8940825, 33.4374957], [-81.8939939, 33.4386415], [-81.8927753, 33.439913], [-81.8911093, 33.4409831], [-81.8913201, 33.4420724], [-81.8915374, 33.4437516], [-81.8917289, 33.4458427], [-81.8918795, 33.4474866], [-81.8920302, 33.4490943], [-81.8921997, 33.4509315], [-81.8923278, 33.4519891], [-81.8926254, 33.4540887], [-81.8930285, 33.4552421], [-81.8938526, 33.4568019], [-81.8949326, 33.4587629], [-81.8958626, 33.4604271], [-81.8968905, 33.4622831], [-81.8975158, 33.4634019], [-81.8983973, 33.4649983], [-81.8993297, 33.4666937], [-81.9000398, 33.4679727], [-81.9007988, 33.4693255], [-81.9018969, 33.471288], [-81.9025204, 33.4724066], [-81.9032575, 33.4737011], [-81.9045892, 33.4755174], [-81.9067006, 33.4761191], [-81.9077629, 33.4756697], [-81.908797, 33.4744946], [-81.9111589, 33.474273], [-81.9127543, 33.4732094], [-81.912753, 33.4731947]]}}, {"type": "Feature", "properties": {"project_id": "DESC_6810T", "route_mi": 0.65}, "geometry": {"type": "LineString", "coordinates": [[-80.7089959, 33.5636663], [-80.7087659, 33.5637968], [-80.7091616, 33.5657483], [-80.7096109, 33.5677719], [-80.7100633, 33.5698095], [-80.710303, 33.570889], [-80.7105427, 33.5719685], [-80.7111093, 33.573015], [-80.711366, 33.5729369]]}}, {"type": "Feature", "properties": {"project_id": "GPC_21111", "route_mi": 1.05}, "geometry": {"type": "LineString", "coordinates": [[-82.8206727, 34.3552126], [-82.8206827, 34.3552459], [-82.8208556, 34.3544986], [-82.8212858, 34.352696], [-82.821093, 34.3502857], [-82.8211164, 34.3484411], [-82.8211352, 34.3454948], [-82.8229525, 34.3427358], [-82.8212303, 34.3412947], [-82.8210004, 34.3411493], [-82.821173, 34.3411567]]}}, {"type": "Feature", "properties": {"project_id": "GPC_18492", "route_mi": 35.3}, "geometry": {"type": "LineString", "coordinates": [[-84.1338426, 31.4471208], [-84.133557, 31.4471101], [-84.1323619, 31.4453424], [-84.1323425, 31.4439636], [-84.1299804, 31.4439562], [-84.127431, 31.4435866], [-84.1258116, 31.4433516], [-84.1211305, 31.4433979], [-84.1166507, 31.4434434], [-84.1141814, 31.4434269], [-84.1095883, 31.444208], [-84.104764, 31.4449821], [-84.1000056, 31.4457393], [-84.0952088, 31.4465184], [-84.0906101, 31.4472567], [-84.0856979, 31.448055], [-84.0811074, 31.4488167], [-84.0766487, 31.4488593], [-84.0724873, 31.4489047], [-84.0681517, 31.4489672], [-84.0637352, 31.4491057], [-84.0588721, 31.4490895], [-84.0541561, 31.4491424], [-84.0493603, 31.4491953], [-84.0442152, 31.4492636], [-84.0398753, 31.449309], [-84.0352481, 31.4493709], [-84.0306404, 31.4494311], [-84.0258025, 31.4494845], [-84.0202024, 31.4495554], [-84.0156466, 31.4496158], [-84.0121387, 31.4496524], [-84.0074237, 31.4496994], [-84.0024976, 31.4497647], [-83.9972716, 31.4497438], [-83.9955368, 31.4497177], [-83.9930248, 31.4497281], [-83.9891242, 31.449714], [-83.9839576, 31.4496328], [-83.9799075, 31.4496328], [-83.9751131, 31.4495922], [-83.9705671, 31.4495285], [-83.9656509, 31.4499463], [-83.9610438, 31.4499056], [-83.9563226, 31.4498639], [-83.9513096, 31.4498363], [-83.9481335, 31.4497495], [-83.9458813, 31.4497512], [-83.9419218, 31.4487783], [-83.9380146, 31.4478099], [-83.9346917, 31.4477707], [-83.9311272, 31.4477029], [-83.9276524, 31.4476225], [-83.9240286, 31.447562], [-83.9192818, 31.4474845], [-83.9149721, 31.4473922], [-83.9098401, 31.4473036], [-83.9057424, 31.4472261], [-83.9009437, 31.4471338], [-83.8956906, 31.4470452], [-83.8911255, 31.4469713], [-83.8858508, 31.4468495], [-83.8805978, 31.4467314], [-83.8771274, 31.4466391], [-83.8728696, 31.4465284], [-83.8678242, 31.4463696], [-83.8627789, 31.4461814], [-83.858374, 31.4460159], [-83.8530134, 31.445794], [-83.8484773, 31.4456857], [-83.8444525, 31.4455854], [-83.8407852, 31.4454887], [-83.8362629, 31.4453712], [-83.831551, 31.4452642], [-83.8256396, 31.4451102], [-83.8207166, 31.4449718], [-83.8166625, 31.44487], [-83.8124309, 31.4447656], [-83.8068775, 31.4446246], [-83.8015689, 31.4444941], [-83.7966892, 31.4443608], [-83.7921608, 31.4442459], [-83.7863565, 31.4440893], [-83.7813753, 31.4438048], [-83.7767797, 31.4435359], [-83.7729617, 31.4433166], [-83.7676186, 31.4429973], [-83.7634906, 31.4427536], [-83.7582678, 31.4424878], [-83.7537028, 31.4422626], [-83.7491896, 31.4421408], [-83.7444861, 31.4420153], [-83.739709, 31.4417163], [-83.7358709, 31.4414948], [-83.7319424, 31.4412353], [-83.7267069, 31.4409048], [-83.7226134, 31.4406491], [-83.7184957, 31.4403934], [-83.7147473, 31.4402537], [-83.7107294, 31.440098], [-83.7064792, 31.4399382], [-83.7024085, 31.4397941], [-83.6973794, 31.4394985], [-83.6930182, 31.4392436], [-83.6890166, 31.4390124], [-83.6840324, 31.4387219], [-83.6785865, 31.4383803], [-83.6747419, 31.4393029], [-83.6693892, 31.4405421], [-83.6649519, 31.4415712], [-83.6611229, 31.4423119], [-83.6569637, 31.4431569], [-83.6533894, 31.4438821], [-83.6489573, 31.4447803], [-83.6447903, 31.4456119], [-83.6403374, 31.4465234], [-83.6370049, 31.4471909], [-83.6325049, 31.4480483], [-83.6279317, 31.4489161], [-83.6236867, 31.4497262], [-83.6196218, 31.4505083], [-83.6150228, 31.451377], [-83.6119936, 31.4520136], [-83.6073101, 31.4529827], [-83.603196, 31.4538326], [-83.5995359, 31.4545868], [-83.5958977, 31.4553213], [-83.5924977, 31.4573728], [-83.5891693, 31.4593792], [-83.5864283, 31.4610359], [-83.5837215, 31.4626538], [-83.5793434, 31.4653027], [-83.5754054, 31.4676947], [-83.571692, 31.4699442], [-83.5673998, 31.4725983], [-83.5638242, 31.474804], [-83.5591929, 31.4749895], [-83.5540818, 31.4752238], [-83.5534169, 31.4749456], [-83.5514877, 31.4763412], [-83.5491432, 31.4768487], [-83.5491296, 31.4780887]]}}, {"type": "Feature", "properties": {"project_id": "GPC_19187", "route_mi": 167.77}, "geometry": {"type": "LineString", "coordinates": [[-85.1427159, 33.7091924], [-85.1427179, 33.7087322], [-85.1422633, 33.7086398], [-85.1400036, 33.7080463], [-85.1377467, 33.7077554], [-85.1361523, 33.7078368], [-85.1346644, 33.7079087], [-85.1322671, 33.7080379], [-85.1301489, 33.7081433], [-85.1277487, 33.7082678], [-85.125691, 33.7083683], [-85.1233051, 33.7084904], [-85.1212733, 33.7086197], [-85.1194559, 33.7087082], [-85.1178464, 33.708779], [-85.1157675, 33.708889], [-85.1139249, 33.7089886], [-85.1114807, 33.7091039], [-85.109594, 33.7092034], [-85.106753, 33.7093449], [-85.1051025, 33.7094288], [-85.1023654, 33.7095729], [-85.1006771, 33.7096672], [-85.0980156, 33.7098087], [-85.0961761, 33.7099004], [-85.0939177, 33.7100157], [-85.0926232, 33.7100838], [-85.0899428, 33.7102279], [-85.0878293, 33.7103379], [-85.0858072, 33.7104427], [-85.0842953, 33.7105161], [-85.0820243, 33.710634], [-85.0804431, 33.7107179], [-85.0788777, 33.7108043], [-85.0770849, 33.7108847], [-85.0742699, 33.7110339], [-85.0724291, 33.7108874], [-85.0706726, 33.7107441], [-85.0683512, 33.7105671], [-85.0665749, 33.7104248], [-85.0648826, 33.7102812], [-85.0629314, 33.7101232], [-85.0608305, 33.7099747], [-85.0587008, 33.7098024], [-85.0568291, 33.709708], [-85.0551856, 33.7096032], [-85.0535082, 33.709502], [-85.0516633, 33.7093938], [-85.0499377, 33.7092888], [-85.0469374, 33.7091129], [-85.0444797, 33.708948], [-85.0422142, 33.7088082], [-85.0400161, 33.7086717], [-85.0377119, 33.7085414], [-85.0354571, 33.708406], [-85.0339442, 33.7083107], [-85.0309202, 33.7081285], [-85.028439, 33.7079768], [-85.026217, 33.7078352], [-85.0246066, 33.7077238], [-85.0223968, 33.7075898], [-85.0201707, 33.7074543], [-85.018278, 33.7073405], [-85.0163545, 33.7072306], [-85.0140811, 33.7070759], [-85.0122134, 33.7069771], [-85.0100674, 33.7068557], [-85.0080296, 33.7067199], [-85.0065916, 33.7066264], [-85.0040007, 33.7064897], [-85.0010563, 33.7062937], [-84.9968009, 33.7060273], [-84.9945081, 33.7058904], [-84.9924753, 33.7057705], [-84.9896336, 33.7055851], [-84.988231, 33.7054914], [-84.9866239, 33.7053984], [-84.9848911, 33.705337], [-84.9811628, 33.7052048], [-84.9770534, 33.7050592], [-84.9750104, 33.7049868], [-84.9728799, 33.7049054], [-84.9711921, 33.704844], [-84.9687372, 33.7047531], [-84.9667184, 33.7046777], [-84.965802, 33.7046305], [-84.963437, 33.7047011], [-84.9615355, 33.70475], [-84.9596853, 33.704803], [-84.9573945, 33.7048587], [-84.955082, 33.7049194], [-84.953282, 33.704968], [-84.9508346, 33.7050643], [-84.948573, 33.7050734], [-84.9463123, 33.7051223], [-84.9440355, 33.7051868], [-84.9417374, 33.7052535], [-84.9397866, 33.7052979], [-84.9376943, 33.7053491], [-84.9354335, 33.7054224], [-84.9338355, 33.7054558], [-84.9317458, 33.7055091], [-84.9297871, 33.7055558], [-84.9278524, 33.7055958], [-84.9259898, 33.7056425], [-84.9239482, 33.7057003], [-84.9218345, 33.7057492], [-84.9192664, 33.7058137], [-84.916971, 33.705867], [-84.914435, 33.7059293], [-84.9125992, 33.7059737], [-84.9109798, 33.7060004], [-84.9093402, 33.7059083], [-84.9079414, 33.7058303], [-84.906265, 33.7057344], [-84.9039758, 33.7055994], [-84.90191, 33.7054854], [-84.8997433, 33.7053505], [-84.8976199, 33.7052275], [-84.8953198, 33.7050926], [-84.8929945, 33.7049546], [-84.8906908, 33.7048046], [-84.8887981, 33.7047117], [-84.8864836, 33.7045677], [-84.8847748, 33.7044807], [-84.8824891, 33.7043638], [-84.880409, 33.7042348], [-84.8780765, 33.7041028], [-84.8758269, 33.7039499], [-84.8735603, 33.7038256], [-84.8717129, 33.7037222], [-84.869421, 33.7035784], [-84.8671549, 33.7034606], [-84.8648434, 33.703325], [-84.86289, 33.7032049], [-84.8613214, 33.7031338], [-84.859555, 33.7030049], [-84.8578501, 33.7028826], [-84.8563884, 33.7027759], [-84.8541063, 33.702598], [-84.8517841, 33.7024424], [-84.849502, 33.7022712], [-84.8476074, 33.7021356], [-84.8456887, 33.7019978], [-84.8434066, 33.7018377], [-84.840411, 33.7016243], [-84.8388287, 33.7015006], [-84.8370971, 33.7013916], [-84.8350314, 33.7012405], [-84.8329551, 33.7010826], [-84.8307184, 33.7009226], [-84.8284684, 33.7007536], [-84.8262103, 33.7005913], [-84.8238908, 33.7004179], [-84.8215873, 33.7002601], [-84.8196874, 33.7001178], [-84.8173465, 33.6999621], [-84.8153263, 33.6998065], [-84.8135946, 33.6996931], [-84.8115424, 33.6995442], [-84.809287, 33.6993752], [-84.8070263, 33.6993285], [-84.8049399, 33.6994603], [-84.8028463, 33.6994871], [-84.8005848, 33.6995388], [-84.7982772, 33.6995713], [-84.7959535, 33.6996096], [-84.7938783, 33.6996498], [-84.7919664, 33.6996843], [-84.7897417, 33.6997245], [-84.7878505, 33.6997532], [-84.7855407, 33.6997972], [-84.7836978, 33.6998163], [-84.7815904, 33.6997646], [-84.7792805, 33.69969], [-84.7769868, 33.6996154], [-84.7747551, 33.6995388], [-84.7724245, 33.6994507], [-84.7704253, 33.6993742], [-84.7688263, 33.6993263], [-84.7667097, 33.6992612], [-84.7649704, 33.6992019], [-84.762741, 33.6991234], [-84.7614826, 33.6990813], [-84.758915, 33.698999], [-84.7571113, 33.6989435], [-84.7554042, 33.6988842], [-84.7537435, 33.6988122], [-84.7516608, 33.6987606], [-84.7495968, 33.6987167], [-84.7483583, 33.6986935], [-84.7457511, 33.6986444], [-84.7439074, 33.6985876], [-84.742191, 33.6985153], [-84.7399688, 33.6984644], [-84.7377334, 33.6984037], [-84.7354924, 33.6983856], [-84.7331304, 33.6982772], [-84.730815, 33.6982126], [-84.7284498, 33.6981636], [-84.7264479, 33.6981119], [-84.724539, 33.6980422], [-84.7226519, 33.6980009], [-84.7203364, 33.6979337], [-84.7182103, 33.6978743], [-84.7163206, 33.6978299], [-84.7148078, 33.6977897], [-84.7124523, 33.6977261], [-84.711277, 33.6976958], [-84.7094321, 33.6974143], [-84.7072671, 33.6970964], [-84.7050803, 33.6967786], [-84.7032573, 33.6965091], [-84.7010231, 33.6961701], [-84.6985233, 33.6958068], [-84.6960381, 33.6954314], [-84.6938039, 33.6951074], [-84.6916025, 33.6947684], [-84.6893465, 33.6944505], [-84.6870869, 33.6941023], [-84.6853767, 33.6938571], [-84.6833427, 33.6935513], [-84.68013, 33.6930717], [-84.6779746, 33.6925404], [-84.6751958, 33.6919029], [-84.6718123, 33.6910694], [-84.6697465, 33.6905679], [-84.6669324, 33.6910936], [-84.6656147, 33.6909483], [-84.6626635, 33.6906959], [-84.6594255, 33.6903708], [-84.6579748, 33.6902566], [-84.6550943, 33.6900145], [-84.652143, 33.6897275], [-84.6477702, 33.6893505], [-84.6439586, 33.6890116], [-84.6408203, 33.6887314], [-84.6377444, 33.6884305], [-84.634602, 33.6881469], [-84.6313596, 33.6878545], [-84.6266668, 33.6874021], [-84.6241517, 33.687191], [-84.6204571, 33.6868508], [-84.6186948, 33.6868113], [-84.6177161, 33.6867069], [-84.6151899, 33.6863959], [-84.6105403, 33.6859674], [-84.6070948, 33.6856445], [-84.6027973, 33.6852653], [-84.5991959, 33.6849272], [-84.5948093, 33.6845293], [-84.5921191, 33.6842859], [-84.5889775, 33.6842731], [-84.5860718, 33.6842838], [-84.5839791, 33.6842944], [-84.5799359, 33.6842623], [-84.5765089, 33.6842328], [-84.5733487, 33.6842311], [-84.5688687, 33.6842035], [-84.5675805, 33.6841888], [-84.5638804, 33.684179], [-84.5619821, 33.684169], [-84.5590229, 33.6834936], [-84.5561381, 33.682836], [-84.551057, 33.681609], [-84.5500885, 33.6814647], [-84.5476395, 33.6809014], [-84.5431635, 33.6798781], [-84.5392792, 33.6789933], [-84.5351407, 33.6780565], [-84.5317297, 33.6772727], [-84.5279057, 33.6764026], [-84.5246169, 33.6756594], [-84.520924, 33.6754058], [-84.5176494, 33.6751757], [-84.5130953, 33.6748601], [-84.5092678, 33.6744207], [-84.506073, 33.6740508], [-84.5036373, 33.6737915], [-84.5018364, 33.673934], [-84.4995549, 33.6739694], [-84.4965226, 33.6741175], [-84.494606, 33.6742118], [-84.4927486, 33.6743031], [-84.4897915, 33.6744428], [-84.484554, 33.6746973], [-84.4798302, 33.6749308], [-84.4758933, 33.6751143], [-84.4713248, 33.6753406], [-84.4703586, 33.6755109], [-84.4679912, 33.6756451], [-84.4668908, 33.675738], [-84.4647265, 33.6758703], [-84.4635612, 33.6765815], [-84.4620495, 33.6774836], [-84.4604453, 33.6792462], [-84.4591617, 33.6805847], [-84.4583293, 33.6816871], [-84.4572261, 33.6831132], [-84.4564534, 33.6841033], [-84.4557029, 33.6850721], [-84.4548239, 33.6861991], [-84.4535773, 33.687786], [-84.4527497, 33.6887868], [-84.4525547, 33.6902091], [-84.4525751, 33.6922679], [-84.4525754, 33.6936408], [-84.4525397, 33.6952939], [-84.4525003, 33.6970642], [-84.4524518, 33.6984587], [-84.4524033, 33.7002869], [-84.4524184, 33.7016788], [-84.4524184, 33.7030809], [-84.4524093, 33.7046291], [-84.4524124, 33.7067194], [-84.4523639, 33.7089912], [-84.4529004, 33.7103503], [-84.4537581, 33.7114496], [-84.4546159, 33.712032], [-84.4565831, 33.7134238], [-84.4588169, 33.7150247], [-84.4602688, 33.7160584], [-84.4622511, 33.7174728], [-84.464397, 33.7190057], [-84.4649305, 33.7212444], [-84.4651548, 33.7221898], [-84.4655172, 33.7236847], [-84.4659352, 33.7255088], [-84.466388, 33.7273144], [-84.4664227, 33.7288916], [-84.4664043, 33.7299949], [-84.4663735, 33.7315145], [-84.4663551, 33.733149], [-84.4663183, 33.7358969], [-84.4662753, 33.7384532], [-84.4662421, 33.7407298], [-84.4662144, 33.7422556], [-84.4661754, 33.7448991], [-84.4660864, 33.7462142], [-84.4659021, 33.7474721], [-84.4659113, 33.7500485], [-84.4658683, 33.7523516], [-84.4656949, 33.7539523], [-84.4647394, 33.7553786], [-84.4628655, 33.7565737], [-84.4613845, 33.757545], [-84.4599671, 33.7584753], [-84.457928, 33.7598055], [-84.455869, 33.761156], [-84.4542721, 33.7622104], [-84.4519167, 33.7637575], [-84.4508511, 33.764452], [-84.4490393, 33.765634], [-84.4476977, 33.7664936], [-84.445874, 33.7677143], [-84.4442577, 33.7687751], [-84.4419177, 33.7703144], [-84.4418864, 33.7712594], [-84.4419046, 33.7724861], [-84.4420296, 33.773649], [-84.4420581, 33.7747523], [-84.4420192, 33.7760426], [-84.4401691, 33.7779869], [-84.4380177, 33.7778617], [-84.4360589, 33.7778016], [-84.4338885, 33.7777593], [-84.4326223, 33.7785304], [-84.432265, 33.7796152], [-84.4317754, 33.7812308], [-84.4321046, 33.7819434], [-84.4329035, 33.7835474], [-84.4319689, 33.7857129], [-84.4309281, 33.7876236], [-84.4299344, 33.789274], [-84.4289023, 33.7905035], [-84.4278807, 33.791273], [-84.4268643, 33.7920714], [-84.424875, 33.792702], [-84.4224715, 33.7927656], [-84.4212933, 33.7927902], [-84.4192692, 33.7920786], [-84.4192117, 33.7904717], [-84.4182893, 33.7891236], [-84.4160616, 33.7881574], [-84.4135676, 33.7878464], [-84.4126469, 33.7878536], [-84.4105669, 33.7873192], [-84.4083826, 33.7863221], [-84.4076099, 33.7863337], [-84.4050497, 33.7863496], [-84.4032026, 33.7863176], [-84.4011382, 33.7862766], [-84.3988722, 33.786258], [-84.3968053, 33.7861413], [-84.3947168, 33.7863583], [-84.3929816, 33.7864581], [-84.3920784, 33.7864523], [-84.3896061, 33.7865507], [-84.3862321, 33.7865753], [-84.3836243, 33.7865131], [-84.3815057, 33.7864248], [-84.380222, 33.7864197], [-84.3780277, 33.7873838], [-84.3766633, 33.7888855], [-84.3752468, 33.7902233], [-84.3739856, 33.7918006], [-84.3719733, 33.7931494], [-84.3704546, 33.7926822], [-84.3686037, 33.7914702], [-84.3676849, 33.7913666], [-84.3653769, 33.7920946], [-84.3645857, 33.7936682], [-84.363901, 33.7950929], [-84.3633324, 33.7960453], [-84.3624886, 33.7973118], [-84.3612255, 33.7992075], [-84.3602167, 33.8004165], [-84.3591772, 33.8016623], [-84.3574594, 33.803721], [-84.3560191, 33.8054414], [-84.3547295, 33.8069924], [-84.353643, 33.8082815], [-84.3530434, 33.8089929], [-84.3521006, 33.8101239], [-84.3512064, 33.8111775], [-84.3500457, 33.8125415], [-84.3487455, 33.8141054], [-84.3471212, 33.8160139], [-84.3453157, 33.8181626], [-84.3444129, 33.8192341], [-84.3432312, 33.8206357], [-84.3418962, 33.8222255], [-84.3408366, 33.8234649], [-84.3395365, 33.8250054], [-84.3382531, 33.8265531], [-84.3365931, 33.8285137], [-84.3356966, 33.8295747], [-84.3343576, 33.8311551], [-84.3329681, 33.8328222], [-84.3316376, 33.8344035], [-84.3305794, 33.8356225], [-84.3293431, 33.8366189], [-84.3280658, 33.8379518], [-84.3263915, 33.8393697], [-84.3248584, 33.8406516], [-84.3239127, 33.8414388], [-84.3226703, 33.8424537], [-84.3213869, 33.8435316], [-84.3206644, 33.844147], [-84.3191435, 33.8454339], [-84.3175531, 33.8467565], [-84.3159606, 33.8481029], [-84.3137642, 33.8499099], [-84.3120213, 33.8513795], [-84.3114882, 33.8518325], [-84.3098323, 33.8532372], [-84.3087182, 33.854158], [-84.307486, 33.8551864], [-84.3059365, 33.8564833], [-84.3041587, 33.8579805], [-84.3033341, 33.8586696], [-84.3011293, 33.8605136], [-84.2994368, 33.8619346], [-84.2969652, 33.8640092], [-84.2958802, 33.8649235], [-84.2942642, 33.8662732], [-84.2926879, 33.8676018], [-84.2913285, 33.8687475], [-84.2899781, 33.8698732], [-84.288573, 33.8710446], [-84.2873105, 33.872097], [-84.2853684, 33.8737247], [-84.2842575, 33.8746558], [-84.2827502, 33.8759191], [-84.2809339, 33.8774126], [-84.279749, 33.8784249], [-84.2788884, 33.8791562], [-84.2771696, 33.8805971], [-84.2758682, 33.8816881], [-84.2735847, 33.8835854], [-84.2726456, 33.8843657], [-84.2712361, 33.8855648], [-84.2693818, 33.8870875], [-84.2684358, 33.8878693], [-84.2662658, 33.8896892], [-84.2629185, 33.8925116], [-84.260298, 33.8946935], [-84.2586847, 33.8960293], [-84.2567199, 33.8976791], [-84.2555177, 33.8986857], [-84.2538218, 33.9001057], [-84.2498294, 33.9035029], [-84.2480649, 33.9047266], [-84.2467676, 33.905945], [-84.245216, 33.9072695], [-84.243958, 33.9082401], [-84.2427096, 33.9091626], [-84.241008, 33.9104626], [-84.2392884, 33.9118708], [-84.2383505, 33.9126505], [-84.2362743, 33.9143829], [-84.2347746, 33.9156559], [-84.2329085, 33.9172031], [-84.2309007, 33.9188841], [-84.2292398, 33.9202286], [-84.2277873, 33.921415], [-84.2265269, 33.9224432], [-84.2250663, 33.9236553], [-84.2236773, 33.9248483], [-84.2221629, 33.9261374], [-84.2205851, 33.9275344], [-84.218885, 33.9289666], [-84.2173528, 33.9302596], [-84.2154314, 33.9314993], [-84.2137146, 33.9329301], [-84.2116858, 33.9336001], [-84.2107389, 33.9338339], [-84.2085038, 33.9343214], [-84.2065805, 33.9347428], [-84.2035199, 33.9353956], [-84.2021003, 33.9356975], [-84.2008349, 33.9359796], [-84.1984544, 33.9364963], [-84.1967343, 33.9368736], [-84.1951704, 33.9372], [-84.1935788, 33.9375396], [-84.1910638, 33.9381055], [-84.1898123, 33.938363], [-84.188365, 33.9386862], [-84.1869474, 33.9389864], [-84.1856623, 33.9392455], [-84.1842308, 33.939567], [-84.1827815, 33.9398787], [-84.1800768, 33.9404561], [-84.1786236, 33.9407792], [-84.1771862, 33.9410859], [-84.174695, 33.941701], [-84.1722611, 33.9422915], [-84.1698273, 33.9428771], [-84.1678118, 33.9433497], [-84.1647556, 33.9440914], [-84.16274, 33.9445825], [-84.1606339, 33.945133], [-84.1582725, 33.9457119], [-84.1558175, 33.9463167], [-84.1540386, 33.9467638], [-84.1510385, 33.9474667], [-84.1490758, 33.9479526], [-84.147057, 33.9484384], [-84.144951, 33.9489346], [-84.1432375, 33.9493455], [-84.1411377, 33.9499089], [-84.1389258, 33.9506584], [-84.1368634, 33.9516171], [-84.1348103, 33.9525707], [-84.1329566, 33.9534106], [-84.1310376, 33.9544417], [-84.1290375, 33.9554133], [-84.1270249, 33.956372], [-84.1260498, 33.9549379], [-84.1251152, 33.9535321], [-84.1231836, 33.9531315], [-84.1219873, 33.9528576], [-84.1202395, 33.952488], [-84.1177846, 33.9519531], [-84.1159964, 33.9515525], [-84.1147538, 33.9512845], [-84.1127881, 33.9508816], [-84.1111404, 33.9516514], [-84.1097442, 33.9523539], [-84.10877, 33.9528335], [-84.1074489, 33.9534569], [-84.1060845, 33.9541643], [-84.1048907, 33.9547254], [-84.1030551, 33.9556341], [-84.100095, 33.9569888], [-84.0991353, 33.9574756], [-84.0970887, 33.9584538], [-84.096048, 33.958955], [-84.0946258, 33.9596551], [-84.0928422, 33.9604583], [-84.0912581, 33.9612015], [-84.0899255, 33.9618848], [-84.088405, 33.9626449], [-84.086104, 33.9637429], [-84.0838608, 33.9648098], [-84.0822443, 33.9652505], [-84.0809724, 33.965531], [-84.0795531, 33.965929], [-84.0778515, 33.9664292], [-84.0733063, 33.9676935], [-84.0712828, 33.968288], [-84.0694645, 33.9688298], [-84.0673196, 33.9694627], [-84.0649868, 33.9701244], [-84.0631512, 33.9706422], [-84.0614862, 33.9711313], [-84.0593731, 33.9717258], [-84.0575288, 33.9722556], [-84.056147, 33.9726656], [-84.0546352, 33.9730947], [-84.0527013, 33.97367], [-84.0502876, 33.9743221], [-84.0489289, 33.9746697], [-84.0457896, 33.9754847], [-84.0430377, 33.9762111], [-84.0408986, 33.9768008], [-84.0390456, 33.977261], [-84.0368631, 33.9778339], [-84.0348859, 33.9783541], [-84.0327757, 33.9789006], [-84.030836, 33.9794232], [-84.0268006, 33.9804564], [-84.0249187, 33.9809525], [-84.0223865, 33.9816381], [-84.0206983, 33.9820672], [-84.018828, 33.9825394], [-84.0171717, 33.9829948], [-84.0157234, 33.9833927], [-84.013778, 33.9838865], [-84.0120031, 33.9843419], [-84.0103901, 33.9847829], [-84.0091095, 33.9851257], [-84.0068807, 33.9856985], [-84.0051709, 33.9861555], [-84.0028461, 33.9867436], [-84.001028, 33.9872451], [-83.9985233, 33.9878965], [-83.9961864, 33.9885201], [-83.9935037, 33.9892078], [-83.9912239, 33.9897924], [-83.9897298, 33.9902072], [-83.9873795, 33.9908141], [-83.9851836, 33.9911287], [-83.9841193, 33.9911871], [-83.9821282, 33.9913374], [-83.9810135, 33.9913959], [-83.9788378, 33.9915184], [-83.9772497, 33.9916019], [-83.9757119, 33.991691], [-83.9742043, 33.9917968], [-83.972267, 33.9919248], [-83.9704405, 33.9920334], [-83.9685166, 33.9921587], [-83.9666498, 33.99227], [-83.9644405, 33.9924176], [-83.9625737, 33.9925122], [-83.960257, 33.9926598], [-83.9581215, 33.9927767], [-83.9562346, 33.9928852], [-83.9540891, 33.9930411], [-83.9512855, 33.9933056], [-83.9494455, 33.9934865], [-83.9476325, 33.9936675], [-83.9458932, 33.9938345], [-83.9424047, 33.9941713], [-83.9398529, 33.9944052], [-83.9374825, 33.9946307], [-83.9360723, 33.994742], [-83.9347024, 33.9948784], [-83.9325771, 33.9950761], [-83.9299011, 33.9953349], [-83.9274165, 33.9955688], [-83.9251232, 33.9958082], [-83.9228636, 33.9959975], [-83.9209363, 33.9961895], [-83.91853, 33.9964081], [-83.9166503, 33.9966085], [-83.9141741, 33.9968502], [-83.9118442, 33.9970539], [-83.9102601, 33.9971977], [-83.9079909, 33.9973535], [-83.9059668, 33.9973768], [-83.9040559, 33.9974447], [-83.9026129, 33.9974964], [-83.9005304, 33.9976063], [-83.8978239, 33.9977357], [-83.8949536, 33.997865], [-83.8932338, 33.997949], [-83.8912371, 33.998004], [-83.8897785, 33.9980622], [-83.88715, 33.9981721], [-83.8850441, 33.9982562], [-83.8809531, 33.998447], [-83.8784962, 33.9985504], [-83.8769792, 33.9986313], [-83.8751371, 33.9986964], [-83.8732379, 33.9987779], [-83.871088, 33.9988601], [-83.8696558, 33.9988365], [-83.8669922, 33.9988591], [-83.8645665, 33.9988397], [-83.8631703, 33.9988171], [-83.8603741, 33.9988009], [-83.8588805, 33.9988041], [-83.857188, 33.9988041], [-83.8551756, 33.9987912], [-83.8528786, 33.9987815], [-83.8517711, 33.9988009], [-83.8497977, 33.99883], [-83.8485342, 33.9988785], [-83.8458472, 33.998982], [-83.8439986, 33.9990466], [-83.8418771, 33.9991016], [-83.8400793, 33.9991501], [-83.8383087, 33.9992244], [-83.8366123, 33.9992471], [-83.8334144, 33.9993311], [-83.8308756, 33.9994055], [-83.8296082, 33.9995736], [-83.8275724, 33.9998032], [-83.8255601, 34.0000424], [-83.8236648, 34.0002526], [-83.8219371, 34.000453], [-83.8199326, 34.0006793], [-83.8173509, 34.0009865], [-83.8145196, 34.0013324], [-83.8127218, 34.0015394], [-83.8109512, 34.001743], [-83.8091963, 34.001798], [-83.8077846, 34.0018659], [-83.8056045, 34.0019402], [-83.8033162, 34.0020269], [-83.8004804, 34.0021228], [-83.7983268, 34.0022138], [-83.7964305, 34.0022881], [-83.7947539, 34.0023313], [-83.7919875, 34.0024295], [-83.78925, 34.0025326], [-83.786923, 34.0026332], [-83.7839369, 34.0027267], [-83.7822545, 34.0027866], [-83.7791585, 34.002892], [-83.7777276, 34.0029496], [-83.7759788, 34.003019], [-83.7744584, 34.0024451], [-83.7725873, 34.001756], [-83.7707917, 34.0011111], [-83.7689433, 34.0004521], [-83.7660439, 33.9993915], [-83.7650333, 33.999028], [-83.7630014, 33.9982988], [-83.7608985, 33.99752], [-83.7596857, 33.997083], [-83.7571766, 33.9961592], [-83.7561438, 33.9956831], [-83.7545426, 33.9950202], [-83.7530086, 33.9961173], [-83.7524162, 33.9976338], [-83.7509092, 33.9988782], [-83.75006, 33.9995816], [-83.7483808, 34.0009597], [-83.7466239, 34.0024184], [-83.744961, 34.003797], [-83.7437808, 34.0047709], [-83.7424504, 34.0058782], [-83.7410128, 34.0070634], [-83.7396073, 34.0082284], [-83.7384754, 34.0091801], [-83.7369724, 34.0104133], [-83.7351831, 34.0119031], [-83.7339902, 34.0129034], [-83.7328093, 34.0138692], [-83.7318391, 34.0146767], [-83.7308231, 34.0155023], [-83.7298191, 34.016323], [-83.7286044, 34.0173463], [-83.7274373, 34.0183202], [-83.7262206, 34.0193271], [-83.7252166, 34.020151], [-83.7235008, 34.0215237], [-83.7225534, 34.0222904], [-83.7215512, 34.0231268], [-83.7196014, 34.024714], [-83.7184152, 34.0256786], [-83.7172427, 34.0266376], [-83.7155875, 34.0280194], [-83.7146649, 34.0287669], [-83.7132408, 34.0299046], [-83.7116185, 34.0312339], [-83.7097079, 34.0327892], [-83.7079365, 34.0342424], [-83.7064474, 34.035427], [-83.7046799, 34.0368703], [-83.703493, 34.0378374], [-83.7017951, 34.0392295], [-83.700151, 34.040588], [-83.6984006, 34.0420499], [-83.6972044, 34.042999], [-83.6959528, 34.0439902], [-83.6940615, 34.0454903], [-83.6928099, 34.0467072], [-83.6913481, 34.0482035], [-83.6900827, 34.049451], [-83.6885609, 34.0509147], [-83.6870622, 34.0523898], [-83.6854157, 34.0540027], [-83.6835821, 34.0558145], [-83.6827554, 34.0566429], [-83.6816008, 34.0577908], [-83.6804808, 34.0589023], [-83.6790188, 34.0603148], [-83.677527, 34.0613784], [-83.6763216, 34.0622278], [-83.6751924, 34.0630237], [-83.6736775, 34.064093], [-83.672613, 34.064841], [-83.6715553, 34.0655947], [-83.6699504, 34.0667272], [-83.668267, 34.0679037], [-83.6665281, 34.0691566], [-83.6653213, 34.069988], [-83.6641887, 34.0708123], [-83.6632225, 34.0714807], [-83.661482, 34.0727216], [-83.6603385, 34.0735039], [-83.6589237, 34.0744661], [-83.6570818, 34.0757998], [-83.6562061, 34.0764083], [-83.654462, 34.0776371], [-83.6522655, 34.0791657], [-83.6509881, 34.0800678], [-83.6497253, 34.0809759], [-83.6476482, 34.0824295], [-83.6464903, 34.0832687], [-83.6443372, 34.0847732], [-83.6433638, 34.0854235], [-83.6415473, 34.0867301], [-83.6396765, 34.0880457], [-83.638059, 34.0892085], [-83.6367563, 34.0901225], [-83.6356816, 34.0908687], [-83.6342269, 34.0918996], [-83.6332029, 34.0926278], [-83.6319581, 34.0935058], [-83.6298629, 34.0949921], [-83.628325, 34.0960559], [-83.6263203, 34.0974792], [-83.6246811, 34.0986299], [-83.6234038, 34.0995288], [-83.6223327, 34.1002539], [-83.6208047, 34.1013541], [-83.6191324, 34.1024595], [-83.6176164, 34.1033485], [-83.6157686, 34.104734], [-83.6146217, 34.1054962], [-83.6130072, 34.1065416], [-83.6114314, 34.1075831], [-83.6103085, 34.1083332], [-83.6092242, 34.1090794], [-83.6080404, 34.1098734], [-83.6069559, 34.1106072], [-83.6049686, 34.1118926], [-83.6034656, 34.1129181], [-83.6019887, 34.1139043], [-83.6009057, 34.1146273], [-83.5993643, 34.1156665], [-83.5974375, 34.1169153], [-83.5959951, 34.117877], [-83.5940243, 34.1192078], [-83.5924003, 34.1203016], [-83.5915029, 34.1209032], [-83.5896147, 34.1221611], [-83.587319, 34.1237106], [-83.5860693, 34.1245081], [-83.5845664, 34.1255836], [-83.5833223, 34.1266591], [-83.5822763, 34.1275751], [-83.5814175, 34.1283088], [-83.5801565, 34.1293701], [-83.5788562, 34.1305087], [-83.5777575, 34.1314431], [-83.5758726, 34.1330761], [-83.5742514, 34.1344726], [-83.5727619, 34.1357672], [-83.5716108, 34.1367346], [-83.5703718, 34.1375492], [-83.5691635, 34.1382838], [-83.5676565, 34.1392511], [-83.5663692, 34.1400802], [-83.5644579, 34.1413421], [-83.5628411, 34.1423748], [-83.5608859, 34.1436403], [-83.5597084, 34.1443966], [-83.5581047, 34.1454293], [-83.5563648, 34.1465202], [-83.5548973, 34.1474947], [-83.5528894, 34.1487928], [-83.5514351, 34.1497273], [-83.5498754, 34.1507272], [-83.5485177, 34.1515816], [-83.5470371, 34.1525415], [-83.5452577, 34.1536869], [-83.5438034, 34.154614], [-83.5424545, 34.1554684], [-83.5416417, 34.1560683], [-83.5396162, 34.1575845], [-83.5379993, 34.158777], [-83.5370811, 34.1594496], [-83.5360354, 34.1602494], [-83.5346162, 34.1612892], [-83.5321338, 34.1631688], [-83.5306575, 34.164263], [-83.5292779, 34.1652664], [-83.5280257, 34.1662116], [-83.5270635, 34.1669314], [-83.5243614, 34.1689635], [-83.5226962, 34.1701741], [-83.5211541, 34.1713155], [-83.5199766, 34.1721952], [-83.5187507, 34.173104], [-83.5168922, 34.1744744], [-83.5159124, 34.1752087], [-83.5143084, 34.176408], [-83.5120849, 34.1780491], [-83.5106602, 34.1791005], [-83.5095651, 34.1799243], [-83.5083238, 34.1808499], [-83.5061545, 34.1824472], [-83.5044468, 34.1837231], [-83.5031315, 34.1846807], [-83.5019661, 34.1855557], [-83.500693, 34.1865038], [-83.4992814, 34.1875728], [-83.4980155, 34.1884844], [-83.4967677, 34.1894221], [-83.4949443, 34.1907995], [-83.4937976, 34.1916862], [-83.4927958, 34.1924712], [-83.4910201, 34.1938184], [-83.4889833, 34.1954168], [-83.4875043, 34.1965687], [-83.4858454, 34.1978485], [-83.4841733, 34.1990942], [-83.4827822, 34.2001838], [-83.4813881, 34.2012613], [-83.4797375, 34.2025118], [-83.4777186, 34.2040524], [-83.4761064, 34.2053297], [-83.4746357, 34.2064241], [-83.4728437, 34.2078379], [-83.4711991, 34.2087544], [-83.4694513, 34.2097537], [-83.4678066, 34.2106629], [-83.4662622, 34.2115013], [-83.4653422, 34.2122511], [-83.4642957, 34.2136378], [-83.4636674, 34.2149184], [-83.4630877, 34.2160933], [-83.4621442, 34.2179221], [-83.4616775, 34.218898], [-83.4611135, 34.2200548], [-83.4601396, 34.2220007], [-83.4593547, 34.2235289], [-83.4589202, 34.2244115], [-83.4579707, 34.2263454], [-83.4572894, 34.2277204], [-83.4563721, 34.229561], [-83.4556855, 34.2309005], [-83.4549827, 34.2323064], [-83.4546662, 34.2335127], [-83.4542532, 34.2349319], [-83.4537328, 34.2368079], [-83.4531196, 34.2389403], [-83.4525312, 34.2409367], [-83.4518134, 34.243522], [-83.4514468, 34.2448799], [-83.4511239, 34.246006], [-83.4505001, 34.2479506], [-83.4493045, 34.2477885], [-83.4476475, 34.2474571], [-83.4461586, 34.2484423], [-83.4466382, 34.2500633], [-83.4483665, 34.2505635], [-83.4495572, 34.2514211], [-83.4491117, 34.2530153], [-83.4484676, 34.2552824], [-83.4479003, 34.2573282], [-83.4475101, 34.2584783], [-83.4471775, 34.2595912], [-83.4465499, 34.2619188], [-83.44589, 34.2640868], [-83.4456057, 34.2651508], [-83.4452624, 34.2663212], [-83.4448869, 34.2676955], [-83.444565, 34.268826], [-83.4442646, 34.2699032], [-83.4436102, 34.2724212], [-83.4429021, 34.2746421], [-83.4423173, 34.2767123], [-83.4416039, 34.2793896], [-83.4406222, 34.2827938], [-83.4401877, 34.2842565], [-83.439662, 34.2861978], [-83.4390933, 34.2881968], [-83.4382511, 34.2911397], [-83.4377737, 34.2927839], [-83.4373928, 34.2940736], [-83.4367974, 34.2962186], [-83.4362663, 34.2980356], [-83.4357942, 34.299755], [-83.4353114, 34.3012839], [-83.434834, 34.3030653], [-83.4340991, 34.3056133], [-83.4336431, 34.307439], [-83.433219, 34.308786], [-83.4327526, 34.3105274], [-83.4323824, 34.3119365], [-83.4319908, 34.3134829], [-83.4315778, 34.3151267], [-83.4309287, 34.3177098], [-83.4304566, 34.3194377], [-83.4302045, 34.3205497], [-83.42977, 34.3222909], [-83.4292389, 34.3243554], [-83.4284181, 34.3273591], [-83.4273023, 34.3318156], [-83.4268517, 34.3334103], [-83.4265138, 34.3348057], [-83.4257949, 34.3369984], [-83.4252048, 34.3387923], [-83.4247113, 34.3402895], [-83.4242017, 34.3418664], [-83.4235687, 34.3438329], [-83.423102, 34.3452946], [-83.4225441, 34.3469378], [-83.4215892, 34.3498565], [-83.4208919, 34.3519868], [-83.4201837, 34.3540993], [-83.4196419, 34.355977], [-83.4191699, 34.3576776], [-83.4182633, 34.3608173], [-83.417861, 34.3621989], [-83.4173084, 34.3641296], [-83.4169115, 34.3654935], [-83.416375, 34.36734], [-83.4157742, 34.3694122], [-83.4153933, 34.3707406], [-83.4150232, 34.3720423], [-83.4143526, 34.3744244], [-83.4138752, 34.3760139], [-83.4134299, 34.3775591], [-83.4127862, 34.3797551], [-83.412518, 34.3807734], [-83.4119762, 34.3826151], [-83.4114505, 34.3844302], [-83.4108979, 34.3863117], [-83.4104098, 34.3880382], [-83.4098841, 34.3898665], [-83.4094106, 34.3914677], [-83.4072105, 34.3915003], [-83.4052039, 34.3915278], [-83.4029359, 34.3915749], [-83.4013288, 34.3916102], [-83.3978626, 34.3905979], [-83.3954472, 34.3898955], [-83.3908398, 34.3885889], [-83.388334, 34.387863], [-83.3864369, 34.3873098], [-83.3828233, 34.3863445], [-83.3817487, 34.3859207], [-83.3797231, 34.3851203], [-83.3781018, 34.3845042], [-83.3749208, 34.383276], [-83.3717019, 34.3820125], [-83.3696383, 34.3812355], [-83.3672276, 34.3802937], [-83.3655302, 34.3796109], [-83.3644461, 34.3791832], [-83.3623159, 34.3789634], [-83.3605377, 34.3787436], [-83.3587831, 34.3785435], [-83.3563297, 34.378257], [-83.3532724, 34.3778882], [-83.3499345, 34.3775114], [-83.3455792, 34.3770013], [-83.3432541, 34.3767109], [-83.3409861, 34.3764519], [-83.3365308, 34.3759653], [-83.3351187, 34.3757887], [-83.3310914, 34.3750116], [-83.3278819, 34.3743798], [-83.3262463, 34.3740541], [-83.32469, 34.3737645], [-83.3228312, 34.3739991], [-83.3212917, 34.3744325], [-83.3199372, 34.3754203], [-83.3188271, 34.3762043], [-83.3187001, 34.3776446], [-83.3185565, 34.3795043], [-83.3182528, 34.3813867], [-83.3180705, 34.3827313], [-83.3169881, 34.3838525], [-83.3160934, 34.3848415], [-83.3150083, 34.3860306], [-83.3138293, 34.3871961], [-83.3128018, 34.3883819], [-83.3116556, 34.3895609], [-83.3105667, 34.3906959], [-83.3092117, 34.3921485], [-83.3088802, 34.3926281], [-83.3075948, 34.3946414], [-83.3065755, 34.3960871], [-83.3059328, 34.3970599], [-83.3051058, 34.3982861], [-83.3039228, 34.4000763], [-83.3026497, 34.40163], [-83.3014625, 34.4031499], [-83.3004105, 34.4044705], [-83.2992233, 34.4060343], [-83.2982409, 34.4072502], [-83.297283, 34.4084593], [-83.2962718, 34.409746], [-83.2951133, 34.4111848], [-83.2941268, 34.4124073], [-83.2934104, 34.4132955], [-83.2922765, 34.4147139], [-83.2891653, 34.4184523], [-83.287532, 34.4204311], [-83.2867132, 34.4214239], [-83.2856612, 34.4226295], [-83.2847074, 34.4238282], [-83.2837003, 34.4250877], [-83.2827056, 34.426327], [-83.2816863, 34.4275831], [-83.2806097, 34.4288729], [-83.2796026, 34.4300513], [-83.2785424, 34.4312499], [-83.277343, 34.4326208], [-83.2762213, 34.4338768], [-83.2753207, 34.434893], [-83.2735768, 34.4368276], [-83.2722628, 34.4384043], [-83.2714809, 34.4393023], [-83.2702446, 34.4401059], [-83.2694095, 34.4406494], [-83.2672588, 34.4421479], [-83.2664728, 34.4426973], [-83.2651336, 34.4435954], [-83.2635335, 34.4447783], [-83.2622295, 34.4457142], [-83.2608232, 34.4467257], [-83.2595615, 34.4476092], [-83.2586487, 34.448266], [-83.2573517, 34.4491437], [-83.2559243, 34.4501609], [-83.2545745, 34.4510939], [-83.2526607, 34.4525266], [-83.2514342, 34.4535409], [-83.2502113, 34.4544883], [-83.2489037, 34.45552], [-83.2475715, 34.4565458], [-83.2462358, 34.4576007], [-83.2450093, 34.4585945], [-83.243233, 34.4599836], [-83.2419078, 34.4610617], [-83.2408188, 34.4619218], [-83.2392539, 34.4627268], [-83.2377631, 34.4635317], [-83.2362335, 34.4643511], [-83.2351727, 34.464941], [-83.2333893, 34.465897], [-83.2314227, 34.466943], [-83.2309469, 34.4679135], [-83.2304465, 34.469009], [-83.2298015, 34.4703601], [-83.2292623, 34.4715368], [-83.2286244, 34.4729169], [-83.22799, 34.4743115], [-83.2273485, 34.4757091], [-83.2267388, 34.4769613], [-83.2254877, 34.4797271], [-83.2246911, 34.4815051], [-83.2223849, 34.4818026], [-83.2205672, 34.4805449], [-83.219503, 34.4797608], [-83.218321, 34.4789029], [-83.2162773, 34.4778471], [-83.2142195, 34.4767408], [-83.212058, 34.4755917], [-83.211175, 34.475133], [-83.2094984, 34.4742599], [-83.2078041, 34.4733869], [-83.2057394, 34.4723057], [-83.2036687, 34.4711868], [-83.202148, 34.4703605], [-83.2011106, 34.4698112], [-83.1998492, 34.4691259], [-83.1982954, 34.4682964], [-83.1968111, 34.4675318], [-83.1951972, 34.4666894], [-83.1935836, 34.4658443], [-83.1922693, 34.4651676], [-83.1908928, 34.4644268], [-83.1894337, 34.463618], [-83.1868399, 34.4622367], [-83.1849521, 34.4612593], [-83.1827249, 34.4600865], [-83.1797663, 34.4585377], [-83.1774796, 34.4573389], [-83.1761332, 34.4561402], [-83.174776, 34.4549282], [-83.1733919, 34.453725], [-83.1719482, 34.4524267], [-83.1702806, 34.4509825], [-83.1680275, 34.4489697], [-83.167034, 34.4480753], [-83.1659461, 34.4473462], [-83.1642681, 34.4462032], [-83.1627022, 34.4451576], [-83.1609831, 34.444005], [-83.1590421, 34.4427012], [-83.157465, 34.4416305], [-83.1555888, 34.4403439], [-83.1541901, 34.439417], [-83.1526786, 34.4385165], [-83.1510491, 34.4375382], [-83.1491501, 34.4364365], [-83.1475097, 34.4354942], [-83.1466324, 34.4349782], [-83.1452825, 34.434176], [-83.1435908, 34.433155], [-83.1414687, 34.4319201], [-83.1400245, 34.4310352], [-83.139149, 34.4304956], [-83.1372756, 34.429391], [-83.1354624, 34.4283237], [-83.1339502, 34.4274238], [-83.1320015, 34.4263037], [-83.1308956, 34.4256769], [-83.1294285, 34.4246095], [-83.1277996, 34.4234986], [-83.1266936, 34.4227166], [-83.1252378, 34.4217422], [-83.1239814, 34.4208703], [-83.1223337, 34.4197314], [-83.1204265, 34.4184094], [-83.1190911, 34.4175126], [-83.1178722, 34.4166747], [-83.1162283, 34.4155296], [-83.1145468, 34.4143752], [-83.112869, 34.4132331], [-83.1112026, 34.4121035], [-83.1096941, 34.4110638], [-83.1083887, 34.4101824], [-83.1068013, 34.4090868], [-83.105353, 34.4080751], [-83.1039724, 34.4071378], [-83.1025203, 34.4061663], [-83.1011887, 34.4052321], [-83.1001467, 34.4045245], [-83.0988902, 34.4036616], [-83.0975999, 34.402777], [-83.0956927, 34.4014703], [-83.0950171, 34.4009438], [-83.0931324, 34.3995688], [-83.091244, 34.3982745], [-83.0899199, 34.3973557], [-83.0884942, 34.3964493], [-83.0869706, 34.3954715], [-83.0854772, 34.3944969], [-83.0839461, 34.3934849], [-83.0831148, 34.3929603], [-83.0811022, 34.391669], [-83.0792589, 34.3904552], [-83.0778182, 34.389527], [-83.0761141, 34.3883877], [-83.0748351, 34.3875527], [-83.0736125, 34.3867517], [-83.0717542, 34.3855534], [-83.0698733, 34.3843365], [-83.0691623, 34.3838708], [-83.0673942, 34.3827159], [-83.0666607, 34.3822409], [-83.0650544, 34.381204], [-83.0631396, 34.3799652], [-83.0612512, 34.3787358], [-83.0595283, 34.3776088], [-83.0587383, 34.3770903], [-83.0568612, 34.3758639], [-83.0552023, 34.3748083], [-83.0535696, 34.3737278], [-83.0518956, 34.3726286], [-83.0510793, 34.3721008], [-83.0494317, 34.3710389], [-83.0484574, 34.3703962], [-83.0467345, 34.3693001], [-83.0450529, 34.3680084], [-83.0437288, 34.3665986], [-83.0423557, 34.3651299], [-83.0410617, 34.3637543], [-83.0397037, 34.3623165], [-83.039083, 34.3616551], [-83.0375594, 34.3600341], [-83.0362202, 34.3586087], [-83.0347569, 34.3570436], [-83.0331581, 34.3553976], [-83.0316609, 34.3540436], [-83.030804, 34.3532849], [-83.0297968, 34.3524427], [-83.0281568, 34.3528204], [-83.026121, 34.3534115], [-83.0240778, 34.3547716], [-83.0239236, 34.3567249], [-83.0234647, 34.3578243], [-83.0226183, 34.3598552], [-83.0218546, 34.3617744], [-83.0203386, 34.3629047], [-83.019037, 34.3639977], [-83.0177129, 34.365038], [-83.0157906, 34.3665906], [-83.0145304, 34.3675873], [-83.012973, 34.3688169], [-83.0120627, 34.3708538], [-83.0109868, 34.373136], [-83.0097755, 34.3757068], [-83.0077253, 34.3769767], [-83.0060664, 34.3779919], [-83.0045767, 34.3789264], [-83.0023384, 34.3803359], [-83.0019096, 34.3823353], [-83.001492, 34.3842663], [-83.0010105, 34.3862873], [-83.0007622, 34.3874825], [-83.0001754, 34.390056], [-82.9998218, 34.3916888], [-82.9994042, 34.3936817], [-82.9989415, 34.3957273], [-82.9984487, 34.3979871], [-82.9972638, 34.3997563], [-82.9962368, 34.4013176], [-82.9952512, 34.4028198], [-82.9943183, 34.404232], [-82.9924599, 34.4061563], [-82.9908537, 34.4078447], [-82.9897514, 34.4089806], [-82.9883295, 34.4104579], [-82.9871746, 34.4116652], [-82.9854893, 34.4134342], [-82.9839321, 34.4150496], [-82.9824683, 34.4167365], [-82.9815464, 34.4178322], [-82.9797986, 34.4198651], [-82.978549, 34.4213285], [-82.9771552, 34.4229864], [-82.9761896, 34.4241218], [-82.9740573, 34.424976], [-82.97196, 34.425859], [-82.9704176, 34.4265545], [-82.9682985, 34.4274556], [-82.9660133, 34.4283962], [-82.9636364, 34.4293981], [-82.9612944, 34.4303604], [-82.9599137, 34.430937], [-82.9581791, 34.4317046], [-82.9567503, 34.4323209], [-82.9548452, 34.4330921], [-82.9531805, 34.4337696], [-82.9516643, 34.4344111], [-82.9492612, 34.4354814], [-82.9479198, 34.4361048], [-82.9462769, 34.4368219], [-82.9432621, 34.4381733], [-82.9414226, 34.4389805], [-82.9391461, 34.4399786], [-82.9375775, 34.4406525], [-82.9356069, 34.4415137], [-82.934519, 34.4425623], [-82.93278, 34.4441838], [-82.9308837, 34.4459314], [-82.9291316, 34.4475961], [-82.9276198, 34.4489653], [-82.9255487, 34.4508389], [-82.9235781, 34.4510695], [-82.9234856, 34.4509411]]}}, {"type": "Feature", "properties": {"project_id": "GPC_18153", "route_mi": 13.47}, "geometry": {"type": "LineString", "coordinates": [[-83.6000226, 32.5647949], [-83.6009225, 32.563721], [-83.6023386, 32.5645475], [-83.6042227, 32.565422], [-83.6059884, 32.5662609], [-83.6082381, 32.56735], [-83.6100713, 32.5682107], [-83.6129747, 32.5695945], [-83.6118094, 32.5717245], [-83.6107334, 32.5737173], [-83.6098286, 32.5756785], [-83.6094173, 32.5769973], [-83.6089055, 32.5786859], [-83.608348, 32.5804706], [-83.6073884, 32.5834547], [-83.6067487, 32.5854858], [-83.606198, 32.5872742], [-83.6075049, 32.5890972], [-83.6094331, 32.5895205], [-83.6112115, 32.5893144], [-83.6136974, 32.5893786], [-83.6158493, 32.5904182], [-83.6171289, 32.5904376], [-83.6195613, 32.589762], [-83.6215272, 32.5890655], [-83.6233124, 32.5890874], [-83.6253327, 32.5898052], [-83.6274846, 32.5904717], [-83.6297786, 32.5904681], [-83.6320739, 32.5904641], [-83.6343351, 32.590894], [-83.6359002, 32.5920103], [-83.6369554, 32.5928011], [-83.639217, 32.593798], [-83.6401232, 32.5938034], [-83.6426872, 32.5938148], [-83.6441727, 32.5938177], [-83.6463908, 32.59383], [-83.6481666, 32.593838], [-83.6503569, 32.5938496], [-83.6524566, 32.5937762], [-83.6543882, 32.5936436], [-83.6558538, 32.5935391], [-83.6579522, 32.5934441], [-83.6594352, 32.5934284], [-83.6608682, 32.5934087], [-83.6627375, 32.5938457], [-83.6634774, 32.5937184], [-83.6654304, 32.5933837], [-83.6670025, 32.5931239], [-83.6689465, 32.5936961], [-83.6697908, 32.595473], [-83.6701568, 32.5961909], [-83.6705877, 32.597619], [-83.6713806, 32.598993], [-83.6720255, 32.6000862], [-83.673038, 32.6019601], [-83.6741299, 32.6038393], [-83.6749757, 32.605305], [-83.6759275, 32.6069873], [-83.6763403, 32.6077181], [-83.6775849, 32.6090395], [-83.6784261, 32.6104527], [-83.6789962, 32.611421], [-83.6799324, 32.6129877], [-83.6806847, 32.6142919], [-83.6817798, 32.6162325], [-83.6826521, 32.6177282], [-83.6844899, 32.6186108], [-83.6851379, 32.6185924], [-83.6876529, 32.6183438], [-83.6899467, 32.619172], [-83.6899309, 32.6203185], [-83.689906, 32.6214631], [-83.6898856, 32.6226019], [-83.6911018, 32.6237903], [-83.6920597, 32.623808], [-83.6938157, 32.623852], [-83.6959187, 32.6238861], [-83.6968914, 32.6239055], [-83.6989048, 32.6239238], [-83.7011711, 32.623208], [-83.7020022, 32.6227746], [-83.70329, 32.6219578], [-83.7054074, 32.6211093], [-83.7078631, 32.6210825], [-83.7092217, 32.6227223], [-83.7092145, 32.6237059], [-83.7092203, 32.6257692], [-83.7092101, 32.6268343], [-83.7092087, 32.6284752], [-83.7092191, 32.629088], [-83.7092249, 32.6311572], [-83.7092074, 32.6323198], [-83.7090728, 32.6342936], [-83.7090143, 32.6364562], [-83.7090007, 32.638118], [-83.7089909, 32.6397698], [-83.7089753, 32.641599], [-83.7089558, 32.6434544], [-83.7087374, 32.6453886], [-83.7087316, 32.6459189], [-83.7087121, 32.6479811], [-83.7087043, 32.6488118], [-83.7086848, 32.6506572], [-83.7086711, 32.6527193], [-83.7086594, 32.6548503], [-83.7086497, 32.656226], [-83.7086442, 32.6578659], [-83.7086352, 32.6590672], [-83.7086216, 32.6601388], [-83.7086103, 32.6617061], [-83.7085921, 32.6633554], [-83.7085717, 32.6654299], [-83.7087616, 32.6674403], [-83.7087983, 32.6695018], [-83.7087614, 32.6709833], [-83.7084484, 32.6730162], [-83.7079512, 32.6741233], [-83.7081407, 32.6761115], [-83.7079876, 32.6760008]]}}, {"type": "Feature", "properties": {"project_id": "GPC_20590", "route_mi": 80.25}, "geometry": {"type": "LineString", "coordinates": [[-84.4951067, 34.2394216], [-84.4951424, 34.239461], [-84.4960789, 34.2388949], [-84.4966583, 34.2369224], [-84.4965457, 34.2358042], [-84.4974029, 34.2344081], [-84.4973488, 34.2330071], [-84.4972548, 34.2316133], [-84.4971551, 34.2301487], [-84.497944, 34.2289408], [-84.4988012, 34.227481], [-84.4995274, 34.226233], [-84.5002365, 34.2248555], [-84.5006037, 34.2240097], [-84.500797, 34.2224013], [-84.5010386, 34.2209227], [-84.5012924, 34.2194607], [-84.5015985, 34.2174958], [-84.5017998, 34.2163601], [-84.5019569, 34.2152344], [-84.502259, 34.2135925], [-84.5025328, 34.2120438], [-84.5028228, 34.2102619], [-84.5030846, 34.2087564], [-84.5033659, 34.2071104], [-84.503652, 34.2055111], [-84.5039995, 34.2034075], [-84.5042174, 34.2020734], [-84.5043874, 34.2011181], [-84.5046841, 34.1994267], [-84.5049462, 34.1978782], [-84.5051132, 34.1967989], [-84.5055015, 34.1946733], [-84.505684, 34.1936171], [-84.5059292, 34.1920223], [-84.5076964, 34.1905865], [-84.5085014, 34.1885236], [-84.5084005, 34.1878874], [-84.5082674, 34.1859017], [-84.5082782, 34.1856881], [-84.5079256, 34.1835912], [-84.5081411, 34.1823544], [-84.5087412, 34.1812109], [-84.508913, 34.1796324], [-84.508336, 34.1782173], [-84.5087716, 34.175439], [-84.5091103, 34.1734807], [-84.5093036, 34.172362], [-84.5096934, 34.170185], [-84.5100832, 34.1678489], [-84.5103909, 34.1658564], [-84.5108397, 34.1633207], [-84.5098831, 34.1597811], [-84.5094779, 34.1582744], [-84.5090907, 34.156859], [-84.5086753, 34.155365], [-84.5082598, 34.1537882], [-84.5077674, 34.1518676], [-84.5074289, 34.1506239], [-84.5069622, 34.1489791], [-84.50638, 34.1467464], [-84.5057338, 34.1442589], [-84.5051824, 34.1422722], [-84.5049054, 34.1405912], [-84.5049875, 34.1396636], [-84.5054568, 34.1351997], [-84.505603, 34.1339749], [-84.5059492, 34.1309097], [-84.5062826, 34.1275301], [-84.5066761, 34.1240683], [-84.5069404, 34.1215722], [-84.5071044, 34.1205499], [-84.5074142, 34.1185595], [-84.5075116, 34.1179586], [-84.5078219, 34.1161773], [-84.5081964, 34.1138078], [-84.5084887, 34.1118587], [-84.5093574, 34.1067279], [-84.5097615, 34.1041385], [-84.5101005, 34.101906], [-84.510316, 34.1004393], [-84.5106303, 34.0984632], [-84.5109334, 34.0967269], [-84.5112499, 34.0945555], [-84.5115934, 34.0924808], [-84.5118269, 34.090999], [-84.5122242, 34.0885988], [-84.5126889, 34.0856519], [-84.5127447, 34.0853545], [-84.5130669, 34.0833385], [-84.5134472, 34.0809742], [-84.5137908, 34.0788333], [-84.514083, 34.0770181], [-84.5144378, 34.0748077], [-84.5147628, 34.0726935], [-84.5151504, 34.0703027], [-84.5153771, 34.068859], [-84.5155289, 34.0660191], [-84.5156496, 34.0637887], [-84.5157359, 34.0622883], [-84.5158186, 34.0606937], [-84.5159206, 34.0587694], [-84.5159336, 34.057053], [-84.5160609, 34.0558785], [-84.5161312, 34.054631], [-84.5162627, 34.0526495], [-84.5163399, 34.0507607], [-84.5164406, 34.0481039], [-84.5165246, 34.0470078], [-84.5165917, 34.0457726], [-84.5166455, 34.0434968], [-84.5168771, 34.0414408], [-84.5168133, 34.0392846], [-84.5166555, 34.0371561], [-84.5165347, 34.0352057], [-84.5163903, 34.0323119], [-84.516209, 34.0306396], [-84.5161452, 34.0287614], [-84.5159269, 34.0265686], [-84.5157484, 34.024365], [-84.5156364, 34.0229005], [-84.5155543, 34.0212998], [-84.5154448, 34.0194577], [-84.5154497, 34.0182902], [-84.5154945, 34.0162129], [-84.5155194, 34.0147771], [-84.5155617, 34.013199], [-84.5155916, 34.0112536], [-84.515609, 34.0097311], [-84.515614, 34.0083303], [-84.5155568, 34.0059041], [-84.5160396, 34.0043918], [-84.5164776, 34.0033953], [-84.5172118, 34.001656], [-84.5177693, 34.0003273], [-84.5183939, 33.998786], [-84.5188618, 33.9977193], [-84.5197105, 33.9956848], [-84.5205542, 33.9936895], [-84.5213929, 33.9917787], [-84.5219678, 33.9899814], [-84.5226721, 33.9882667], [-84.5234486, 33.9864404], [-84.5241803, 33.9846781], [-84.5247839, 33.9832518], [-84.5256088, 33.9813116], [-84.5265769, 33.9794136], [-84.5271568, 33.9779895], [-84.5277691, 33.9765985], [-84.5283041, 33.9755026], [-84.5290408, 33.9737813], [-84.5294863, 33.9727081], [-84.5300786, 33.9712881], [-84.5306561, 33.9699499], [-84.531311, 33.9684077], [-84.5319677, 33.9668732], [-84.5325266, 33.9655559], [-84.5337423, 33.9638224], [-84.5346917, 33.9624042], [-84.5348265, 33.960625], [-84.5342454, 33.9590929], [-84.5337648, 33.9580457], [-84.5330356, 33.9564949], [-84.5313787, 33.9548248], [-84.5306282, 33.9540891], [-84.5291728, 33.9526167], [-84.5285297, 33.9519713], [-84.5268031, 33.9501831], [-84.5256112, 33.9489292], [-84.5244379, 33.9476946], [-84.5232192, 33.9460868], [-84.521944, 33.944417], [-84.5210273, 33.9431902], [-84.5198282, 33.9416509], [-84.518715, 33.9401712], [-84.5175295, 33.9385868], [-84.5165048, 33.9372273], [-84.515289, 33.9356524], [-84.5142313, 33.9342999], [-84.5132175, 33.9329235], [-84.5123398, 33.9316895], [-84.5110983, 33.9300512], [-84.5098135, 33.9283858], [-84.5088069, 33.9272853], [-84.5070072, 33.9264756], [-84.5023207, 33.9248227], [-84.5005928, 33.9242507], [-84.4987027, 33.9236412], [-84.4974107, 33.9231834], [-84.4947208, 33.9222785], [-84.4936023, 33.9219104], [-84.4908867, 33.9209978], [-84.4906252, 33.9192772], [-84.490359, 33.91751], [-84.4898146, 33.9156589], [-84.4895464, 33.9138337], [-84.4892165, 33.9117302], [-84.4882178, 33.9108306], [-84.4873375, 33.9099566], [-84.4869259, 33.9081597], [-84.4860246, 33.9075007], [-84.4845005, 33.9059878], [-84.4840125, 33.9056215], [-84.4836506, 33.9039258], [-84.4848064, 33.9023909], [-84.4864619, 33.9023328], [-84.4887035, 33.9019374], [-84.4895371, 33.9015595], [-84.491318, 33.9006921], [-84.4933036, 33.8995884], [-84.4939066, 33.8992192], [-84.4954824, 33.898183], [-84.4969235, 33.8972365], [-84.4975986, 33.8967541], [-84.4992307, 33.8951835], [-84.5001643, 33.8937741], [-84.5013798, 33.8927886], [-84.503178, 33.891621], [-84.5052973, 33.8907238], [-84.507758, 33.8906679], [-84.5091239, 33.8906757], [-84.5115314, 33.8907407], [-84.5141112, 33.8907303], [-84.5165453, 33.8907251], [-84.5175353, 33.8908798], [-84.5190891, 33.8918654], [-84.5198645, 33.8929264], [-84.520626, 33.8942338], [-84.5214642, 33.8961047], [-84.5219951, 33.8979264], [-84.5228026, 33.8995226], [-84.5232968, 33.9003988], [-84.5243733, 33.9021693], [-84.5255332, 33.9039448], [-84.5260044, 33.9046655], [-84.5268682, 33.9063988], [-84.5282925, 33.908215], [-84.5302214, 33.9095441], [-84.5324563, 33.9103697], [-84.5347323, 33.9094268], [-84.5368795, 33.9089783], [-84.5379978, 33.9089991], [-84.5400037, 33.9100282], [-84.540995, 33.9108702], [-84.5435304, 33.9108984], [-84.5452464, 33.9104366], [-84.5465222, 33.9093496], [-84.5479394, 33.908319], [-84.5499112, 33.9067879], [-84.5515932, 33.906871], [-84.5531785, 33.9069364], [-84.5554474, 33.9070463], [-84.557489, 33.9071413], [-84.5596004, 33.9072453], [-84.5615669, 33.9073418], [-84.5632395, 33.9074124], [-84.5652054, 33.907512], [-84.5674433, 33.9075961], [-84.5694545, 33.906228], [-84.571271, 33.9050171], [-84.5723646, 33.9042533], [-84.5739837, 33.9031087], [-84.5752534, 33.902263], [-84.576315, 33.901559], [-84.5780923, 33.9003259], [-84.5792145, 33.8995329], [-84.5807203, 33.8984918], [-84.5824518, 33.8973188], [-84.5840759, 33.8961856], [-84.5855188, 33.8951875], [-84.5873946, 33.8939007], [-84.5890323, 33.8927803], [-84.5906867, 33.8916348], [-84.5925239, 33.8903857], [-84.5940535, 33.8893402], [-84.5957689, 33.8881375], [-84.5971044, 33.8871903], [-84.5980713, 33.8865372], [-84.5995804, 33.8854326], [-84.6017464, 33.8839402], [-84.6045122, 33.8820347], [-84.6070606, 33.8802707], [-84.6081447, 33.8795657], [-84.6100925, 33.8782654], [-84.6116715, 33.8771678], [-84.6156376, 33.874442], [-84.6196195, 33.8716914], [-84.622032, 33.8700475], [-84.6228171, 33.8695], [-84.6237286, 33.8675004], [-84.62379, 33.8649287], [-84.6238188, 33.8634531], [-84.6238713, 33.8607564], [-84.6239217, 33.8581698], [-84.6239796, 33.8551972], [-84.6239999, 33.8548338], [-84.6261428, 33.8537443], [-84.6276292, 33.8542932], [-84.6300699, 33.854824], [-84.6320014, 33.8547411], [-84.6326987, 33.8536963], [-84.6326784, 33.8525351], [-84.6326267, 33.8514458], [-84.6318852, 33.8504331], [-84.6312044, 33.8495399], [-84.6298541, 33.8477428], [-84.6288672, 33.8457955], [-84.6285535, 33.8449819], [-84.6279872, 33.8436014], [-84.6274541, 33.8421183], [-84.6272087, 33.8414441], [-84.6265963, 33.8399517], [-84.6260429, 33.8385191], [-84.6256702, 33.8378157], [-84.6258381, 33.8362712], [-84.626196, 33.8354177], [-84.6273643, 33.83434], [-84.6285965, 33.8336366], [-84.629827, 33.8329317], [-84.6313323, 33.8321272], [-84.6322325, 33.8311955], [-84.6332361, 33.8301734], [-84.6343171, 33.82909], [-84.6355955, 33.827792], [-84.6366562, 33.82673], [-84.6382925, 33.8251071], [-84.639285, 33.8232941], [-84.6401502, 33.8217938], [-84.6410504, 33.820226], [-84.6415669, 33.8187577], [-84.6416204, 33.8178903], [-84.6417127, 33.8162227], [-84.641228, 33.8143953], [-84.6412419, 33.8136866], [-84.6428069, 33.8122045], [-84.6454115, 33.81222], [-84.6462474, 33.8122219], [-84.6485244, 33.8122353], [-84.6499838, 33.8124023], [-84.6524224, 33.8124522], [-84.6544684, 33.8114966], [-84.6545099, 33.809695], [-84.6566668, 33.8088987], [-84.6579807, 33.8088949], [-84.6600752, 33.8088699], [-84.661978, 33.8088565], [-84.6643519, 33.809269], [-84.6666589, 33.8093439], [-84.6680306, 33.8093726], [-84.6702128, 33.8094436], [-84.6722726, 33.8095204], [-84.6734411, 33.8091232], [-84.6749814, 33.8091251], [-84.6784152, 33.8091558], [-84.6798678, 33.8091904], [-84.6822186, 33.8092709], [-84.6850497, 33.809365], [-84.6864907, 33.8093899], [-84.6892133, 33.809459], [-84.6907212, 33.8091712], [-84.6945742, 33.8084701], [-84.6959476, 33.8075783], [-84.6965966, 33.8069241], [-84.6978425, 33.8052766], [-84.6994334, 33.803212], [-84.700749, 33.8015048], [-84.7021427, 33.7996961], [-84.703012, 33.7985679], [-84.7047021, 33.7963762], [-84.7060702, 33.7945926], [-84.7068519, 33.7935735], [-84.7083295, 33.7916557], [-84.7091717, 33.7905693], [-84.7104634, 33.7888905], [-84.7093496, 33.7874474], [-84.7074929, 33.7859043], [-84.7055353, 33.7841062], [-84.7042548, 33.7826201], [-84.7028624, 33.7813153], [-84.7004024, 33.779029], [-84.6992231, 33.7779278], [-84.6992761, 33.776466], [-84.6993014, 33.774456], [-84.6993268, 33.7724635], [-84.6993337, 33.7710949], [-84.7001143, 33.770114], [-84.7009086, 33.7681962], [-84.7009271, 33.7671615], [-84.699433, 33.7660347], [-84.6994353, 33.7651343], [-84.6994469, 33.7633739], [-84.6988788, 33.7617651], [-84.6978214, 33.7605141], [-84.6990378, 33.7577375], [-84.7000121, 33.7554804], [-84.7007475, 33.7537991], [-84.7016023, 33.7518273], [-84.7025001, 33.7497612], [-84.7033344, 33.7479412], [-84.7043229, 33.7457449], [-84.705086, 33.7439916], [-84.705255, 33.7420294], [-84.7054241, 33.7400925], [-84.7056988, 33.7373844], [-84.7059242, 33.7350667], [-84.7060463, 33.7337662], [-84.7064243, 33.729728], [-84.7065675, 33.7281561], [-84.7067155, 33.7265704], [-84.7069784, 33.7255022], [-84.7075044, 33.7232096], [-84.7078707, 33.7216238], [-84.7083571, 33.7195645], [-84.7090277, 33.7165259], [-84.7096365, 33.7138419], [-84.710696, 33.7092791], [-84.7110245, 33.707885], [-84.7112995, 33.7067176], [-84.7116589, 33.7050285], [-84.7120613, 33.7033483], [-84.7125146, 33.7012708], [-84.7129383, 33.6994299], [-84.7133594, 33.6977451], [-84.7148078, 33.6977897], [-84.7163206, 33.6978299], [-84.7182103, 33.6978743], [-84.7203364, 33.6979337], [-84.7226519, 33.6980009], [-84.724539, 33.6980422], [-84.7264479, 33.6981119], [-84.7284498, 33.6981636], [-84.730815, 33.6982126], [-84.7331304, 33.6982772], [-84.7354924, 33.6983856], [-84.7377334, 33.6984037], [-84.7399688, 33.6984644], [-84.742191, 33.6985153], [-84.7439074, 33.6985876], [-84.7457511, 33.6986444], [-84.7483583, 33.6986935], [-84.7495968, 33.6987167], [-84.7516608, 33.6987606], [-84.7537435, 33.6988122], [-84.7554042, 33.6988842], [-84.7571113, 33.6989435], [-84.758915, 33.698999], [-84.7614826, 33.6990813], [-84.762741, 33.6991234], [-84.7649704, 33.6992019], [-84.7667097, 33.6992612], [-84.7688263, 33.6993263], [-84.7704253, 33.6993742], [-84.7724245, 33.6994507], [-84.7747551, 33.6995388], [-84.7769868, 33.6996154], [-84.7792805, 33.69969], [-84.7815904, 33.6997646], [-84.7836978, 33.6998163], [-84.7855407, 33.6997972], [-84.7878505, 33.6997532], [-84.7897417, 33.6997245], [-84.7919664, 33.6996843], [-84.7938783, 33.6996498], [-84.7959535, 33.6996096], [-84.7982772, 33.6995713], [-84.8005848, 33.6995388], [-84.8028463, 33.6994871], [-84.8049399, 33.6994603], [-84.8070263, 33.6993285], [-84.809287, 33.6993752], [-84.8115424, 33.6995442], [-84.8135946, 33.6996931], [-84.8153263, 33.6998065], [-84.8173465, 33.6999621], [-84.8196874, 33.7001178], [-84.8215873, 33.7002601], [-84.8238908, 33.7004179], [-84.8262103, 33.7005913], [-84.8284684, 33.7007536], [-84.8307184, 33.7009226], [-84.8329551, 33.7010826], [-84.8350314, 33.7012405], [-84.8370971, 33.7013916], [-84.8388287, 33.7015006], [-84.840411, 33.7016243], [-84.8434066, 33.7018377], [-84.8456887, 33.7019978], [-84.8476074, 33.7021356], [-84.849502, 33.7022712], [-84.8517841, 33.7024424], [-84.8541063, 33.702598], [-84.8563884, 33.7027759], [-84.8578501, 33.7028826], [-84.859555, 33.7030049], [-84.8613214, 33.7031338], [-84.86289, 33.7032049], [-84.8648434, 33.703325], [-84.8671549, 33.7034606], [-84.869421, 33.7035784], [-84.8717129, 33.7037222], [-84.8735603, 33.7038256], [-84.8758269, 33.7039499], [-84.8780765, 33.7041028], [-84.880409, 33.7042348], [-84.8824891, 33.7043638], [-84.8847748, 33.7044807], [-84.8864836, 33.7045677], [-84.8887981, 33.7047117], [-84.8906908, 33.7048046], [-84.8929945, 33.7049546], [-84.8953198, 33.7050926], [-84.8976199, 33.7052275], [-84.8997433, 33.7053505], [-84.90191, 33.7054854], [-84.9039758, 33.7055994], [-84.906265, 33.7057344], [-84.9079414, 33.7058303], [-84.9093402, 33.7059083], [-84.9109798, 33.7060004], [-84.9125992, 33.7059737], [-84.914435, 33.7059293], [-84.916971, 33.705867], [-84.9192664, 33.7058137], [-84.9218345, 33.7057492], [-84.9239482, 33.7057003], [-84.9259898, 33.7056425], [-84.9278524, 33.7055958], [-84.9297871, 33.7055558], [-84.9317458, 33.7055091], [-84.9338355, 33.7054558], [-84.9354335, 33.7054224], [-84.9376943, 33.7053491], [-84.9397866, 33.7052979], [-84.9417374, 33.7052535], [-84.9440355, 33.7051868], [-84.9463123, 33.7051223], [-84.948573, 33.7050734], [-84.9508346, 33.7050643], [-84.953282, 33.704968], [-84.9545855, 33.7047396], [-84.9569437, 33.7026307], [-84.95824, 33.701521], [-84.9594628, 33.7004492], [-84.9605943, 33.6994748], [-84.9619541, 33.6982873], [-84.9619779, 33.6961981], [-84.9619739, 33.6940874], [-84.9620096, 33.691164], [-84.9620057, 33.6895289], [-84.9620235, 33.6876162], [-84.9620315, 33.6849684], [-84.9620672, 33.6829136], [-84.9621089, 33.681014], [-84.9621446, 33.6792745], [-84.9621585, 33.6773748], [-84.9621843, 33.6750373], [-84.9621982, 33.6731871], [-84.9622181, 33.6708693], [-84.9622201, 33.6693329], [-84.9622419, 33.6669968], [-84.9622578, 33.6651762], [-84.9622756, 33.6635735], [-84.9622836, 33.6620436], [-84.9622995, 33.660735], [-84.9622955, 33.6592976], [-84.9623352, 33.657941], [-84.9624245, 33.6559087], [-84.9642587, 33.6550098], [-84.966347, 33.6539771], [-84.9686735, 33.6528353], [-84.9704403, 33.6519545], [-84.9718159, 33.6512919], [-84.9734258, 33.6492545], [-84.9752024, 33.6470186], [-84.9764292, 33.6454934], [-84.9763637, 33.643036], [-84.9763458, 33.6413685], [-84.9763379, 33.6400944], [-84.976322, 33.6375327], [-84.9770098, 33.6356135], [-84.9771681, 33.6343705], [-84.9772922, 33.6331792], [-84.9774226, 33.6319439], [-84.9775498, 33.6307086], [-84.9776833, 33.6295508], [-84.9778137, 33.6284008], [-84.9779316, 33.6272972], [-84.9780713, 33.6260515], [-84.9782637, 33.6242734], [-84.9801509, 33.6234024], [-84.981591, 33.6234153], [-84.9840958, 33.6234386], [-84.9854119, 33.6234515], [-84.987209, 33.6234722], [-84.9885778, 33.6234877], [-84.9900211, 33.6235109], [-84.9912905, 33.6235316], [-84.9927587, 33.6227097], [-84.9931466, 33.6218775], [-84.9939319, 33.6201949], [-84.9955645, 33.6194221], [-84.9960394, 33.6183934], [-84.9965795, 33.6174112], [-84.9971382, 33.6162971], [-84.9982431, 33.6154571], [-84.9992829, 33.6141957], [-85.0006067, 33.612772], [-85.0024744, 33.6122737], [-85.004308, 33.6118403], [-85.0051446, 33.6115892], [-85.0068615, 33.6111072], [-85.0089231, 33.6103824], [-85.0109273, 33.6097014], [-85.0126108, 33.6090982], [-85.0149864, 33.6082815], [-85.0158068, 33.607981], [-85.0174288, 33.6074135], [-85.019254, 33.6067792], [-85.0216189, 33.6059624], [-85.0236953, 33.6047161], [-85.0243019, 33.6042064], [-85.026111, 33.6026484], [-85.0285213, 33.6023524], [-85.0303037, 33.6022433], [-85.0311856, 33.6021944], [-85.0330216, 33.6025296], [-85.03435, 33.6035352], [-85.0355233, 33.6041685], [-85.0366748, 33.6048252], [-85.0387792, 33.6059962], [-85.0406943, 33.6070587], [-85.0419451, 33.6077566], [-85.0436491, 33.6077644], [-85.0452166, 33.6077851], [-85.0465047, 33.6078135], [-85.0478238, 33.6078213], [-85.049295, 33.6078394], [-85.0508004, 33.6078523], [-85.0524113, 33.607873], [-85.0538204, 33.6078911], [-85.055273, 33.6078936], [-85.0565301, 33.607935], [-85.05874, 33.6080022], [-85.0606377, 33.6080429], [-85.0627719, 33.608097], [-85.0640698, 33.608127], [-85.0653821, 33.608133], [-85.0666907, 33.608139], [-85.0690845, 33.6075895], [-85.0702454, 33.6075895], [-85.0716983, 33.6076075], [-85.0741065, 33.6076256], [-85.0762492, 33.6076345], [-85.0784204, 33.6076463], [-85.080143, 33.6081762], [-85.082063, 33.6093917], [-85.0832119, 33.6094867], [-85.0850166, 33.6090878], [-85.0862246, 33.6083542], [-85.0887892, 33.6083775], [-85.0902819, 33.608396], [-85.0927997, 33.6084046], [-85.0940568, 33.6100161], [-85.0959612, 33.6114549], [-85.0985498, 33.6114122], [-85.1006338, 33.6114217], [-85.1026438, 33.6114282], [-85.1048557, 33.6116231], [-85.1048637, 33.6129576], [-85.1068698, 33.6136803], [-85.1092067, 33.6136467], [-85.1112362, 33.6131633], [-85.1112382, 33.6131562]]}}, {"type": "Feature", "properties": {"project_id": "GPC_11821", "route_mi": 17.69}, "geometry": {"type": "LineString", "coordinates": [[-81.89082, 31.6039085], [-81.8908208, 31.603837], [-81.8913763, 31.6037737], [-81.8935533, 31.6036605], [-81.8956227, 31.6037021], [-81.8976746, 31.6037471], [-81.8997832, 31.6037904], [-81.9018076, 31.6041202], [-81.9039475, 31.6044401], [-81.9051074, 31.6045151], [-81.9076209, 31.6047166], [-81.9091994, 31.6048382], [-81.9105118, 31.6045117], [-81.9120395, 31.6050731], [-81.9131563, 31.6051431], [-81.9157793, 31.6053097], [-81.9167534, 31.6053897], [-81.9192845, 31.6051598], [-81.9215906, 31.6043235], [-81.9233471, 31.6035272], [-81.9253322, 31.604292], [-81.9241205, 31.6059027], [-81.9228621, 31.6076505], [-81.9215884, 31.6093961], [-81.9204475, 31.6109439], [-81.919475, 31.6123112], [-81.918186, 31.6140893], [-81.9167821, 31.615976], [-81.9155901, 31.6176128], [-81.9142321, 31.6194821], [-81.9129023, 31.62131], [-81.9115775, 31.6231423], [-81.9107582, 31.6242334], [-81.9098189, 31.6255374], [-81.9086064, 31.627224], [-81.9076084, 31.6286019], [-81.9058293, 31.628615], [-81.9036393, 31.6286324], [-81.9011532, 31.6286367], [-81.8990009, 31.6291414], [-81.8967995, 31.628811], [-81.8938003, 31.6283577], [-81.8907319, 31.6279339], [-81.8881502, 31.6275773], [-81.8854784, 31.628273], [-81.883027, 31.6288933], [-81.8805352, 31.6295272], [-81.87828, 31.6301246], [-81.8772667, 31.631365], [-81.8755921, 31.6337429], [-81.8740384, 31.635901], [-81.8726971, 31.6378142], [-81.8712057, 31.6398978], [-81.8695451, 31.6421907], [-81.8682164, 31.6440252], [-81.8667652, 31.6459504], [-81.8661594, 31.6481701], [-81.8655682, 31.6503415], [-81.8652092, 31.6515689], [-81.8648303, 31.6528775], [-81.8641436, 31.6552492], [-81.8633686, 31.6579255], [-81.8627581, 31.6601258], [-81.862163, 31.662089], [-81.8592382, 31.6614734], [-81.8570277, 31.6609944], [-81.8551405, 31.6614726], [-81.8537671, 31.661279], [-81.8518893, 31.6605171], [-81.8498453, 31.6597204], [-81.8479814, 31.6598447], [-81.8470153, 31.6612526], [-81.8460866, 31.6626718], [-81.8439737, 31.6632739], [-81.8424653, 31.6637222], [-81.8407356, 31.664693], [-81.836463, 31.6671837], [-81.8345634, 31.6683072], [-81.8330493, 31.6698589], [-81.8317563, 31.6705583], [-81.8307434, 31.6709667], [-81.8288704, 31.6720568], [-81.827013, 31.6731602], [-81.8235257, 31.675213], [-81.8226562, 31.675717], [-81.8207427, 31.6767672], [-81.8194369, 31.6776106], [-81.8177509, 31.6784089], [-81.8168752, 31.6786821], [-81.8151549, 31.679125], [-81.8137649, 31.679491], [-81.8125277, 31.6798225], [-81.8110224, 31.680215], [-81.8098818, 31.6805094], [-81.8082613, 31.6809496], [-81.8072328, 31.6812228], [-81.8050949, 31.6818832], [-81.8034307, 31.6827053], [-81.8016699, 31.6836361], [-81.7995102, 31.684811], [-81.7976996, 31.685771], [-81.7953996, 31.6870094], [-81.793455, 31.6880304], [-81.7922458, 31.6887039], [-81.7910335, 31.689343], [-81.7898212, 31.6899927], [-81.7877643, 31.69108], [-81.7865956, 31.6917111], [-81.7848785, 31.6926418], [-81.782912, 31.6937397], [-81.7815501, 31.6944689], [-81.7804905, 31.6950284], [-81.7788699, 31.6959061], [-81.777427, 31.696683], [-81.7761773, 31.6973459], [-81.7749151, 31.6980194], [-81.7737776, 31.6986372], [-81.772531, 31.6993107], [-81.7715026, 31.699849], [-81.7700379, 31.7006524], [-81.7687757, 31.7013179], [-81.7674761, 31.7020046], [-81.7663324, 31.7026357], [-81.7651294, 31.7032879], [-81.7639047, 31.7039402], [-81.7626581, 31.7046136], [-81.7614614, 31.7052473], [-81.7599281, 31.7060745], [-81.7582421, 31.7069839], [-81.7564844, 31.7079013], [-81.7549199, 31.7087391], [-81.7558899, 31.7100541], [-81.7569401, 31.7114987], [-81.7579227, 31.7128737], [-81.7587842, 31.7140608], [-81.7598202, 31.7154933], [-81.7607423, 31.7167652], [-81.7597099, 31.7179948], [-81.7585813, 31.7193636], [-81.7574563, 31.7207081], [-81.7562886, 31.7221133], [-81.755185, 31.7233972], [-81.7541419, 31.7246812], [-81.7530943, 31.7259363], [-81.7511751, 31.7250063], [-81.74918, 31.7240595], [-81.7472456, 31.7231291], [-81.7452245, 31.7223389], [-81.7437112, 31.7216213], [-81.7437028, 31.7215974]]}}, {"type": "Feature", "properties": {"project_id": "GPC_13787", "route_mi": 8.45}, "geometry": {"type": "LineString", "coordinates": [[-83.7399508, 32.56338], [-83.7399151, 32.563366], [-83.7389591, 32.5631055], [-83.7368111, 32.5631123], [-83.7344651, 32.563133], [-83.7322406, 32.5631503], [-83.7298556, 32.5631472], [-83.7275082, 32.5631472], [-83.7246493, 32.5631535], [-83.7227383, 32.5631599], [-83.7202705, 32.5631662], [-83.7185777, 32.563163], [-83.7160799, 32.5631725], [-83.7133037, 32.5630711], [-83.7109262, 32.5629823], [-83.7082064, 32.5628682], [-83.7056484, 32.5627699], [-83.7022828, 32.5626422], [-83.7000471, 32.5625511], [-83.697854, 32.5624655], [-83.6954314, 32.5623704], [-83.6929035, 32.5622531], [-83.6903735, 32.5625248], [-83.6876859, 32.5627826], [-83.6850267, 32.5630335], [-83.6828453, 32.5632412], [-83.680704, 32.5634515], [-83.67831, 32.5636878], [-83.6760917, 32.5639423], [-83.674012, 32.5638228], [-83.6718675, 32.5637008], [-83.6696153, 32.5636047], [-83.6670127, 32.5634793], [-83.664765, 32.5633619], [-83.6624221, 32.5632516], [-83.6600815, 32.5632453], [-83.6582727, 32.5632264], [-83.6570644, 32.5632197], [-83.6548002, 32.5632051], [-83.6524027, 32.5631934], [-83.6500639, 32.5631778], [-83.6475513, 32.5631665], [-83.6446433, 32.563141], [-83.6418836, 32.5631274], [-83.6397596, 32.5631236], [-83.6382328, 32.5631007], [-83.6366896, 32.5630974], [-83.634913, 32.5630847], [-83.6326359, 32.5630722], [-83.6288087, 32.5630488], [-83.6267161, 32.5630373], [-83.6246269, 32.5630269], [-83.623584, 32.5630179], [-83.6216306, 32.5630097], [-83.6193861, 32.5629979], [-83.616899, 32.5629994], [-83.6162464, 32.5642294], [-83.6156065, 32.5653827], [-83.6148458, 32.56667], [-83.613955, 32.5682697], [-83.6133103, 32.568921], [-83.6104326, 32.5676001], [-83.6083051, 32.5669874], [-83.6059366, 32.5658559], [-83.604003, 32.564939], [-83.6023101, 32.5642851], [-83.6009225, 32.563721], [-83.6000226, 32.5647949]]}}, {"type": "Feature", "properties": {"project_id": "GPC_20067", "route_mi": 4.67}, "geometry": {"type": "LineString", "coordinates": [[-81.0483845, 32.0668279], [-81.0482927, 32.0668746], [-81.049825, 32.0657549], [-81.0504385, 32.0646551], [-81.0523012, 32.0631858], [-81.0527004, 32.06208], [-81.0531066, 32.0610652], [-81.0534212, 32.0595847], [-81.0537406, 32.0580923], [-81.0540655, 32.056602], [-81.0530684, 32.054641], [-81.0515879, 32.0533741], [-81.0518194, 32.0522087], [-81.0521265, 32.0508804], [-81.0524478, 32.0495805], [-81.0528984, 32.0480556], [-81.0534464, 32.0465025], [-81.0536781, 32.0458549], [-81.0542804, 32.044217], [-81.0548308, 32.0426608], [-81.0554331, 32.0410136], [-81.0560209, 32.0394574], [-81.056593, 32.0378326], [-81.0575635, 32.0369875], [-81.0586715, 32.0356983], [-81.0601452, 32.035556], [-81.0616627, 32.0351181], [-81.0633559, 32.0341394], [-81.0653405, 32.0331562], [-81.0672174, 32.0338951], [-81.0694745, 32.0333847], [-81.0717732, 32.0339782], [-81.0741174, 32.0345762], [-81.0756034, 32.0349536], [-81.076915, 32.0352833], [-81.0788542, 32.0349241], [-81.0805199, 32.0343238], [-81.0809168, 32.0331482], [-81.0814103, 32.0317362], [-81.0818449, 32.0305879], [-81.0832503, 32.0297033], [-81.0844171, 32.0289711], [-81.0850984, 32.0274499], [-81.0857931, 32.0259195], [-81.0861874, 32.0245778], [-81.0863294, 32.0227153], [-81.0861807, 32.0226869]]}}, {"type": "Feature", "properties": {"project_id": "GPC_18774", "route_mi": 0.58}, "geometry": {"type": "LineString", "coordinates": [[-84.9942221, 33.358678], [-84.9942595, 33.3586723], [-84.9960226, 33.3579922], [-84.9960896, 33.3552679], [-84.9971008, 33.3545667], [-84.9980018, 33.3528234], [-84.9981064, 33.3518397], [-84.9980901, 33.3516272]]}}, {"type": "Feature", "properties": {"project_id": "GPC_20010", "route_mi": 37.23}, "geometry": {"type": "LineString", "coordinates": [[-82.6362788, 34.0018324], [-82.6361657, 34.0016839], [-82.63667, 34.0011717], [-82.6379435, 33.9996664], [-82.64031, 33.9984298], [-82.641928, 33.9974572], [-82.6437605, 33.9965199], [-82.6458368, 33.9954327], [-82.6462571, 33.9941747], [-82.6445801, 33.992847], [-82.6436176, 33.9920769], [-82.6413228, 33.9902474], [-82.6394482, 33.9887768], [-82.6379099, 33.9875744], [-82.6366448, 33.9865917], [-82.6350225, 33.9852848], [-82.6340852, 33.9844414], [-82.6329252, 33.9834168], [-82.6316344, 33.982237], [-82.6283612, 33.9793042], [-82.6274523, 33.9784741], [-82.626056, 33.9772398], [-82.6253711, 33.9766281], [-82.6241197, 33.9754647], [-82.6228157, 33.9742632], [-82.621538, 33.9731435], [-82.6202866, 33.972062], [-82.6188574, 33.9707129], [-82.6171253, 33.9693092], [-82.6157027, 33.9681676], [-82.6142933, 33.9670205], [-82.6131605, 33.9661247], [-82.6116193, 33.9648739], [-82.6102165, 33.9637049], [-82.6084415, 33.9622976], [-82.6068963, 33.9611048], [-82.6054428, 33.9599056], [-82.604303, 33.9589792], [-82.602773, 33.9575516], [-82.6030331, 33.9555909], [-82.6034233, 33.952672], [-82.6038804, 33.94935], [-82.602219, 33.9480235], [-82.6003705, 33.9470734], [-82.597966, 33.9458271], [-82.596382, 33.9450316], [-82.5955131, 33.9445942], [-82.5938168, 33.9437401], [-82.592381, 33.942997], [-82.5884096, 33.9410082], [-82.584076, 33.9388008], [-82.5817116, 33.9376096], [-82.5799004, 33.9367353], [-82.5787281, 33.9357627], [-82.5775623, 33.9346644], [-82.5761793, 33.9333748], [-82.5748818, 33.9321453], [-82.5735119, 33.9308721], [-82.5723527, 33.9297573], [-82.5701657, 33.9277398], [-82.5691224, 33.9267188], [-82.5680337, 33.9256979], [-82.5662419, 33.9240276], [-82.5648357, 33.9226725], [-82.5635429, 33.9214962], [-82.5623067, 33.9205128], [-82.5608551, 33.9193929], [-82.5595623, 33.9183107], [-82.5581674, 33.9169791], [-82.5574133, 33.9162262], [-82.5547426, 33.9134405], [-82.5519528, 33.9120147], [-82.5516196, 33.911806], [-82.5498584, 33.9106449], [-82.5485123, 33.9095225], [-82.5466963, 33.9081288], [-82.5456076, 33.9072455], [-82.5437574, 33.9058072], [-82.5422099, 33.9045714], [-82.5407648, 33.9034085], [-82.539066, 33.9020593], [-82.5378064, 33.9010625], [-82.5360685, 33.8996727], [-82.5343599, 33.8983072], [-82.5316797, 33.8961757], [-82.5301176, 33.8949398], [-82.5284431, 33.8936107], [-82.527125, 33.8925692], [-82.5260754, 33.8917223], [-82.5244449, 33.8904296], [-82.5233123, 33.8895421], [-82.5216329, 33.8882048], [-82.5203832, 33.8871997], [-82.5190749, 33.8860123], [-82.5179618, 33.8849667], [-82.516756, 33.8838603], [-82.5153256, 33.8825472], [-82.5138171, 33.8811328], [-82.5126601, 33.8800345], [-82.5114202, 33.8788915], [-82.5098726, 33.8774811], [-82.5087644, 33.8764557], [-82.5073194, 33.8751222], [-82.506138, 33.8740116], [-82.504693, 33.8726943], [-82.5034237, 33.871531], [-82.5016909, 33.8699204], [-82.5005617, 33.8688704], [-82.4990011, 33.8674158], [-82.4977924, 33.8663423], [-82.4965991, 33.8651926], [-82.4950232, 33.863738], [-82.4936539, 33.8624739], [-82.4922387, 33.8611781], [-82.4902191, 33.8592914], [-82.4891482, 33.8583131], [-82.488039, 33.8572713], [-82.4871898, 33.8564709], [-82.4859103, 33.8553263], [-82.4834324, 33.8530189], [-82.4819751, 33.8516816], [-82.4804158, 33.8502029], [-82.4784595, 33.8484134], [-82.4770419, 33.8470901], [-82.4759192, 33.8460729], [-82.4745867, 33.8448061], [-82.4730841, 33.8434262], [-82.4714397, 33.8419191], [-82.4703964, 33.8409395], [-82.4690185, 33.839423], [-82.4668581, 33.836809], [-82.4647828, 33.834487], [-82.4628265, 33.8323722], [-82.4614543, 33.8310534], [-82.4603259, 33.8297675], [-82.4590331, 33.8283496], [-82.4572867, 33.8263854], [-82.4561243, 33.8250994], [-82.4548881, 33.8237475], [-82.4538845, 33.8226405], [-82.4529373, 33.8216069], [-82.4512144, 33.8196724], [-82.4499129, 33.8182285], [-82.4511806, 33.8171971], [-82.4529411, 33.8164283], [-82.4554126, 33.8153], [-82.4574289, 33.8143655], [-82.4595656, 33.8133528], [-82.4618754, 33.812312], [-82.463602, 33.8115713], [-82.466634, 33.810171], [-82.4696607, 33.8087555], [-82.4715294, 33.807918], [-82.4734098, 33.8070559], [-82.476139, 33.8058363], [-82.4784497, 33.8047587], [-82.4808902, 33.8036468], [-82.4836489, 33.8025202], [-82.4860657, 33.8015357], [-82.4901337, 33.7997767], [-82.4924407, 33.7988145], [-82.4954512, 33.7975836], [-82.5000914, 33.7956737], [-82.5026038, 33.7946025], [-82.5034078, 33.7942539], [-82.5064357, 33.7940542], [-82.5091535, 33.79384], [-82.511845, 33.793662], [-82.514388, 33.7934623], [-82.5166731, 33.7932844], [-82.5205881, 33.7929503], [-82.5227335, 33.7928269], [-82.524455, 33.7927252], [-82.5269892, 33.7925436], [-82.5304192, 33.792264], [-82.5331019, 33.792097], [-82.5370518, 33.7917847], [-82.5398264, 33.791585], [-82.5420285, 33.791418], [-82.5449342, 33.7911928], [-82.5477437, 33.7909931], [-82.5504046, 33.7908188], [-82.5529432, 33.7906264], [-82.5561547, 33.7903867], [-82.5573519, 33.7900199], [-82.5602619, 33.789123], [-82.5619921, 33.7886146], [-82.5639409, 33.7877286], [-82.5665931, 33.7865302], [-82.5681224, 33.7858402], [-82.570106, 33.7849723], [-82.5717516, 33.7842225], [-82.5743208, 33.7830967], [-82.576003, 33.7823305], [-82.5777638, 33.7815351], [-82.5800796, 33.7805291], [-82.5815215, 33.7798791], [-82.5851489, 33.7782448], [-82.5867481, 33.7775221], [-82.5881856, 33.7768901], [-82.5904009, 33.7766613], [-82.593726, 33.7763308], [-82.596081, 33.7760729], [-82.5973831, 33.7759531], [-82.6003062, 33.7748926], [-82.6038716, 33.7735705], [-82.6056281, 33.7729168], [-82.6072404, 33.7723357], [-82.6090406, 33.7716855], [-82.6115513, 33.7707614], [-82.6152478, 33.7693303], [-82.6188394, 33.7680736], [-82.6231563, 33.7664572], [-82.6251269, 33.7657017], [-82.6272111, 33.7649425], [-82.6291205, 33.7642633], [-82.6312265, 33.763515], [-82.6346041, 33.76228], [-82.6390914, 33.7606381], [-82.6421106, 33.7595447], [-82.6440593, 33.7588218], [-82.6461173, 33.7580626], [-82.649154, 33.7569473], [-82.6512338, 33.7561917], [-82.6533442, 33.7554361], [-82.6571936, 33.7540375], [-82.6601779, 33.7529404], [-82.6629787, 33.7519232], [-82.6653206, 33.7510767], [-82.6673917, 33.7502302], [-82.6691569, 33.7494818], [-82.6720538, 33.7482902], [-82.6751342, 33.7470295], [-82.6791103, 33.7453764], [-82.6822851, 33.7441252], [-82.6842788, 33.7432587], [-82.686062, 33.7424873], [-82.6891956, 33.7411672], [-82.6910276, 33.740404], [-82.6937661, 33.7392841], [-82.6954665, 33.7385833], [-82.6983405, 33.7374009], [-82.7008722, 33.736331], [-82.7025838, 33.735721], [-82.7049989, 33.7348294], [-82.7073538, 33.7340035], [-82.7098162, 33.7330854], [-82.7129374, 33.7319796], [-82.7151602, 33.7311313], [-82.7172543, 33.7316768], [-82.7182129, 33.7319165], [-82.720412, 33.7324822], [-82.7217269, 33.7328108], [-82.7232783, 33.7331986], [-82.7254191, 33.7321374], [-82.7258174, 33.731227], [-82.7266757, 33.7297537], [-82.7276052, 33.7281699], [-82.7284149, 33.7268042], [-82.7292181, 33.7254385], [-82.7300861, 33.7239705], [-82.7308763, 33.7225994], [-82.7333248, 33.7222034], [-82.7361036, 33.7226532], [-82.738999, 33.72313], [-82.740654, 33.7233294], [-82.7423802, 33.7235287], [-82.7438733, 33.7238789], [-82.7460821, 33.7241994], [-82.7491297, 33.7246789], [-82.7512476, 33.7256227], [-82.7519992, 33.7269443], [-82.7530032, 33.7284419], [-82.7521903, 33.7298722], [-82.7514214, 33.7311736], [-82.7512848, 33.731504]]}}, {"type": "Feature", "properties": {"project_id": "GPC_18960", "route_mi": 7.05}, "geometry": {"type": "LineString", "coordinates": [[-84.5080123, 34.1857567], [-84.5080949, 34.1859145], [-84.5077506, 34.1838126], [-84.5081411, 34.1823544], [-84.5087412, 34.1812109], [-84.508913, 34.1796324], [-84.508336, 34.1782173], [-84.5087716, 34.175439], [-84.5091103, 34.1734807], [-84.5093036, 34.172362], [-84.5096934, 34.170185], [-84.5100832, 34.1678489], [-84.5103909, 34.1658564], [-84.5108397, 34.1633207], [-84.5098831, 34.1597811], [-84.5094779, 34.1582744], [-84.5090907, 34.156859], [-84.5086753, 34.155365], [-84.5082598, 34.1537882], [-84.5077674, 34.1518676], [-84.5074289, 34.1506239], [-84.5069622, 34.1489791], [-84.50638, 34.1467464], [-84.5057338, 34.1442589], [-84.5051824, 34.1422722], [-84.5049054, 34.1405912], [-84.5049875, 34.1396636], [-84.5054568, 34.1351997], [-84.505603, 34.1339749], [-84.5059492, 34.1309097], [-84.5062826, 34.1275301], [-84.5066761, 34.1240683], [-84.5069404, 34.1215722], [-84.5071044, 34.1205499], [-84.5074142, 34.1185595], [-84.5075116, 34.1179586], [-84.5078219, 34.1161773], [-84.5081964, 34.1138078], [-84.5084887, 34.1118587], [-84.5093574, 34.1067279], [-84.5097615, 34.1041385], [-84.5101005, 34.101906], [-84.510316, 34.1004393], [-84.5106303, 34.0984632], [-84.5109334, 34.0967269], [-84.5112499, 34.0945555], [-84.5115934, 34.0924808], [-84.5118269, 34.090999], [-84.5119726, 34.0889226], [-84.5121602, 34.0877532], [-84.5130571, 34.0857654], [-84.5135441, 34.0854432], [-84.5134557, 34.0852701]]}}, {"type": "Feature", "properties": {"project_id": "GPC_19618", "route_mi": 34.92}, "geometry": {"type": "LineString", "coordinates": [[-83.3169141, 32.8824706], [-83.3170137, 32.8826786], [-83.3172125, 32.8818647], [-83.3176963, 32.8800951], [-83.3183201, 32.8783322], [-83.3189239, 32.87666], [-83.3178803, 32.8757432], [-83.3167687, 32.8750313], [-83.3146496, 32.8736578], [-83.3132421, 32.8727612], [-83.3118347, 32.8718276], [-83.3101394, 32.8706623], [-83.3065728, 32.8683518], [-83.3048015, 32.8671831], [-83.3016588, 32.8650976], [-83.2997116, 32.863818], [-83.2970086, 32.8620346], [-83.2931342, 32.8594988], [-83.2908591, 32.8579605], [-83.2888959, 32.8566506], [-83.2870903, 32.8552987], [-83.2852541, 32.8541323], [-83.2827785, 32.8525015], [-83.281326, 32.8515423], [-83.2790194, 32.8500228], [-83.2771604, 32.848814], [-83.2733967, 32.8463505], [-83.2712911, 32.8449729], [-83.2688429, 32.8433381], [-83.2673721, 32.8423826], [-83.2653442, 32.8410049], [-83.2629416, 32.8394277], [-83.2611648, 32.8382457], [-83.2593561, 32.8370675], [-83.2573327, 32.8357397], [-83.2556016, 32.8345845], [-83.2525824, 32.8326118], [-83.2502164, 32.8310613], [-83.2487868, 32.8301018], [-83.2463842, 32.8285665], [-83.2440405, 32.8270496], [-83.2426657, 32.8260809], [-83.2403572, 32.8245598], [-83.2384749, 32.8233636], [-83.2361656, 32.8218549], [-83.2346393, 32.8208447], [-83.2317447, 32.8189306], [-83.2303133, 32.8179868], [-83.2283361, 32.8166841], [-83.2269837, 32.8157935], [-83.2244293, 32.8141318], [-83.2219381, 32.8124901], [-83.2185532, 32.8102302], [-83.2161806, 32.8085418], [-83.2145989, 32.807465], [-83.2117122, 32.8054775], [-83.2100119, 32.8043209], [-83.2083827, 32.803224], [-83.2065479, 32.8019145], [-83.2046499, 32.8006315], [-83.2023801, 32.7990493], [-83.2007351, 32.7979258], [-83.1989715, 32.7966893], [-83.1971051, 32.7954196], [-83.1951516, 32.7940301], [-83.1932219, 32.7926473], [-83.1915611, 32.7915237], [-83.190098, 32.7905265], [-83.1884293, 32.7893696], [-83.1868397, 32.7882859], [-83.1852975, 32.7872222], [-83.1829012, 32.7855932], [-83.1797931, 32.7834922], [-83.1767879, 32.7813445], [-83.1747316, 32.7799482], [-83.1727703, 32.7786716], [-83.170809, 32.7772819], [-83.1691956, 32.7761116], [-83.1673925, 32.774888], [-83.1654944, 32.7735648], [-83.1637782, 32.7723412], [-83.1620146, 32.7711775], [-83.1602035, 32.769914], [-83.1584716, 32.7686904], [-83.1564944, 32.7673271], [-83.1548178, 32.7661567], [-83.1529672, 32.7648865], [-83.1511957, 32.7636828], [-83.149432, 32.7624591], [-83.1474786, 32.7611223], [-83.1455489, 32.7597789], [-83.1437616, 32.7585552], [-83.1418161, 32.7572051], [-83.1395305, 32.7556221], [-83.137884, 32.7544734], [-83.1362356, 32.7533368], [-83.1344478, 32.7521186], [-83.1327993, 32.7509769], [-83.1307145, 32.7495294], [-83.1292358, 32.7485048], [-83.1274298, 32.7472509], [-83.1257328, 32.7460837], [-83.1238299, 32.7447584], [-83.1215814, 32.7432036], [-83.1196421, 32.7418477], [-83.1177512, 32.7405478], [-83.1159755, 32.7393295], [-83.1139998, 32.7379684], [-83.1123635, 32.736801], [-83.1107636, 32.7356642], [-83.1089454, 32.7344458], [-83.1064425, 32.7327227], [-83.1055396, 32.7320883], [-83.1042001, 32.7311474], [-83.102921, 32.7302674], [-83.1005211, 32.7286207], [-83.0986233, 32.7273045], [-83.0971312, 32.726266], [-83.0950875, 32.7248638], [-83.093061, 32.7234401], [-83.0918617, 32.722568], [-83.0894265, 32.7209536], [-83.0888126, 32.720526], [-83.0866213, 32.719004], [-83.0846658, 32.7176324], [-83.083251, 32.7166575], [-83.0813321, 32.7153577], [-83.0796978, 32.7142324], [-83.0782058, 32.7131788], [-83.076356, 32.71192], [-83.0748477, 32.7108699], [-83.073189, 32.7097547], [-83.0717376, 32.7087729], [-83.0698675, 32.7075551], [-83.0682576, 32.7065118], [-83.0661964, 32.7051913], [-83.0643913, 32.7040042], [-83.0626472, 32.7028685], [-83.0603259, 32.7013769], [-83.058224, 32.6999845], [-83.0558416, 32.6984621], [-83.054435, 32.697576], [-83.0526828, 32.6963477], [-83.050959, 32.6952563], [-83.0495646, 32.6943942], [-83.0460154, 32.6920745], [-83.0427224, 32.68996], [-83.0415027, 32.6891662], [-83.0379658, 32.6868669], [-83.035555, 32.6852998], [-83.0339369, 32.6842356], [-83.0316765, 32.6827814], [-83.0304609, 32.6819909], [-83.0283997, 32.6806598], [-83.0265174, 32.679445], [-83.0239399, 32.6777854], [-83.0218462, 32.6764063], [-83.0200249, 32.675236], [-83.0184963, 32.6742265], [-83.0171724, 32.6733818], [-83.0147738, 32.6714962], [-83.0135623, 32.6705688], [-83.0109929, 32.6685291], [-83.0095944, 32.6674408], [-83.0079032, 32.6661197], [-83.0056346, 32.6643674], [-83.0040329, 32.6631079], [-83.0017562, 32.661359], [-83.0000162, 32.6600105], [-82.998577, 32.6588981], [-82.9964467, 32.6572244], [-82.9953287, 32.6563447], [-82.9935927, 32.6549995], [-82.9916942, 32.6535072], [-82.9899013, 32.652114], [-82.9883727, 32.650916], [-82.9863725, 32.6493482], [-82.9846162, 32.6480166], [-82.9827379, 32.6465241], [-82.9811321, 32.6452712], [-82.9795181, 32.6440081], [-82.9787782, 32.643498], [-82.9767942, 32.6418479], [-82.9745948, 32.6401431], [-82.9733345, 32.6391914], [-82.9713871, 32.6376542], [-82.9706228, 32.6370688], [-82.9681876, 32.6351824], [-82.9673664, 32.6345388], [-82.9661305, 32.6335527], [-82.9645531, 32.6322209], [-82.9622195, 32.6303789], [-82.9604307, 32.6289649], [-82.9585362, 32.6274515], [-82.9566661, 32.6259758], [-82.9552228, 32.6242912], [-82.953926, 32.622812], [-82.9526779, 32.6213739], [-82.9511777, 32.6196515], [-82.9496897, 32.6179291], [-82.9469984, 32.6148507], [-82.9458885, 32.6135836], [-82.94449, 32.611981], [-82.9432907, 32.610594], [-82.9420751, 32.6092276], [-82.9409205, 32.6078989], [-82.9397415, 32.6064947], [-82.9383755, 32.6052481], [-82.9369567, 32.6039364], [-82.9354077, 32.602522], [-82.9338263, 32.6010561], [-82.9322936, 32.5996382], [-82.9304845, 32.5979805], [-82.9290006, 32.5966105], [-82.9274679, 32.5951822], [-82.9258742, 32.5937196], [-82.9243009, 32.5922536], [-82.92263, 32.5907294], [-82.9209794, 32.5892291], [-82.9193613, 32.5876979], [-82.9178896, 32.5863483], [-82.9163529, 32.584937], [-82.9143811, 32.5831214], [-82.9130192, 32.5818505], [-82.9111954, 32.5801739], [-82.9095503, 32.5786542], [-82.9078496, 32.5770877], [-82.9062641, 32.5756251], [-82.9044421, 32.5739407], [-82.9028785, 32.5724885], [-82.9012387, 32.5709795], [-82.8995543, 32.5694334], [-82.8983228, 32.567748], [-82.8973242, 32.5658003], [-82.8967299, 32.5645136], [-82.8961462, 32.5632358], [-82.895495, 32.5618231], [-82.8948437, 32.5604374], [-82.8942956, 32.5592465], [-82.8944237, 32.5580407], [-82.8945946, 32.5565889], [-82.8946835, 32.555359], [-82.8948366, 32.5540002], [-82.8949398, 32.5528273], [-82.8951106, 32.5513544], [-82.8952316, 32.5502084], [-82.8953775, 32.5490055], [-82.8955021, 32.5476735], [-82.8956201, 32.5464314], [-82.8957641, 32.5448352], [-82.8955351, 32.5430002], [-82.8949599, 32.5418197], [-82.894378, 32.5406232], [-82.8945494, 32.5406038]]}}, {"type": "Feature", "properties": {"project_id": "GPC_21139", "route_mi": 89.56}, "geometry": {"type": "LineString", "coordinates": [[-83.5635642, 32.9953281], [-83.563561, 32.9952546], [-83.5632311, 32.9932377], [-83.5647332, 32.9918362], [-83.5654734, 32.991087], [-83.5665141, 32.9900454], [-83.5681323, 32.9883545], [-83.5689759, 32.9875178], [-83.5698292, 32.9866264], [-83.5708208, 32.9856337], [-83.5716565, 32.9848052], [-83.5731439, 32.9832725], [-83.5739836, 32.9824172], [-83.5748232, 32.9815552], [-83.5757229, 32.9806631], [-83.5770263, 32.9790028], [-83.5774702, 32.9780737], [-83.5782978, 32.9761584], [-83.5789136, 32.9744612], [-83.5792335, 32.973683], [-83.5800491, 32.9717139], [-83.5805409, 32.9703554], [-83.5808368, 32.9695235], [-83.5817485, 32.9679066], [-83.5816725, 32.9659844], [-83.5815805, 32.9649881], [-83.5813606, 32.9629082], [-83.5811967, 32.9609892], [-83.5810088, 32.959087], [-83.5808208, 32.9571479], [-83.5806329, 32.955306], [-83.580417, 32.9531755], [-83.580349, 32.9524709], [-83.5801691, 32.950535], [-83.5800331, 32.9493271], [-83.5799132, 32.9480957], [-83.5797692, 32.9464617], [-83.5796893, 32.945653], [-83.5788874, 32.9437836], [-83.5788935, 32.9420711], [-83.5792612, 32.9404254], [-83.5800364, 32.9386202], [-83.5809985, 32.9369179], [-83.5817859, 32.9355678], [-83.5827817, 32.9339683], [-83.5841881, 32.9322633], [-83.585187, 32.9310855], [-83.5865167, 32.9295399], [-83.587056, 32.9289149], [-83.5883276, 32.927431], [-83.5897431, 32.925749], [-83.5912629, 32.9245068], [-83.591698, 32.9225985], [-83.5918267, 32.9208804], [-83.5919799, 32.9187816], [-83.5919799, 32.9174055], [-83.5917409, 32.9152887], [-83.5926416, 32.9136129], [-83.594039, 32.9136574], [-83.596033, 32.9137131], [-83.5980376, 32.9137821], [-83.6015191, 32.9139223], [-83.6038684, 32.9140269], [-83.6064352, 32.9141315], [-83.6097152, 32.914274], [-83.6110304, 32.9143319], [-83.6132736, 32.9144142], [-83.6166331, 32.9145634], [-83.6185264, 32.9146457], [-83.6209393, 32.9147504], [-83.6229572, 32.9148416], [-83.6246091, 32.9149062], [-83.6270804, 32.9150086], [-83.6307555, 32.9151688], [-83.6325691, 32.9152534], [-83.6347196, 32.9153224], [-83.6366261, 32.9154092], [-83.6386976, 32.9155034], [-83.6407372, 32.915641], [-83.6431434, 32.9157846], [-83.6448293, 32.9158952], [-83.6472633, 32.9160482], [-83.6520693, 32.9163735], [-83.6548676, 32.916559], [-83.6613168, 32.9169624], [-83.6645958, 32.9171869], [-83.6679095, 32.9173789], [-83.6697932, 32.9207299], [-83.6712078, 32.9233164], [-83.6722155, 32.9250992], [-83.6733913, 32.926782], [-83.6742174, 32.9281796], [-83.6756464, 32.9306802], [-83.6765156, 32.9319233], [-83.6772448, 32.9331035], [-83.6781462, 32.9348007], [-83.679004, 32.9370521], [-83.6796123, 32.9386488], [-83.6809693, 32.9418925], [-83.6817519, 32.9438462], [-83.6826228, 32.9459803], [-83.6835451, 32.948267], [-83.684285, 32.9500946], [-83.6851689, 32.9523085], [-83.6857815, 32.9538563], [-83.6872719, 32.9574952], [-83.6886326, 32.9608752], [-83.6899419, 32.96411], [-83.6903841, 32.9652126], [-83.6909684, 32.966717], [-83.6918241, 32.968812], [-83.6925144, 32.9704879], [-83.693463, 32.972802], [-83.6943983, 32.9750612], [-83.6952319, 32.9771345], [-83.6959917, 32.9790384], [-83.6968437, 32.9811536], [-83.697684, 32.9832383], [-83.6982707, 32.9846937], [-83.6989774, 32.9864469], [-83.6999345, 32.9888101], [-83.7006333, 32.9905353], [-83.7018652, 32.9935767], [-83.7027561, 32.9957761], [-83.7033793, 32.9973379], [-83.7043007, 32.9995657], [-83.7047941, 33.0007585], [-83.705775, 33.0031867], [-83.7065363, 33.0050713], [-83.7074387, 33.0073051], [-83.7090734, 33.0109862], [-83.7098366, 33.0126984], [-83.7105554, 33.0143111], [-83.7117213, 33.0169355], [-83.7122619, 33.0181373], [-83.7131571, 33.0201275], [-83.7139161, 33.0218278], [-83.7151173, 33.0245188], [-83.7162923, 33.0271509], [-83.7173057, 33.0293823], [-83.7182206, 33.0314501], [-83.7191517, 33.0335616], [-83.7206037, 33.0367805], [-83.7214268, 33.0386416], [-83.7222609, 33.0405129], [-83.723536, 33.0433649], [-83.7242508, 33.044991], [-83.7250848, 33.0468215], [-83.7259376, 33.0487407], [-83.7270737, 33.0512767], [-83.7275051, 33.0525191], [-83.7284341, 33.0551165], [-83.7288369, 33.0561823], [-83.7301529, 33.0599629], [-83.7314609, 33.0636678], [-83.7322134, 33.0657765], [-83.733253, 33.0686511], [-83.7339622, 33.0706121], [-83.7342909, 33.0715695], [-83.7354307, 33.0747427], [-83.735827, 33.0758944], [-83.7368828, 33.0788504], [-83.7373762, 33.0802066], [-83.7378429, 33.0815101], [-83.7386674, 33.0837878], [-83.7399547, 33.0873689], [-83.7408725, 33.0899625], [-83.7414714, 33.091608], [-83.7432798, 33.0959902], [-83.7440071, 33.0978506], [-83.7444858, 33.099152], [-83.745035, 33.1004647], [-83.7457405, 33.1022294], [-83.7465191, 33.104178], [-83.7478543, 33.107474], [-83.7484572, 33.1090054], [-83.7490998, 33.1105489], [-83.749813, 33.1123837], [-83.7514031, 33.116236], [-83.7524001, 33.1187319], [-83.7531279, 33.120533], [-83.7546561, 33.124257], [-83.7551619, 33.1254851], [-83.7558714, 33.1272495], [-83.7567665, 33.1294282], [-83.7575853, 33.1314911], [-83.758746, 33.1344041], [-83.7601396, 33.1370123], [-83.7616097, 33.1398429], [-83.7626372, 33.1417128], [-83.7634596, 33.1432392], [-83.7643802, 33.1450002], [-83.7655584, 33.1472408], [-83.7665053, 33.1490239], [-83.7674263, 33.1507371], [-83.7686644, 33.1530667], [-83.7693344, 33.1543266], [-83.7699702, 33.1555167], [-83.7713253, 33.158062], [-83.7724125, 33.160088], [-83.7735606, 33.1622613], [-83.7742415, 33.1635747], [-83.7747888, 33.1645548], [-83.7755043, 33.165864], [-83.7761166, 33.1678208], [-83.7769942, 33.1705859], [-83.7778281, 33.1731713], [-83.7782098, 33.1743538], [-83.7786421, 33.1757121], [-83.7790021, 33.1768459], [-83.7793855, 33.1780382], [-83.7799, 33.179634], [-83.7803773, 33.1811431], [-83.7810765, 33.1833307], [-83.7817669, 33.1854722], [-83.7821274, 33.1866733], [-83.7825333, 33.1878704], [-83.7828587, 33.1889137], [-83.7834174, 33.1906405], [-83.783956, 33.1923136], [-83.7844826, 33.1939717], [-83.7851336, 33.1960113], [-83.7860588, 33.1988838], [-83.7869905, 33.2017875], [-83.7876342, 33.2037937], [-83.7884871, 33.2064518], [-83.7894284, 33.2093829], [-83.7900275, 33.2112484], [-83.7906572, 33.2127804], [-83.7912838, 33.214342], [-83.7924545, 33.2172182], [-83.7937183, 33.2203186], [-83.7946148, 33.2224804], [-83.7957308, 33.2252404], [-83.7965305, 33.227218], [-83.797225, 33.2289139], [-83.7977735, 33.2302534], [-83.7985337, 33.2321098], [-83.7994731, 33.2344112], [-83.8005873, 33.2371407], [-83.8014587, 33.2392756], [-83.8024133, 33.2416269], [-83.8032779, 33.2436932], [-83.8043642, 33.2463237], [-83.8054487, 33.2490578], [-83.8067621, 33.2522504], [-83.807795, 33.2547979], [-83.8087328, 33.2571189], [-83.8097262, 33.25958], [-83.8106362, 33.2617769], [-83.8116567, 33.2642846], [-83.8128321, 33.2671959], [-83.8139996, 33.2700482], [-83.8151218, 33.2728129], [-83.8158767, 33.2746513], [-83.8169178, 33.2772024], [-83.8183352, 33.2806284], [-83.8190185, 33.2819677], [-83.8201148, 33.2841162], [-83.8211876, 33.286093], [-83.8223825, 33.2882946], [-83.823265, 33.2899994], [-83.8251477, 33.2935347], [-83.8262645, 33.2956456], [-83.8273235, 33.297687], [-83.8290026, 33.3008195], [-83.830917, 33.3044341], [-83.8318975, 33.306312], [-83.8324422, 33.3073363], [-83.8332184, 33.3088272], [-83.8344577, 33.3111887], [-83.8354177, 33.3129754], [-83.836371, 33.3147222], [-83.837651, 33.3171916], [-83.8388939, 33.3195729], [-83.8432003, 33.3206054], [-83.8444348, 33.3206101], [-83.8463851, 33.3195506], [-83.8475346, 33.3190039], [-83.8488431, 33.3184182], [-83.8504453, 33.3176867], [-83.8518535, 33.317002], [-83.8534205, 33.3162678], [-83.8548505, 33.315604], [-83.8562587, 33.3149479], [-83.857888, 33.3141669], [-83.8592526, 33.313529], [-83.8606639, 33.3128287], [-83.8616546, 33.3123757], [-83.8636048, 33.3114618], [-83.8657856, 33.3104647], [-83.8679041, 33.3094623], [-83.8690817, 33.3088895], [-83.8702874, 33.3083037], [-83.8717765, 33.3075851], [-83.8729822, 33.3070279], [-83.8744464, 33.3063457], [-83.875677, 33.3057469], [-83.8778142, 33.3047392], [-83.8791102, 33.30413], [-83.8806648, 33.3034191], [-83.8826618, 33.3024583], [-83.8837615, 33.3019402], [-83.8850045, 33.3013621], [-83.8866277, 33.3006278], [-83.8878956, 33.2999951], [-83.8888926, 33.2995264], [-83.8901948, 33.2989119], [-83.8914971, 33.2983052], [-83.8928367, 33.2976698], [-83.8942542, 33.2970006], [-83.8955689, 33.2963678], [-83.8969895, 33.2957142], [-83.8988743, 33.294821], [-83.9002077, 33.2941987], [-83.9012421, 33.2937195], [-83.9025225, 33.293105], [-83.9041456, 33.2923446], [-83.9055943, 33.2916597], [-83.9068623, 33.2910633], [-83.9081146, 33.2904696], [-83.9094605, 33.2898498], [-83.9107285, 33.2892534], [-83.9120463, 33.2886284], [-83.9132675, 33.2880503], [-83.9147162, 33.2873732], [-83.9160402, 33.2867429], [-83.9172241, 33.2861778], [-83.9187725, 33.2854278], [-83.9199532, 33.2848652], [-83.9211994, 33.284597], [-83.9225203, 33.2843027], [-83.9242779, 33.2840248], [-83.9271957, 33.2841628], [-83.928822, 33.2842115], [-83.9315796, 33.284244], [-83.9331137, 33.2842115], [-83.9357256, 33.2841668], [-83.9386628, 33.2841019], [-83.9400658, 33.2840776], [-83.9417505, 33.2840735], [-83.9434399, 33.2840613], [-83.9451828, 33.2840776], [-83.9468383, 33.2841263], [-83.9483336, 33.2841871], [-83.9499843, 33.2842521], [-83.9515669, 33.2843292], [-83.9534118, 33.2844225], [-83.9559508, 33.2844915], [-83.9578345, 33.2845078], [-83.9601211, 33.2845321], [-83.9619377, 33.2845477], [-83.9639628, 33.2845703], [-83.9660814, 33.2846799], [-83.9682218, 33.2846885], [-83.9697731, 33.2846636], [-83.971198, 33.2844739], [-83.9728238, 33.2842593], [-83.9743789, 33.2840354], [-83.9762427, 33.2837679], [-83.9778834, 33.2835564], [-83.9792971, 33.2833356], [-83.9806959, 33.283009], [-83.9822399, 33.2826514], [-83.9838024, 33.2822875], [-83.9852124, 33.2819641], [-83.9870651, 33.2815349], [-83.9885681, 33.2811803], [-83.9902869, 33.2807698], [-83.9917378, 33.2804339], [-83.9931367, 33.280098], [-83.9946248, 33.2797403], [-83.9961203, 33.2794044], [-83.9973815, 33.2791089], [-83.9990296, 33.2787015], [-84.0003168, 33.2783967], [-84.0019054, 33.2780141], [-84.0040334, 33.2774885], [-84.0054806, 33.2772055], [-84.0083787, 33.2768011], [-84.0098706, 33.2765896], [-84.0115447, 33.2763439], [-84.0136021, 33.2760547], [-84.0149079, 33.2758805], [-84.01621, 33.2756845], [-84.017832, 33.2754482], [-84.0190523, 33.2752709], [-84.0207264, 33.2750314], [-84.0220955, 33.2748354], [-84.0235055, 33.2746208], [-84.0257042, 33.2743129], [-84.0270324, 33.2741325], [-84.0287065, 33.2738805], [-84.0301686, 33.2736877], [-84.0317758, 33.2734482], [-84.0333048, 33.2732305], [-84.0344358, 33.2730687], [-84.0359909, 33.2728292], [-84.0377394, 33.2725959], [-84.0393615, 33.2723626], [-84.0408756, 33.2721449], [-84.0432838, 33.2717974], [-84.0448144, 33.2715768], [-84.0461887, 33.2713318], [-84.0475403, 33.2711494], [-84.0493413, 33.2709043], [-84.0508817, 33.2707001], [-84.0525198, 33.2704659], [-84.0555681, 33.2700466], [-84.0571444, 33.2698287], [-84.0598377, 33.2694611], [-84.061339, 33.2692814], [-84.0632051, 33.2690391], [-84.0647293, 33.2688512], [-84.0664879, 33.2686089], [-84.0680642, 33.2684101], [-84.0698, 33.2682413], [-84.0719117, 33.2680294], [-84.0739617, 33.2678272], [-84.077633, 33.2674683], [-84.080669, 33.2671715], [-84.0821715, 33.2670247], [-84.0835332, 33.2668915], [-84.0849705, 33.266751], [-84.0866299, 33.2665717], [-84.0893921, 33.266266], [-84.0907979, 33.2660787], [-84.0925684, 33.265822], [-84.0937731, 33.2656474], [-84.0958911, 33.2653368], [-84.0994788, 33.2648621], [-84.1014095, 33.2645596], [-84.1037596, 33.2642232], [-84.1064749, 33.2638162], [-84.107693, 33.2638292], [-84.1105851, 33.2637715], [-84.1134309, 33.2634719], [-84.1157462, 33.2631318], [-84.1180355, 33.2628054], [-84.1199001, 33.2625509], [-84.1222475, 33.2622055], [-84.1248561, 33.2618569], [-84.127224, 33.2614999], [-84.1291822, 33.2613651], [-84.1311732, 33.2612529], [-84.1331795, 33.2611078], [-84.1345482, 33.2610422], [-84.1371002, 33.2608585], [-84.1390417, 33.2606806], [-84.1411249, 33.2604547], [-84.1437229, 33.2601954], [-84.1467145, 33.2598932], [-84.1490997, 33.2596893], [-84.1522168, 33.259385], [-84.1534718, 33.2592614], [-84.1567389, 33.2589677], [-84.1592101, 33.2587246], [-84.1611796, 33.2585345], [-84.1640367, 33.2582304], [-84.1655945, 33.2580785], [-84.1672714, 33.2579101], [-84.1691473, 33.2577309], [-84.1705008, 33.2576079], [-84.1728253, 33.2573716], [-84.1749215, 33.2571367], [-84.1766385, 33.2569722], [-84.1793493, 33.256688], [-84.1810783, 33.2565337], [-84.1838633, 33.2562512], [-84.1866736, 33.2559526], [-84.1891536, 33.2556959], [-84.1917731, 33.255432], [-84.1947342, 33.2551445], [-84.1976311, 33.2548877], [-84.1993677, 33.2547169], [-84.2006766, 33.2545785], [-84.2021718, 33.2544394], [-84.2050353, 33.2541621], [-84.2078548, 33.2538833], [-84.2099093, 33.2536786], [-84.211269, 33.25355], [-84.2131253, 33.2533708], [-84.2155348, 33.2531141], [-84.2180779, 33.2528704], [-84.2211057, 33.2525757], [-84.223477, 33.2523558], [-84.2265008, 33.2520597], [-84.2294471, 33.2517593], [-84.2327838, 33.2514067], [-84.2345308, 33.2512495], [-84.2374248, 33.2509967], [-84.2384594, 33.2502427], [-84.2404647, 33.2501304], [-84.2408919, 33.2514921], [-84.2410673, 33.2530437], [-84.2421649, 33.2542953], [-84.244249, 33.2567327], [-84.2456917, 33.2578581], [-84.2468847, 33.2587924], [-84.2480414, 33.2597366], [-84.2492949, 33.2606931], [-84.2504267, 33.2618167], [-84.2511509, 33.2628842], [-84.2518698, 33.2640325], [-84.2524813, 33.2678765], [-84.2531411, 33.2719938], [-84.2537569, 33.2759543], [-84.2543207, 33.2795723], [-84.2547626, 33.2825404], [-84.2552845, 33.2850403], [-84.2556845, 33.2869383], [-84.256454, 33.2906003], [-84.2569225, 33.2928134], [-84.2573343, 33.2947611], [-84.2575256, 33.2960197], [-84.2577766, 33.2985848], [-84.2582035, 33.3033386], [-84.2585758, 33.3074271], [-84.2587954, 33.3098208], [-84.2592193, 33.3145946], [-84.2594815, 33.317625], [-84.2597026, 33.319987], [-84.259728, 33.3203803], [-84.260369, 33.3230469], [-84.2614669, 33.3278548], [-84.2621547, 33.3308341], [-84.2628932, 33.3339444], [-84.263334, 33.3358708], [-84.2638854, 33.3383194], [-84.2644367, 33.3416587], [-84.2649078, 33.3444709], [-84.2656673, 33.3491353], [-84.266178, 33.3522706], [-84.2666956, 33.3555397], [-84.2671026, 33.3580159], [-84.2675486, 33.3606346], [-84.2681715, 33.3644772], [-84.2686857, 33.3676496], [-84.269262, 33.3712046], [-84.2697308, 33.3740763], [-84.2700862, 33.3762531], [-84.2704379, 33.3784074], [-84.2707718, 33.3804468], [-84.2710631, 33.3822369], [-84.2712303, 33.3833959], [-84.2715726, 33.3853888], [-84.2719082, 33.3874752], [-84.272234, 33.3895222], [-84.2728409, 33.3932734], [-84.2733245, 33.3961911], [-84.2737709, 33.3988331], [-84.2742929, 33.4021817], [-84.2747445, 33.404831], [-84.2753661, 33.4086789], [-84.2758919, 33.4119585], [-84.2764892, 33.4155314], [-84.2769956, 33.4186562], [-84.277497, 33.4216472], [-84.2779571, 33.4244866], [-84.2789165, 33.4275308], [-84.2795896, 33.4296393], [-84.2806858, 33.4332605], [-84.2817746, 33.4367885], [-84.2824516, 33.4389945], [-84.2832748, 33.4417227], [-84.2844605, 33.445585], [-84.2852969, 33.4483317], [-84.2863214, 33.4516669], [-84.2872778, 33.454805], [-84.2882676, 33.4578866], [-84.2889413, 33.4611324], [-84.2896791, 33.4646267], [-84.2911959, 33.4672568], [-84.2917979, 33.4694847], [-84.2931332, 33.4738852], [-84.2937691, 33.4759233], [-84.2939698, 33.4765685], [-84.2945424, 33.4784345], [-84.2949264, 33.4796981], [-84.2955971, 33.4818981], [-84.2964103, 33.4845329], [-84.2970079, 33.4864774], [-84.2975158, 33.4881293], [-84.2979731, 33.4896225], [-84.2984887, 33.4912996], [-84.2990353, 33.4930856], [-84.2995303, 33.4946909], [-84.2999737, 33.4961443], [-84.3004206, 33.4976206], [-84.3008262, 33.498945], [-84.3012422, 33.5002636], [-84.3017681, 33.5019978], [-84.3021256, 33.5031845], [-84.3024934, 33.5043769], [-84.3030675, 33.50626], [-84.3035075, 33.5076588], [-84.3039784, 33.5091893], [-84.3044184, 33.5106482], [-84.304879, 33.5121185], [-84.3053397, 33.5136289], [-84.3062219, 33.5164825], [-84.3067948, 33.5183691], [-84.3073225, 33.5200872], [-84.3077583, 33.5214913], [-84.308266, 33.5231681], [-84.3087857, 33.5248826], [-84.309194, 33.5262179], [-84.3095951, 33.5275532], [-84.3102246, 33.5296159], [-84.310774, 33.5314112], [-84.3113008, 33.5330003], [-84.3118897, 33.5351089], [-84.3124627, 33.5368014], [-84.3128379, 33.538351], [-84.3133025, 33.5397483], [-84.3137239, 33.5411326], [-84.3142756, 33.5429246], [-84.3146972, 33.5443165], [-84.3152357, 33.5460397], [-84.3156191, 33.547219], [-84.3160254, 33.5485028], [-84.3165503, 33.5501594], [-84.3171117, 33.5520994], [-84.3176202, 33.5538842], [-84.3179752, 33.5551067], [-84.3184612, 33.5567066], [-84.3189928, 33.5584439], [-84.3195268, 33.5601935], [-84.3199667, 33.5616745], [-84.3203566, 33.5627656], [-84.3207082, 33.5637826], [-84.3211184, 33.5649528], [-84.3217125, 33.56665], [-84.3218984, 33.567539], [-84.3222217, 33.5688574], [-84.322929, 33.571164], [-84.3235776, 33.5733156], [-84.3241131, 33.5750413], [-84.3247718, 33.5771828], [-84.3252149, 33.5786266], [-84.3256396, 33.5800214], [-84.3261156, 33.5815956], [-84.3266431, 33.5833008], [-84.327219, 33.5852744], [-84.3273845, 33.5856959], [-84.3279436, 33.5875662], [-84.328555, 33.5895642], [-84.3289243, 33.590752], [-84.3294187, 33.5923483], [-84.3296853, 33.5932371], [-84.3302267, 33.5950091], [-84.330652, 33.5964118], [-84.3312325, 33.5982742], [-84.3318015, 33.6003015], [-84.3323616, 33.6020044], [-84.3329425, 33.6034393], [-84.3335027, 33.6048073], [-84.3338914, 33.6060412], [-84.3334617, 33.605931]]}}, {"type": "Feature", "properties": {"project_id": "GPC_19598", "route_mi": 19.38}, "geometry": {"type": "LineString", "coordinates": [[-84.9059539, 33.3511155], [-84.9061884, 33.3514801], [-84.9066606, 33.3512212], [-84.9069794, 33.3492622], [-84.9083861, 33.3481585], [-84.9083857, 33.3437673], [-84.9086088, 33.3394736], [-84.9086172, 33.3365255], [-84.9086298, 33.3339143], [-84.908634, 33.331331], [-84.9087601, 33.3280212], [-84.9088651, 33.3246726], [-84.9088231, 33.3224085], [-84.9087558, 33.3194704], [-84.9086382, 33.316992], [-84.908439, 33.313623], [-84.9085965, 33.3112393], [-84.9087982, 33.3071317], [-84.9089326, 33.3043124], [-84.9091087, 33.3016506], [-84.9086393, 33.2991282], [-84.9082608, 33.2968176], [-84.9084163, 33.2930815], [-84.9085801, 33.2890714], [-84.9087568, 33.2847489], [-84.9089061, 33.2807645], [-84.9090784, 33.2770664], [-84.9092338, 33.2732909], [-84.909406, 33.2695397], [-84.9095825, 33.2656234], [-84.9096917, 33.2627641], [-84.9116199, 33.259557], [-84.9131658, 33.2569927], [-84.9149764, 33.2539716], [-84.91664, 33.2511927], [-84.918543, 33.2480203], [-84.9200372, 33.2455191], [-84.9215061, 33.2430532], [-84.9239259, 33.2390267], [-84.9254172, 33.236539], [-84.9276478, 33.2328636], [-84.9299373, 33.229037], [-84.9318901, 33.2258002], [-84.9333854, 33.2232795], [-84.9355202, 33.2197283], [-84.9373652, 33.216665], [-84.9387366, 33.2144679], [-84.9388002, 33.2111175], [-84.9388638, 33.2083377], [-84.9388709, 33.2044311], [-84.9388532, 33.2021864], [-84.9388391, 33.2001605], [-84.9388921, 33.1978093], [-84.9389522, 33.1953219], [-84.9389204, 33.1921512], [-84.9389345, 33.189847], [-84.9389468, 33.1872337], [-84.9389504, 33.183687], [-84.9389716, 33.1794155], [-84.9389398, 33.1766347], [-84.9394805, 33.1720018], [-84.9398592, 33.1684634], [-84.9400762, 33.1653145], [-84.9402839, 33.1618277], [-84.9418549, 33.1590527], [-84.943127, 33.1568422], [-84.9446184, 33.1541505], [-84.9460366, 33.1514921], [-84.9471914, 33.1491691], [-84.9484781, 33.1468645], [-84.950336, 33.1435012], [-84.9517821, 33.1408763], [-84.9531143, 33.1384857], [-84.9549233, 33.1351996], [-84.956809, 33.1318291], [-84.9585714, 33.1286284], [-84.9601226, 33.1257972], [-84.9617422, 33.1229049], [-84.9632934, 33.1201194], [-84.9649358, 33.1173338], [-84.9662771, 33.1152169], [-84.967997, 33.1124961], [-84.9699041, 33.1094772], [-84.9720118, 33.1061448], [-84.9739782, 33.1030302], [-84.9760859, 33.099709], [-84.9781207, 33.0964947], [-84.9798315, 33.0937734], [-84.9824375, 33.0896523], [-84.9845528, 33.0862923], [-84.9839163, 33.0862146]]}}, {"type": "Feature", "properties": {"project_id": "GPC_20066", "route_mi": 7.58}, "geometry": {"type": "LineString", "coordinates": [[-81.1444637, 32.0412308], [-81.1445322, 32.0412526], [-81.142388, 32.0409989], [-81.1403162, 32.0414878], [-81.1400338, 32.0423152], [-81.1395133, 32.0438401], [-81.1392588, 32.0445857], [-81.1385774, 32.0465819], [-81.1383463, 32.0472589], [-81.1378127, 32.0488221], [-81.1373405, 32.0502053], [-81.1367368, 32.0519737], [-81.1352896, 32.0524234], [-81.1340224, 32.0521839], [-81.1320751, 32.0518122], [-81.1297657, 32.0513621], [-81.128776, 32.0511825], [-81.1265993, 32.05102], [-81.1242028, 32.0505642], [-81.1229408, 32.0503243], [-81.1216534, 32.0500686], [-81.1193025, 32.0496297], [-81.1170037, 32.0491376], [-81.1160086, 32.0488716], [-81.1139171, 32.0483244], [-81.1129362, 32.0480702], [-81.1107435, 32.0473643], [-81.110262, 32.0472393], [-81.1081176, 32.0480122], [-81.1074792, 32.0496582], [-81.1067389, 32.0516099], [-81.1059705, 32.0536355], [-81.1044193, 32.0551583], [-81.1036785, 32.057191], [-81.1030454, 32.0589349], [-81.1023637, 32.0608174], [-81.0999864, 32.0611375], [-81.09868, 32.0608308], [-81.0962541, 32.0601959], [-81.0942218, 32.0597934], [-81.0928711, 32.0594411], [-81.0911121, 32.0598024], [-81.0907364, 32.0608397], [-81.0903027, 32.0619835], [-81.0898965, 32.0630718], [-81.0877091, 32.0641661], [-81.0853472, 32.0634567], [-81.0836716, 32.064106], [-81.0833203, 32.0650641], [-81.082643, 32.0669814], [-81.0825439, 32.0691365], [-81.0811235, 32.0696532], [-81.0793175, 32.0696301], [-81.0783488, 32.0695975], [-81.0764484, 32.0706783], [-81.0759415, 32.0718329], [-81.0744354, 32.0732314], [-81.0730836, 32.0728932], [-81.0706991, 32.0724045], [-81.0694465, 32.0721409], [-81.0681779, 32.0718841], [-81.0669253, 32.0716318], [-81.06567, 32.0713727], [-81.063315, 32.0708999], [-81.0608393, 32.0703885], [-81.0586785, 32.0698958], [-81.0575905, 32.0696054], [-81.0552496, 32.0689748], [-81.0529617, 32.0683679], [-81.0505933, 32.0677337], [-81.0482927, 32.0668746], [-81.0483845, 32.0668279]]}}, {"type": "Feature", "properties": {"project_id": "GPC_17900", "route_mi": 90.06}, "geometry": {"type": "LineString", "coordinates": [[-84.5090666, 33.5531702], [-84.5092184, 33.5530377], [-84.5081825, 33.5520785], [-84.5037032, 33.5531556], [-84.4990661, 33.5542671], [-84.494228, 33.5554365], [-84.4903813, 33.5563721], [-84.4852781, 33.5576294], [-84.4805242, 33.5588019], [-84.4755102, 33.5600521], [-84.4705151, 33.5612922], [-84.4675283, 33.562026], [-84.4640945, 33.5629573], [-84.4613435, 33.5647596], [-84.4590352, 33.5663401], [-84.4560231, 33.5684072], [-84.4525149, 33.5708174], [-84.4496784, 33.5720127], [-84.4469753, 33.5732032], [-84.4441819, 33.5744218], [-84.4409223, 33.5758376], [-84.4359838, 33.5779828], [-84.4313183, 33.5800056], [-84.4296088, 33.580293], [-84.4249433, 33.5823094], [-84.4216115, 33.5837809], [-84.4190007, 33.5849091], [-84.4169814, 33.5857956], [-84.4132913, 33.5873935], [-84.4108418, 33.5884533], [-84.4080302, 33.5891676], [-84.4043925, 33.5900866], [-84.4002997, 33.591124], [-84.3965346, 33.5920795], [-84.3930827, 33.5929439], [-84.3886767, 33.5940632], [-84.385141, 33.594967], [-84.3808042, 33.595149], [-84.376715, 33.5953371], [-84.3749665, 33.5950406], [-84.3708939, 33.5933209], [-84.3661009, 33.593144], [-84.3610244, 33.5929488], [-84.3572756, 33.5946793], [-84.3530716, 33.594645], [-84.3505657, 33.5946192], [-84.3469738, 33.5945647], [-84.3428129, 33.5945116], [-84.3382389, 33.5947979], [-84.3359155, 33.5949217], [-84.3356296, 33.5967769], [-84.3355724, 33.5986012], [-84.3355899, 33.6013522], [-84.335476, 33.6026653], [-84.3323065, 33.6025993], [-84.3328202, 33.6044867], [-84.3330738, 33.60584], [-84.3330958, 33.6071479], [-84.3326146, 33.6084764], [-84.331934, 33.6103369], [-84.3312094, 33.6122903], [-84.3306708, 33.6137354], [-84.3301356, 33.6151715], [-84.329663, 33.6164626], [-84.3292176, 33.6176712], [-84.3288501, 33.6186646], [-84.3283486, 33.6200211], [-84.3279562, 33.6210534], [-84.3273239, 33.6227807], [-84.3267789, 33.6242357], [-84.3263023, 33.6255298], [-84.3258258, 33.6268291], [-84.325376, 33.6280226], [-84.3247754, 33.629638], [-84.3243821, 33.6309102], [-84.3239859, 33.6321824], [-84.3235296, 33.6336445], [-84.3230733, 33.6351715], [-84.322569, 33.6367835], [-84.3222058, 33.6379781], [-84.3218154, 33.6391882], [-84.3212216, 33.6411593], [-84.3212026, 33.6429337], [-84.3211643, 33.6442466], [-84.3211601, 33.6455383], [-84.321135, 33.6464298], [-84.3210884, 33.6491053], [-84.3210529, 33.6512454], [-84.3210412, 33.6535052], [-84.321013, 33.6554066], [-84.3209797, 33.6575101], [-84.3209452, 33.6596585], [-84.3209292, 33.6607653], [-84.320915, 33.662264], [-84.3208845, 33.6637094], [-84.3208595, 33.6657088], [-84.3202592, 33.6669871], [-84.3182298, 33.6668701], [-84.3161007, 33.666502], [-84.3139896, 33.6661526], [-84.3121501, 33.665836], [-84.3099648, 33.6654694], [-84.3071917, 33.6650021], [-84.3056914, 33.6647481], [-84.3032535, 33.6643313], [-84.2999394, 33.6637684], [-84.2984391, 33.6635202], [-84.2964217, 33.6631867], [-84.2941483, 33.6626595], [-84.2910251, 33.6620453], [-84.2897741, 33.6618443], [-84.2876426, 33.6615208], [-84.2851486, 33.6608901], [-84.283461, 33.6604858], [-84.2798851, 33.6596152], [-84.2785543, 33.6592998], [-84.2753619, 33.65851], [-84.273774, 33.6581316], [-84.2709506, 33.6574542], [-84.2687067, 33.656913], [-84.2663769, 33.6563549], [-84.2640009, 33.6557899], [-84.2620356, 33.6553085], [-84.2591023, 33.6546074], [-84.2566342, 33.6540284], [-84.2545558, 33.6535157], [-84.2530974, 33.6531699], [-84.2516988, 33.6528295], [-84.2490854, 33.6522154], [-84.2466201, 33.6516875], [-84.244826, 33.651393], [-84.24318, 33.6510783], [-84.2421548, 33.6508884], [-84.2399599, 33.6507128], [-84.2383094, 33.6505402], [-84.2368398, 33.6504095], [-84.2347904, 33.6502145], [-84.2332504, 33.6500418], [-84.2316266, 33.6498564], [-84.229031, 33.6495752], [-84.2264265, 33.6492842], [-84.2243197, 33.6490548], [-84.22221, 33.6488279], [-84.2199245, 33.6485563], [-84.2173295, 33.6482712], [-84.2145616, 33.6479656], [-84.212053, 33.6476727], [-84.2101862, 33.6474595], [-84.2082268, 33.6472463], [-84.2051504, 33.6469072], [-84.2020987, 33.6465656], [-84.1996055, 33.6462933], [-84.1972172, 33.6460236], [-84.1950387, 33.645777], [-84.192709, 33.645515], [-84.190978, 33.6453275], [-84.1879386, 33.6449807], [-84.1852973, 33.6446853], [-84.1833163, 33.6444746], [-84.1803208, 33.6441406], [-84.1776429, 33.6438308], [-84.1754097, 33.6435856], [-84.173249, 33.6433395], [-84.1706359, 33.6430545], [-84.1684608, 33.6427995], [-84.1667798, 33.6426127], [-84.1644347, 33.6423438], [-84.1623798, 33.6421023], [-84.1601125, 33.6418483], [-84.1578303, 33.6415893], [-84.1552938, 33.641293], [-84.1527034, 33.6409941], [-84.1500264, 33.6406829], [-84.1476006, 33.6404164], [-84.1453333, 33.6401574], [-84.1431931, 33.6399109], [-84.1399343, 33.6395343], [-84.1367155, 33.6391491], [-84.1339532, 33.6388458], [-84.1318064, 33.6385922], [-84.129837, 33.6383719], [-84.1284017, 33.6382624], [-84.1266142, 33.6383458], [-84.1248226, 33.6384334], [-84.1222676, 33.6391593], [-84.1202705, 33.6394027], [-84.117058, 33.6397422], [-84.114441, 33.6400273], [-84.1124446, 33.6402501], [-84.1097115, 33.6405327], [-84.1063651, 33.6408846], [-84.1035069, 33.6411994], [-84.1012412, 33.6414299], [-84.0992405, 33.641653], [-84.0975524, 33.6433855], [-84.0958495, 33.6451279], [-84.0948372, 33.6461689], [-84.0932474, 33.6477873], [-84.0919791, 33.6490711], [-84.0901242, 33.6509671], [-84.0891507, 33.651946], [-84.087933, 33.6531827], [-84.0860097, 33.6551579], [-84.0845032, 33.6566621], [-84.0832617, 33.6579309], [-84.081782, 33.6594351], [-84.080478, 33.6607064], [-84.0793688, 33.6621239], [-84.078544, 33.66314], [-84.0768307, 33.6652159], [-84.0749801, 33.6674842], [-84.0731276, 33.6697416], [-84.0711594, 33.672158], [-84.0692521, 33.6744856], [-84.0682192, 33.6757534], [-84.0671681, 33.6770389], [-84.0660835, 33.6783674], [-84.0648282, 33.6799521], [-84.0632652, 33.6811209], [-84.0620191, 33.6820893], [-84.0604378, 33.6832936], [-84.0590698, 33.6843533], [-84.0577467, 33.685358], [-84.0560737, 33.6866427], [-84.0554261, 33.6871421], [-84.0537989, 33.6883998], [-84.0513645, 33.6902885], [-84.0497132, 33.6915636], [-84.0482659, 33.6926815], [-84.0456518, 33.6946842], [-84.0439091, 33.6960378], [-84.0425398, 33.697308], [-84.0409717, 33.6982775], [-84.0396831, 33.699344], [-84.0351777, 33.7021143], [-84.0310485, 33.7046805], [-84.0276554, 33.7068154], [-84.0233137, 33.7095148], [-84.0216574, 33.7105446], [-84.0200349, 33.7139292], [-84.0184785, 33.7171244], [-84.016798, 33.720623], [-84.0150205, 33.7242635], [-84.0132913, 33.7279197], [-84.0119446, 33.7301333], [-84.0104321, 33.732702], [-84.0085208, 33.7360137], [-84.0066518, 33.7392377], [-84.0044114, 33.7430663], [-84.0024873, 33.7463749], [-84.0012842, 33.7484471], [-84.0009141, 33.7491563], [-83.9992816, 33.7523935], [-83.9975951, 33.7557378], [-83.9952203, 33.7603994], [-83.9937966, 33.7632118], [-83.991765, 33.7672554], [-83.9889633, 33.7702142], [-83.9866318, 33.7727385], [-83.9840097, 33.7755506], [-83.9819362, 33.7777436], [-83.9786545, 33.7812802], [-83.97663, 33.7834242], [-83.9738087, 33.7864774], [-83.9706119, 33.7897178], [-83.968104, 33.792203], [-83.9650444, 33.7953202], [-83.9628998, 33.7974792], [-83.9602506, 33.8001306], [-83.958028, 33.8029077], [-83.9558332, 33.8056147], [-83.9534269, 33.8085786], [-83.9503829, 33.8123279], [-83.9475431, 33.8158435], [-83.9453231, 33.8185629], [-83.9432335, 33.8212053], [-83.9401475, 33.8244454], [-83.9376317, 33.8271211], [-83.9353475, 33.8295484], [-83.9321052, 33.8329796], [-83.9296937, 33.8355544], [-83.9274168, 33.8379799], [-83.924736, 33.8408353], [-83.9219834, 33.8437528], [-83.9189316, 33.8469981], [-83.9159273, 33.8502045], [-83.913842, 33.8524927], [-83.9094593, 33.8544597], [-83.9058991, 33.8561313], [-83.9013932, 33.8582184], [-83.8982726, 33.859657], [-83.8946045, 33.8613564], [-83.8912325, 33.8629191], [-83.8858979, 33.865406], [-83.8834116, 33.8665687], [-83.8815932, 33.867399], [-83.8776066, 33.8692528], [-83.8736983, 33.8710608], [-83.8704413, 33.8725519], [-83.8661081, 33.8745787], [-83.863639, 33.875699], [-83.8611575, 33.8784211], [-83.8576462, 33.8821653], [-83.854349, 33.8857138], [-83.851812, 33.8884394], [-83.8484248, 33.892088], [-83.8460612, 33.894619], [-83.8423359, 33.8986097], [-83.8399009, 33.9012204], [-83.8361353, 33.9052649], [-83.8343662, 33.9071868], [-83.8334976, 33.9080698], [-83.8305212, 33.911279], [-83.8278262, 33.914165], [-83.8258653, 33.9162692], [-83.8233099, 33.9189907], [-83.8204665, 33.9219824], [-83.8178826, 33.9246824], [-83.8151681, 33.9275171], [-83.8140964, 33.9286419], [-83.8101331, 33.9327977], [-83.8080096, 33.9350145], [-83.8049281, 33.9382383], [-83.8034067, 33.939825], [-83.799843, 33.9401985], [-83.7944054, 33.940776], [-83.7901209, 33.9413205], [-83.7851143, 33.9419589], [-83.7814513, 33.9454951], [-83.7780109, 33.9488129], [-83.7747413, 33.9519781], [-83.7710753, 33.9555249], [-83.7688664, 33.9576391], [-83.7655297, 33.9608623], [-83.7626219, 33.9636821], [-83.7603453, 33.9658386], [-83.7575445, 33.9697615], [-83.755196, 33.9730159], [-83.7529583, 33.9760813], [-83.7510701, 33.9787223], [-83.7521356, 33.9810468], [-83.7538012, 33.9846708], [-83.7535645, 33.9868715], [-83.7531901, 33.9901948], [-83.7533047, 33.9922425], [-83.7536638, 33.9943567], [-83.7534281, 33.995251], [-83.7526879, 33.9971341], [-83.752067, 33.997646], [-83.7489211, 34.0002399], [-83.7458152, 34.0028007], [-83.7426544, 34.0054164], [-83.7389583, 34.008475], [-83.7356374, 34.0112231], [-83.7330112, 34.0134072], [-83.7288139, 34.0168886], [-83.7257753, 34.0193676], [-83.7236963, 34.0210992], [-83.7176756, 34.0226067], [-83.7131566, 34.0237559], [-83.708893, 34.0248539], [-83.7038969, 34.0261194], [-83.6998298, 34.0271476], [-83.6933684, 34.0287806], [-83.6879339, 34.0301571], [-83.6846695, 34.0309976], [-83.6798172, 34.0312612], [-83.6759649, 34.0314509], [-83.6707629, 34.0317538], [-83.6670713, 34.0319702], [-83.662982, 34.0321999], [-83.6588846, 34.0324396], [-83.6544258, 34.0326726], [-83.6484659, 34.0330056], [-83.6438218, 34.0332551], [-83.6394731, 34.0334552], [-83.6346926, 34.0336577], [-83.6302303, 34.0338624], [-83.6269354, 34.0340013], [-83.6218424, 34.0341543], [-83.6163945, 34.0343167], [-83.6112192, 34.0344674], [-83.6070238, 34.0345921], [-83.6032852, 34.0346984], [-83.5991393, 34.0347836], [-83.5968102, 34.0351588], [-83.591343, 34.0359444], [-83.5868601, 34.0365936], [-83.5840723, 34.0369897], [-83.5796014, 34.0376288], [-83.5750461, 34.0382779], [-83.5711429, 34.0388393], [-83.5669203, 34.0394941], [-83.5629948, 34.0397813], [-83.5570469, 34.0402615], [-83.5538031, 34.0405274], [-83.5486733, 34.0409511], [-83.5449154, 34.04125], [-83.5412228, 34.0415489], [-83.5357834, 34.0419797], [-83.533173, 34.0421585], [-83.5272445, 34.0433315], [-83.525339, 34.0436978], [-83.5213564, 34.0444752], [-83.5174409, 34.0452408], [-83.5135751, 34.0460181], [-83.5077834, 34.0471093], [-83.5028891, 34.0480598], [-83.4985704, 34.0488828], [-83.4939114, 34.0498141], [-83.4881914, 34.0509321], [-83.4831978, 34.051903], [-83.4792069, 34.052681], [-83.4785637, 34.0528064], [-83.473126, 34.0538535], [-83.4684813, 34.054751], [-83.464311, 34.0555694], [-83.4590751, 34.05659], [-83.454218, 34.0575256], [-83.4478822, 34.0587573], [-83.441036, 34.0600975], [-83.435937, 34.0610854], [-83.4311537, 34.0619842], [-83.4270087, 34.0627467], [-83.4227192, 34.0635425], [-83.4197599, 34.0641547], [-83.4159406, 34.0649088], [-83.4107744, 34.0659439], [-83.4078823, 34.0665032], [-83.4032175, 34.0674332], [-83.401498, 34.0677773], [-83.4008373, 34.0648907], [-83.3999656, 34.0609547], [-83.3992436, 34.057691], [-83.398465, 34.0541512], [-83.3978582, 34.0526698], [-83.3976045, 34.0507382], [-83.3970906, 34.0483792], [-83.3966021, 34.0462103], [-83.3960501, 34.0437348], [-83.395737, 34.0418988], [-83.3953194, 34.0399849], [-83.3949428, 34.038336], [-83.3943991, 34.0359009], [-83.3938022, 34.0331742], [-83.3932123, 34.030521], [-83.3926616, 34.0280091], [-83.3921358, 34.0258186], [-83.392755, 34.0234], [-83.3931885, 34.0215858], [-83.3936042, 34.0198806], [-83.3941159, 34.0177277], [-83.3947377, 34.0152684], [-83.3952778, 34.0125705], [-83.3954886, 34.0111577], [-83.3959887, 34.0080521], [-83.3962626, 34.0063158], [-83.396475, 34.0049677], [-83.3968971, 34.0024942], [-83.3971423, 34.0002763], [-83.3963314, 33.9987291], [-83.3954132, 33.996871], [-83.3943865, 33.9948329], [-83.3934808, 33.9929365], [-83.391757, 33.9909433], [-83.3900708, 33.9889881], [-83.3897021, 33.9874573], [-83.3890698, 33.9849996], [-83.3883013, 33.9821093], [-83.3864439, 33.9805699], [-83.3853505, 33.9788682], [-83.386829, 33.978125], [-83.3887534, 33.9771971], [-83.3902336, 33.9764765], [-83.3926248, 33.9753051], [-83.394312, 33.9745088], [-83.3928106, 33.9714399], [-83.3929946, 33.9711849]]}}, {"type": "Feature", "properties": {"project_id": "GPC_20691", "route_mi": 90.06}, "geometry": {"type": "LineString", "coordinates": [[-84.5090666, 33.5531702], [-84.5092184, 33.5530377], [-84.5081825, 33.5520785], [-84.5037032, 33.5531556], [-84.4990661, 33.5542671], [-84.494228, 33.5554365], [-84.4903813, 33.5563721], [-84.4852781, 33.5576294], [-84.4805242, 33.5588019], [-84.4755102, 33.5600521], [-84.4705151, 33.5612922], [-84.4675283, 33.562026], [-84.4640945, 33.5629573], [-84.4613435, 33.5647596], [-84.4590352, 33.5663401], [-84.4560231, 33.5684072], [-84.4525149, 33.5708174], [-84.4496784, 33.5720127], [-84.4469753, 33.5732032], [-84.4441819, 33.5744218], [-84.4409223, 33.5758376], [-84.4359838, 33.5779828], [-84.4313183, 33.5800056], [-84.4296088, 33.580293], [-84.4249433, 33.5823094], [-84.4216115, 33.5837809], [-84.4190007, 33.5849091], [-84.4169814, 33.5857956], [-84.4132913, 33.5873935], [-84.4108418, 33.5884533], [-84.4080302, 33.5891676], [-84.4043925, 33.5900866], [-84.4002997, 33.591124], [-84.3965346, 33.5920795], [-84.3930827, 33.5929439], [-84.3886767, 33.5940632], [-84.385141, 33.594967], [-84.3808042, 33.595149], [-84.376715, 33.5953371], [-84.3749665, 33.5950406], [-84.3708939, 33.5933209], [-84.3661009, 33.593144], [-84.3610244, 33.5929488], [-84.3572756, 33.5946793], [-84.3530716, 33.594645], [-84.3505657, 33.5946192], [-84.3469738, 33.5945647], [-84.3428129, 33.5945116], [-84.3382389, 33.5947979], [-84.3359155, 33.5949217], [-84.3356296, 33.5967769], [-84.3355724, 33.5986012], [-84.3355899, 33.6013522], [-84.335476, 33.6026653], [-84.3323065, 33.6025993], [-84.3328202, 33.6044867], [-84.3330738, 33.60584], [-84.3330958, 33.6071479], [-84.3326146, 33.6084764], [-84.331934, 33.6103369], [-84.3312094, 33.6122903], [-84.3306708, 33.6137354], [-84.3301356, 33.6151715], [-84.329663, 33.6164626], [-84.3292176, 33.6176712], [-84.3288501, 33.6186646], [-84.3283486, 33.6200211], [-84.3279562, 33.6210534], [-84.3273239, 33.6227807], [-84.3267789, 33.6242357], [-84.3263023, 33.6255298], [-84.3258258, 33.6268291], [-84.325376, 33.6280226], [-84.3247754, 33.629638], [-84.3243821, 33.6309102], [-84.3239859, 33.6321824], [-84.3235296, 33.6336445], [-84.3230733, 33.6351715], [-84.322569, 33.6367835], [-84.3222058, 33.6379781], [-84.3218154, 33.6391882], [-84.3212216, 33.6411593], [-84.3212026, 33.6429337], [-84.3211643, 33.6442466], [-84.3211601, 33.6455383], [-84.321135, 33.6464298], [-84.3210884, 33.6491053], [-84.3210529, 33.6512454], [-84.3210412, 33.6535052], [-84.321013, 33.6554066], [-84.3209797, 33.6575101], [-84.3209452, 33.6596585], [-84.3209292, 33.6607653], [-84.320915, 33.662264], [-84.3208845, 33.6637094], [-84.3208595, 33.6657088], [-84.3202592, 33.6669871], [-84.3182298, 33.6668701], [-84.3161007, 33.666502], [-84.3139896, 33.6661526], [-84.3121501, 33.665836], [-84.3099648, 33.6654694], [-84.3071917, 33.6650021], [-84.3056914, 33.6647481], [-84.3032535, 33.6643313], [-84.2999394, 33.6637684], [-84.2984391, 33.6635202], [-84.2964217, 33.6631867], [-84.2941483, 33.6626595], [-84.2910251, 33.6620453], [-84.2897741, 33.6618443], [-84.2876426, 33.6615208], [-84.2851486, 33.6608901], [-84.283461, 33.6604858], [-84.2798851, 33.6596152], [-84.2785543, 33.6592998], [-84.2753619, 33.65851], [-84.273774, 33.6581316], [-84.2709506, 33.6574542], [-84.2687067, 33.656913], [-84.2663769, 33.6563549], [-84.2640009, 33.6557899], [-84.2620356, 33.6553085], [-84.2591023, 33.6546074], [-84.2566342, 33.6540284], [-84.2545558, 33.6535157], [-84.2530974, 33.6531699], [-84.2516988, 33.6528295], [-84.2490854, 33.6522154], [-84.2466201, 33.6516875], [-84.244826, 33.651393], [-84.24318, 33.6510783], [-84.2421548, 33.6508884], [-84.2399599, 33.6507128], [-84.2383094, 33.6505402], [-84.2368398, 33.6504095], [-84.2347904, 33.6502145], [-84.2332504, 33.6500418], [-84.2316266, 33.6498564], [-84.229031, 33.6495752], [-84.2264265, 33.6492842], [-84.2243197, 33.6490548], [-84.22221, 33.6488279], [-84.2199245, 33.6485563], [-84.2173295, 33.6482712], [-84.2145616, 33.6479656], [-84.212053, 33.6476727], [-84.2101862, 33.6474595], [-84.2082268, 33.6472463], [-84.2051504, 33.6469072], [-84.2020987, 33.6465656], [-84.1996055, 33.6462933], [-84.1972172, 33.6460236], [-84.1950387, 33.645777], [-84.192709, 33.645515], [-84.190978, 33.6453275], [-84.1879386, 33.6449807], [-84.1852973, 33.6446853], [-84.1833163, 33.6444746], [-84.1803208, 33.6441406], [-84.1776429, 33.6438308], [-84.1754097, 33.6435856], [-84.173249, 33.6433395], [-84.1706359, 33.6430545], [-84.1684608, 33.6427995], [-84.1667798, 33.6426127], [-84.1644347, 33.6423438], [-84.1623798, 33.6421023], [-84.1601125, 33.6418483], [-84.1578303, 33.6415893], [-84.1552938, 33.641293], [-84.1527034, 33.6409941], [-84.1500264, 33.6406829], [-84.1476006, 33.6404164], [-84.1453333, 33.6401574], [-84.1431931, 33.6399109], [-84.1399343, 33.6395343], [-84.1367155, 33.6391491], [-84.1339532, 33.6388458], [-84.1318064, 33.6385922], [-84.129837, 33.6383719], [-84.1284017, 33.6382624], [-84.1266142, 33.6383458], [-84.1248226, 33.6384334], [-84.1222676, 33.6391593], [-84.1202705, 33.6394027], [-84.117058, 33.6397422], [-84.114441, 33.6400273], [-84.1124446, 33.6402501], [-84.1097115, 33.6405327], [-84.1063651, 33.6408846], [-84.1035069, 33.6411994], [-84.1012412, 33.6414299], [-84.0992405, 33.641653], [-84.0975524, 33.6433855], [-84.0958495, 33.6451279], [-84.0948372, 33.6461689], [-84.0932474, 33.6477873], [-84.0919791, 33.6490711], [-84.0901242, 33.6509671], [-84.0891507, 33.651946], [-84.087933, 33.6531827], [-84.0860097, 33.6551579], [-84.0845032, 33.6566621], [-84.0832617, 33.6579309], [-84.081782, 33.6594351], [-84.080478, 33.6607064], [-84.0793688, 33.6621239], [-84.078544, 33.66314], [-84.0768307, 33.6652159], [-84.0749801, 33.6674842], [-84.0731276, 33.6697416], [-84.0711594, 33.672158], [-84.0692521, 33.6744856], [-84.0682192, 33.6757534], [-84.0671681, 33.6770389], [-84.0660835, 33.6783674], [-84.0648282, 33.6799521], [-84.0632652, 33.6811209], [-84.0620191, 33.6820893], [-84.0604378, 33.6832936], [-84.0590698, 33.6843533], [-84.0577467, 33.685358], [-84.0560737, 33.6866427], [-84.0554261, 33.6871421], [-84.0537989, 33.6883998], [-84.0513645, 33.6902885], [-84.0497132, 33.6915636], [-84.0482659, 33.6926815], [-84.0456518, 33.6946842], [-84.0439091, 33.6960378], [-84.0425398, 33.697308], [-84.0409717, 33.6982775], [-84.0396831, 33.699344], [-84.0351777, 33.7021143], [-84.0310485, 33.7046805], [-84.0276554, 33.7068154], [-84.0233137, 33.7095148], [-84.0216574, 33.7105446], [-84.0200349, 33.7139292], [-84.0184785, 33.7171244], [-84.016798, 33.720623], [-84.0150205, 33.7242635], [-84.0132913, 33.7279197], [-84.0119446, 33.7301333], [-84.0104321, 33.732702], [-84.0085208, 33.7360137], [-84.0066518, 33.7392377], [-84.0044114, 33.7430663], [-84.0024873, 33.7463749], [-84.0012842, 33.7484471], [-84.0009141, 33.7491563], [-83.9992816, 33.7523935], [-83.9975951, 33.7557378], [-83.9952203, 33.7603994], [-83.9937966, 33.7632118], [-83.991765, 33.7672554], [-83.9889633, 33.7702142], [-83.9866318, 33.7727385], [-83.9840097, 33.7755506], [-83.9819362, 33.7777436], [-83.9786545, 33.7812802], [-83.97663, 33.7834242], [-83.9738087, 33.7864774], [-83.9706119, 33.7897178], [-83.968104, 33.792203], [-83.9650444, 33.7953202], [-83.9628998, 33.7974792], [-83.9602506, 33.8001306], [-83.958028, 33.8029077], [-83.9558332, 33.8056147], [-83.9534269, 33.8085786], [-83.9503829, 33.8123279], [-83.9475431, 33.8158435], [-83.9453231, 33.8185629], [-83.9432335, 33.8212053], [-83.9401475, 33.8244454], [-83.9376317, 33.8271211], [-83.9353475, 33.8295484], [-83.9321052, 33.8329796], [-83.9296937, 33.8355544], [-83.9274168, 33.8379799], [-83.924736, 33.8408353], [-83.9219834, 33.8437528], [-83.9189316, 33.8469981], [-83.9159273, 33.8502045], [-83.913842, 33.8524927], [-83.9094593, 33.8544597], [-83.9058991, 33.8561313], [-83.9013932, 33.8582184], [-83.8982726, 33.859657], [-83.8946045, 33.8613564], [-83.8912325, 33.8629191], [-83.8858979, 33.865406], [-83.8834116, 33.8665687], [-83.8815932, 33.867399], [-83.8776066, 33.8692528], [-83.8736983, 33.8710608], [-83.8704413, 33.8725519], [-83.8661081, 33.8745787], [-83.863639, 33.875699], [-83.8611575, 33.8784211], [-83.8576462, 33.8821653], [-83.854349, 33.8857138], [-83.851812, 33.8884394], [-83.8484248, 33.892088], [-83.8460612, 33.894619], [-83.8423359, 33.8986097], [-83.8399009, 33.9012204], [-83.8361353, 33.9052649], [-83.8343662, 33.9071868], [-83.8334976, 33.9080698], [-83.8305212, 33.911279], [-83.8278262, 33.914165], [-83.8258653, 33.9162692], [-83.8233099, 33.9189907], [-83.8204665, 33.9219824], [-83.8178826, 33.9246824], [-83.8151681, 33.9275171], [-83.8140964, 33.9286419], [-83.8101331, 33.9327977], [-83.8080096, 33.9350145], [-83.8049281, 33.9382383], [-83.8034067, 33.939825], [-83.799843, 33.9401985], [-83.7944054, 33.940776], [-83.7901209, 33.9413205], [-83.7851143, 33.9419589], [-83.7814513, 33.9454951], [-83.7780109, 33.9488129], [-83.7747413, 33.9519781], [-83.7710753, 33.9555249], [-83.7688664, 33.9576391], [-83.7655297, 33.9608623], [-83.7626219, 33.9636821], [-83.7603453, 33.9658386], [-83.7575445, 33.9697615], [-83.755196, 33.9730159], [-83.7529583, 33.9760813], [-83.7510701, 33.9787223], [-83.7521356, 33.9810468], [-83.7538012, 33.9846708], [-83.7535645, 33.9868715], [-83.7531901, 33.9901948], [-83.7533047, 33.9922425], [-83.7536638, 33.9943567], [-83.7534281, 33.995251], [-83.7526879, 33.9971341], [-83.752067, 33.997646], [-83.7489211, 34.0002399], [-83.7458152, 34.0028007], [-83.7426544, 34.0054164], [-83.7389583, 34.008475], [-83.7356374, 34.0112231], [-83.7330112, 34.0134072], [-83.7288139, 34.0168886], [-83.7257753, 34.0193676], [-83.7236963, 34.0210992], [-83.7176756, 34.0226067], [-83.7131566, 34.0237559], [-83.708893, 34.0248539], [-83.7038969, 34.0261194], [-83.6998298, 34.0271476], [-83.6933684, 34.0287806], [-83.6879339, 34.0301571], [-83.6846695, 34.0309976], [-83.6798172, 34.0312612], [-83.6759649, 34.0314509], [-83.6707629, 34.0317538], [-83.6670713, 34.0319702], [-83.662982, 34.0321999], [-83.6588846, 34.0324396], [-83.6544258, 34.0326726], [-83.6484659, 34.0330056], [-83.6438218, 34.0332551], [-83.6394731, 34.0334552], [-83.6346926, 34.0336577], [-83.6302303, 34.0338624], [-83.6269354, 34.0340013], [-83.6218424, 34.0341543], [-83.6163945, 34.0343167], [-83.6112192, 34.0344674], [-83.6070238, 34.0345921], [-83.6032852, 34.0346984], [-83.5991393, 34.0347836], [-83.5968102, 34.0351588], [-83.591343, 34.0359444], [-83.5868601, 34.0365936], [-83.5840723, 34.0369897], [-83.5796014, 34.0376288], [-83.5750461, 34.0382779], [-83.5711429, 34.0388393], [-83.5669203, 34.0394941], [-83.5629948, 34.0397813], [-83.5570469, 34.0402615], [-83.5538031, 34.0405274], [-83.5486733, 34.0409511], [-83.5449154, 34.04125], [-83.5412228, 34.0415489], [-83.5357834, 34.0419797], [-83.533173, 34.0421585], [-83.5272445, 34.0433315], [-83.525339, 34.0436978], [-83.5213564, 34.0444752], [-83.5174409, 34.0452408], [-83.5135751, 34.0460181], [-83.5077834, 34.0471093], [-83.5028891, 34.0480598], [-83.4985704, 34.0488828], [-83.4939114, 34.0498141], [-83.4881914, 34.0509321], [-83.4831978, 34.051903], [-83.4792069, 34.052681], [-83.4785637, 34.0528064], [-83.473126, 34.0538535], [-83.4684813, 34.054751], [-83.464311, 34.0555694], [-83.4590751, 34.05659], [-83.454218, 34.0575256], [-83.4478822, 34.0587573], [-83.441036, 34.0600975], [-83.435937, 34.0610854], [-83.4311537, 34.0619842], [-83.4270087, 34.0627467], [-83.4227192, 34.0635425], [-83.4197599, 34.0641547], [-83.4159406, 34.0649088], [-83.4107744, 34.0659439], [-83.4078823, 34.0665032], [-83.4032175, 34.0674332], [-83.401498, 34.0677773], [-83.4008373, 34.0648907], [-83.3999656, 34.0609547], [-83.3992436, 34.057691], [-83.398465, 34.0541512], [-83.3978582, 34.0526698], [-83.3976045, 34.0507382], [-83.3970906, 34.0483792], [-83.3966021, 34.0462103], [-83.3960501, 34.0437348], [-83.395737, 34.0418988], [-83.3953194, 34.0399849], [-83.3949428, 34.038336], [-83.3943991, 34.0359009], [-83.3938022, 34.0331742], [-83.3932123, 34.030521], [-83.3926616, 34.0280091], [-83.3921358, 34.0258186], [-83.392755, 34.0234], [-83.3931885, 34.0215858], [-83.3936042, 34.0198806], [-83.3941159, 34.0177277], [-83.3947377, 34.0152684], [-83.3952778, 34.0125705], [-83.3954886, 34.0111577], [-83.3959887, 34.0080521], [-83.3962626, 34.0063158], [-83.396475, 34.0049677], [-83.3968971, 34.0024942], [-83.3971423, 34.0002763], [-83.3963314, 33.9987291], [-83.3954132, 33.996871], [-83.3943865, 33.9948329], [-83.3934808, 33.9929365], [-83.391757, 33.9909433], [-83.3900708, 33.9889881], [-83.3897021, 33.9874573], [-83.3890698, 33.9849996], [-83.3883013, 33.9821093], [-83.3864439, 33.9805699], [-83.3853505, 33.9788682], [-83.386829, 33.978125], [-83.3887534, 33.9771971], [-83.3902336, 33.9764765], [-83.3926248, 33.9753051], [-83.394312, 33.9745088], [-83.3928106, 33.9714399], [-83.3929946, 33.9711849]]}}, {"type": "Feature", "properties": {"project_id": "GPC_20002", "route_mi": 32.57}, "geometry": {"type": "LineString", "coordinates": [[-83.3169141, 32.8824706], [-83.3170137, 32.8826786], [-83.3170294, 32.8842425], [-83.3169004, 32.8866726], [-83.3168359, 32.8882732], [-83.3167862, 32.8893278], [-83.3168458, 32.8909533], [-83.3168756, 32.8924663], [-83.3167704, 32.8939286], [-83.3149091, 32.8944871], [-83.3127796, 32.8951414], [-83.310948, 32.8957083], [-83.3088186, 32.896396], [-83.3068728, 32.8971003], [-83.3050412, 32.8976421], [-83.302971, 32.8983131], [-83.301368, 32.8988758], [-83.2991112, 32.8995876], [-83.2969092, 32.9002089], [-83.2934638, 32.901309], [-83.290663, 32.9021972], [-83.2892908, 32.90264], [-83.288015, 32.9038206], [-83.2867505, 32.9049822], [-83.285435, 32.9062152], [-83.2842783, 32.907272], [-83.2835468, 32.907948], [-83.281857, 32.9095285], [-83.2810978, 32.9102508], [-83.2795317, 32.9117213], [-83.2781014, 32.9130337], [-83.2768995, 32.9141417], [-83.2751079, 32.9157798], [-83.2737994, 32.91699], [-83.2724909, 32.9182193], [-83.2706081, 32.9199819], [-83.2691893, 32.921307], [-83.2676982, 32.9226671], [-83.2663403, 32.923906], [-83.2648454, 32.9253427], [-83.2623235, 32.9276256], [-83.2599347, 32.9298445], [-83.2587023, 32.9310034], [-83.2565266, 32.9329923], [-83.2554159, 32.9340459], [-83.2544574, 32.9348631], [-83.2518061, 32.9369478], [-83.2501173, 32.9382598], [-83.2469678, 32.9408232], [-83.245199, 32.9422597], [-83.2426087, 32.9443091], [-83.2408437, 32.94572], [-83.2390065, 32.9471755], [-83.2368384, 32.9489566], [-83.2354158, 32.9500898], [-83.2336737, 32.9515134], [-83.2312165, 32.9534827], [-83.2302237, 32.9542711], [-83.2278768, 32.956151], [-83.2260814, 32.9575745], [-83.2240882, 32.9591447], [-83.2217337, 32.9610245], [-83.2198394, 32.962566], [-83.2182343, 32.9638107], [-83.2163742, 32.9652978], [-83.2154613, 32.9660127], [-83.2129318, 32.9680041], [-83.2099573, 32.9703464], [-83.2076789, 32.972092], [-83.206241, 32.9731929], [-83.2045674, 32.9745012], [-83.2023878, 32.9761541], [-83.2006571, 32.9775358], [-83.1993448, 32.9785537], [-83.1974658, 32.9799864], [-83.1956888, 32.9815106], [-83.1943121, 32.9829982], [-83.1932965, 32.9841546], [-83.1921377, 32.9855595], [-83.1908691, 32.9870314], [-83.1897536, 32.9884111], [-83.1886248, 32.9897294], [-83.1861142, 32.9914163], [-83.1841929, 32.9928183], [-83.1823782, 32.9940164], [-83.1802771, 32.9954798], [-83.1782326, 32.9967672], [-83.1768541, 32.9978172], [-83.1755921, 32.998736], [-83.1741603, 32.9997469], [-83.1735643, 33.0014057], [-83.1729649, 33.003084], [-83.1725727, 33.0041593], [-83.1712414, 33.0052151], [-83.169777, 33.0063826], [-83.1682289, 33.0076522], [-83.1666427, 33.0089345], [-83.1649729, 33.0102965], [-83.1635997, 33.0114097], [-83.1621162, 33.0126281], [-83.1604844, 33.0138019], [-83.1587385, 33.0150267], [-83.1572665, 33.0159931], [-83.1557069, 33.0171063], [-83.1542463, 33.018111], [-83.1526563, 33.0192336], [-83.1509751, 33.0204296], [-83.149115, 33.0217181], [-83.1471409, 33.0217149], [-83.1446799, 33.021699], [-83.1424014, 33.0216767], [-83.1401268, 33.0216607], [-83.1373462, 33.0216129], [-83.1352314, 33.0216065], [-83.1328046, 33.0215778], [-83.1309141, 33.0215587], [-83.1279624, 33.0215332], [-83.1241929, 33.0214662], [-83.1220476, 33.0214694], [-83.1192252, 33.0214407], [-83.116787, 33.0214279], [-83.1145884, 33.0213801], [-83.1125078, 33.0213258], [-83.1108417, 33.0213641], [-83.1083579, 33.0213514], [-83.1063572, 33.021333], [-83.1047955, 33.0213358], [-83.101842, 33.0213135], [-83.0987986, 33.02128], [-83.0974733, 33.0212632], [-83.0961814, 33.0212632], [-83.0935875, 33.0211432], [-83.0914431, 33.0210483], [-83.0893354, 33.0209589], [-83.0868847, 33.0208221], [-83.0846238, 33.0207328], [-83.0832519, 33.0206686], [-83.0808678, 33.020501], [-83.0787367, 33.0203866], [-83.0757632, 33.0201884], [-83.0723735, 33.0200292], [-83.0696831, 33.0198701], [-83.066976, 33.0197919], [-83.0639292, 33.0196998], [-83.0620513, 33.0196383], [-83.059454, 33.019563], [-83.0566903, 33.0194876], [-83.0550941, 33.0194313], [-83.052993, 33.0193615], [-83.051448, 33.0193252], [-83.0488341, 33.0192443], [-83.0470427, 33.0192024], [-83.0439427, 33.0191019], [-83.0416618, 33.0189679], [-83.0396207, 33.0188311], [-83.0375962, 33.0186915], [-83.0357248, 33.0185602], [-83.033677, 33.0184262], [-83.0303639, 33.0182196], [-83.0280997, 33.0180577], [-83.0252627, 33.0178985], [-83.023398, 33.0177478], [-83.0214668, 33.0176054], [-83.0191692, 33.017449], [-83.0147872, 33.0171419], [-83.0130125, 33.0170665], [-83.0104153, 33.0168878], [-83.008454, 33.0167426], [-83.0060052, 33.0165627], [-83.0035214, 33.0163969], [-82.9999953, 33.0161545], [-82.9970702, 33.0159503], [-82.9945179, 33.0158196], [-82.9922471, 33.0156665], [-82.990136, 33.0155198], [-82.9863855, 33.0152614], [-82.9847917, 33.0151498], [-82.9820797, 33.0149552], [-82.9799001, 33.0147638], [-82.9775646, 33.0146235], [-82.9755182, 33.0144863], [-82.9732702, 33.0143524], [-82.9709119, 33.0142184], [-82.9689643, 33.0140781], [-82.9664463, 33.0138931], [-82.9638559, 33.0137496], [-82.9614025, 33.0136028], [-82.9598201, 33.0134561], [-82.9579297, 33.0133062], [-82.9541145, 33.0130893], [-82.9519616, 33.0129521], [-82.9499494, 33.012815], [-82.94769, 33.0126683], [-82.9448182, 33.0124514], [-82.9420947, 33.0122504], [-82.9388653, 33.0120335], [-82.9364879, 33.0118453], [-82.9344149, 33.0116348], [-82.9327983, 33.0114977], [-82.9314898, 33.0113733], [-82.9288158, 33.0111021], [-82.9257842, 33.01078], [-82.9194662, 33.0101006], [-82.9169595, 33.009839], [-82.9147457, 33.0096062], [-82.9124635, 33.0093861], [-82.9100139, 33.0091341], [-82.9075338, 33.0088598], [-82.9052782, 33.0086173], [-82.9027829, 33.0083685], [-82.9004855, 33.0081325], [-82.8985532, 33.007855], [-82.8957878, 33.0074658], [-82.8924405, 33.0069682], [-82.8900328, 33.0066301], [-82.8864458, 33.006142], [-82.8823302, 33.0055136], [-82.8800898, 33.0051787], [-82.8790399, 33.0050511], [-82.8766072, 33.0046596], [-82.87401, 33.0042799], [-82.8710765, 33.0038833], [-82.8696014, 33.0036907], [-82.8664781, 33.0032606], [-82.8644969, 33.0030735], [-82.862479, 33.0029032], [-82.859712, 33.002677], [-82.8577174, 33.002529], [-82.8562157, 33.0024033], [-82.8538549, 33.002233], [-82.8514974, 33.0020515], [-82.8489135, 33.0018337], [-82.8463496, 33.0016633], [-82.8443251, 33.0014734], [-82.842557, 33.0013422], [-82.8408576, 33.0011937], [-82.8376097, 33.0009543], [-82.8355533, 33.0008062], [-82.8334062, 33.0006504], [-82.8325999, 33.0018129], [-82.8327291, 33.0018214]]}}, {"type": "Feature", "properties": {"project_id": "GPC_19287", "route_mi": 115.19}, "geometry": {"type": "LineString", "coordinates": [[-83.5635642, 32.9953281], [-83.563561, 32.9952546], [-83.5632311, 32.9932377], [-83.5647332, 32.9918362], [-83.5654734, 32.991087], [-83.5665141, 32.9900454], [-83.5681323, 32.9883545], [-83.5689759, 32.9875178], [-83.5698292, 32.9866264], [-83.5708208, 32.9856337], [-83.5716565, 32.9848052], [-83.5731439, 32.9832725], [-83.5739836, 32.9824172], [-83.5748232, 32.9815552], [-83.5757229, 32.9806631], [-83.5770263, 32.9790028], [-83.5774702, 32.9780737], [-83.5782978, 32.9761584], [-83.5789136, 32.9744612], [-83.5792335, 32.973683], [-83.5800491, 32.9717139], [-83.5805409, 32.9703554], [-83.5808368, 32.9695235], [-83.5817485, 32.9679066], [-83.5816725, 32.9659844], [-83.5815805, 32.9649881], [-83.5813606, 32.9629082], [-83.5811967, 32.9609892], [-83.5810088, 32.959087], [-83.5808208, 32.9571479], [-83.5806329, 32.955306], [-83.580417, 32.9531755], [-83.580349, 32.9524709], [-83.5801691, 32.950535], [-83.5800331, 32.9493271], [-83.5799132, 32.9480957], [-83.5797692, 32.9464617], [-83.5796893, 32.945653], [-83.5788874, 32.9437836], [-83.5788935, 32.9420711], [-83.5792612, 32.9404254], [-83.5800364, 32.9386202], [-83.5809985, 32.9369179], [-83.5817859, 32.9355678], [-83.5827817, 32.9339683], [-83.5841881, 32.9322633], [-83.585187, 32.9310855], [-83.5865167, 32.9295399], [-83.587056, 32.9289149], [-83.5883276, 32.927431], [-83.5897431, 32.925749], [-83.5912629, 32.9245068], [-83.591698, 32.9225985], [-83.5918267, 32.9208804], [-83.5919799, 32.9187816], [-83.5919799, 32.9174055], [-83.5917409, 32.9152887], [-83.5926416, 32.9136129], [-83.594039, 32.9136574], [-83.596033, 32.9137131], [-83.5980376, 32.9137821], [-83.6015191, 32.9139223], [-83.6038684, 32.9140269], [-83.6064352, 32.9141315], [-83.6097152, 32.914274], [-83.6110304, 32.9143319], [-83.6132736, 32.9144142], [-83.6166331, 32.9145634], [-83.6185264, 32.9146457], [-83.6209393, 32.9147504], [-83.6229572, 32.9148416], [-83.6246091, 32.9149062], [-83.6270804, 32.9150086], [-83.6307555, 32.9151688], [-83.6325691, 32.9152534], [-83.6347196, 32.9153224], [-83.6366261, 32.9154092], [-83.6386976, 32.9155034], [-83.6407372, 32.915641], [-83.6431434, 32.9157846], [-83.6448293, 32.9158952], [-83.6472633, 32.9160482], [-83.6520693, 32.9163735], [-83.6548676, 32.916559], [-83.6613168, 32.9169624], [-83.6645958, 32.9171869], [-83.6679095, 32.9173789], [-83.6697932, 32.9207299], [-83.6712078, 32.9233164], [-83.6722155, 32.9250992], [-83.6733913, 32.926782], [-83.6742174, 32.9281796], [-83.6756464, 32.9306802], [-83.6765156, 32.9319233], [-83.6772448, 32.9331035], [-83.6781462, 32.9348007], [-83.679004, 32.9370521], [-83.6796123, 32.9386488], [-83.6809693, 32.9418925], [-83.6817519, 32.9438462], [-83.6826228, 32.9459803], [-83.6835451, 32.948267], [-83.684285, 32.9500946], [-83.6851689, 32.9523085], [-83.6857815, 32.9538563], [-83.6872719, 32.9574952], [-83.6886326, 32.9608752], [-83.6899419, 32.96411], [-83.6903841, 32.9652126], [-83.6909684, 32.966717], [-83.6918241, 32.968812], [-83.6925144, 32.9704879], [-83.693463, 32.972802], [-83.6943983, 32.9750612], [-83.6952319, 32.9771345], [-83.6959917, 32.9790384], [-83.6968437, 32.9811536], [-83.697684, 32.9832383], [-83.6982707, 32.9846937], [-83.6989774, 32.9864469], [-83.6999345, 32.9888101], [-83.7006333, 32.9905353], [-83.7018652, 32.9935767], [-83.7027561, 32.9957761], [-83.7033793, 32.9973379], [-83.7043007, 32.9995657], [-83.7047941, 33.0007585], [-83.705775, 33.0031867], [-83.7065363, 33.0050713], [-83.7074387, 33.0073051], [-83.7090734, 33.0109862], [-83.7098366, 33.0126984], [-83.7105554, 33.0143111], [-83.7117213, 33.0169355], [-83.7122619, 33.0181373], [-83.7131571, 33.0201275], [-83.7139161, 33.0218278], [-83.7151173, 33.0245188], [-83.7162923, 33.0271509], [-83.7173057, 33.0293823], [-83.7182206, 33.0314501], [-83.7191517, 33.0335616], [-83.7206037, 33.0367805], [-83.7214268, 33.0386416], [-83.7222609, 33.0405129], [-83.723536, 33.0433649], [-83.7242508, 33.044991], [-83.7250848, 33.0468215], [-83.7259376, 33.0487407], [-83.7270737, 33.0512767], [-83.7275051, 33.0525191], [-83.7284341, 33.0551165], [-83.7288369, 33.0561823], [-83.7301529, 33.0599629], [-83.7314609, 33.0636678], [-83.7322134, 33.0657765], [-83.733253, 33.0686511], [-83.7339622, 33.0706121], [-83.7342909, 33.0715695], [-83.7354307, 33.0747427], [-83.735827, 33.0758944], [-83.7368828, 33.0788504], [-83.7373762, 33.0802066], [-83.7378429, 33.0815101], [-83.7386674, 33.0837878], [-83.7399547, 33.0873689], [-83.7408725, 33.0899625], [-83.7414714, 33.091608], [-83.7432798, 33.0959902], [-83.7440071, 33.0978506], [-83.7444858, 33.099152], [-83.745035, 33.1004647], [-83.7457405, 33.1022294], [-83.7465191, 33.104178], [-83.7478543, 33.107474], [-83.7484572, 33.1090054], [-83.7490998, 33.1105489], [-83.749813, 33.1123837], [-83.7514031, 33.116236], [-83.7524001, 33.1187319], [-83.7531279, 33.120533], [-83.7546561, 33.124257], [-83.7551619, 33.1254851], [-83.7558714, 33.1272495], [-83.7567665, 33.1294282], [-83.7575853, 33.1314911], [-83.758746, 33.1344041], [-83.7601396, 33.1370123], [-83.7616097, 33.1398429], [-83.7626372, 33.1417128], [-83.7634596, 33.1432392], [-83.7643802, 33.1450002], [-83.7655584, 33.1472408], [-83.7665053, 33.1490239], [-83.7674263, 33.1507371], [-83.7686644, 33.1530667], [-83.7693344, 33.1543266], [-83.7699702, 33.1555167], [-83.7713253, 33.158062], [-83.7724125, 33.160088], [-83.7735606, 33.1622613], [-83.7742415, 33.1635747], [-83.7747888, 33.1645548], [-83.7755043, 33.165864], [-83.7761166, 33.1678208], [-83.7769942, 33.1705859], [-83.7778281, 33.1731713], [-83.7782098, 33.1743538], [-83.7786421, 33.1757121], [-83.7790021, 33.1768459], [-83.7793855, 33.1780382], [-83.7799, 33.179634], [-83.7803773, 33.1811431], [-83.7810765, 33.1833307], [-83.7817669, 33.1854722], [-83.7821274, 33.1866733], [-83.7825333, 33.1878704], [-83.7828587, 33.1889137], [-83.7834174, 33.1906405], [-83.783956, 33.1923136], [-83.7844826, 33.1939717], [-83.7851336, 33.1960113], [-83.7860588, 33.1988838], [-83.7869905, 33.2017875], [-83.7876342, 33.2037937], [-83.7884871, 33.2064518], [-83.7894284, 33.2093829], [-83.7900275, 33.2112484], [-83.7906572, 33.2127804], [-83.7912838, 33.214342], [-83.7924545, 33.2172182], [-83.7937183, 33.2203186], [-83.7946148, 33.2224804], [-83.7957308, 33.2252404], [-83.7965305, 33.227218], [-83.797225, 33.2289139], [-83.7977735, 33.2302534], [-83.7985337, 33.2321098], [-83.7994731, 33.2344112], [-83.8005873, 33.2371407], [-83.8014587, 33.2392756], [-83.8024133, 33.2416269], [-83.8032779, 33.2436932], [-83.8043642, 33.2463237], [-83.8054487, 33.2490578], [-83.8067621, 33.2522504], [-83.807795, 33.2547979], [-83.8087328, 33.2571189], [-83.8097262, 33.25958], [-83.8106362, 33.2617769], [-83.8116567, 33.2642846], [-83.8128321, 33.2671959], [-83.8139996, 33.2700482], [-83.8151218, 33.2728129], [-83.8158767, 33.2746513], [-83.8169178, 33.2772024], [-83.8183352, 33.2806284], [-83.8190185, 33.2819677], [-83.8201148, 33.2841162], [-83.8211876, 33.286093], [-83.8223825, 33.2882946], [-83.823265, 33.2899994], [-83.8251477, 33.2935347], [-83.8262645, 33.2956456], [-83.8273235, 33.297687], [-83.8290026, 33.3008195], [-83.830917, 33.3044341], [-83.8318975, 33.306312], [-83.8324422, 33.3073363], [-83.8332184, 33.3088272], [-83.8344577, 33.3111887], [-83.8354177, 33.3129754], [-83.836371, 33.3147222], [-83.837651, 33.3171916], [-83.8388939, 33.3195729], [-83.8389524, 33.3199702], [-83.8359091, 33.3228321], [-83.8341506, 33.3246886], [-83.8332773, 33.3258324], [-83.8322884, 33.3267409], [-83.832436, 33.3287831], [-83.8325943, 33.3308478], [-83.8327875, 33.3332144], [-83.8329829, 33.3355389], [-83.8331171, 33.3370854], [-83.8333405, 33.3398835], [-83.8342462, 33.3419409], [-83.8351665, 33.34403], [-83.836061, 33.3460844], [-83.836874, 33.3478944], [-83.8381327, 33.3507303], [-83.8388371, 33.3523558], [-83.8398259, 33.3545962], [-83.8407232, 33.3566731], [-83.8418306, 33.3591677], [-83.8427181, 33.3611982], [-83.8436134, 33.3632304], [-83.8444566, 33.365142], [-83.8454421, 33.36741], [-83.8465177, 33.3698567], [-83.8477009, 33.3724557], [-83.848107, 33.3732584], [-83.8497474, 33.3760123], [-83.8512007, 33.3785016], [-83.8521963, 33.3801742], [-83.8541031, 33.3833718], [-83.8549648, 33.3848466], [-83.8558526, 33.3863432], [-83.8570856, 33.3884438], [-83.8586825, 33.3911671], [-83.859927, 33.3932322], [-83.8610205, 33.3951024], [-83.8628351, 33.3981415], [-83.8641312, 33.4003553], [-83.8646295, 33.4012377], [-83.8650213, 33.4034535], [-83.865445, 33.4058972], [-83.865827, 33.4080708], [-83.8661936, 33.4102174], [-83.8667506, 33.4134723], [-83.8671585, 33.415669], [-83.8676301, 33.4185518], [-83.8679366, 33.420302], [-83.8684122, 33.4230491], [-83.8687363, 33.4249286], [-83.8691171, 33.427097], [-83.8695725, 33.4296228], [-83.8699501, 33.4318489], [-83.8705318, 33.4352339], [-83.8709539, 33.4376987], [-83.8714981, 33.4408148], [-83.8720282, 33.4438726], [-83.872573, 33.4470957], [-83.8729346, 33.4491265], [-83.873351, 33.4515766], [-83.8738942, 33.4546706], [-83.8741019, 33.4562706], [-83.8743281, 33.4572524], [-83.8746865, 33.4593063], [-83.8750203, 33.4612414], [-83.8756278, 33.4647723], [-83.8759058, 33.4663727], [-83.8765373, 33.4700514], [-83.8769872, 33.4726106], [-83.8771877, 33.4738821], [-83.8775381, 33.4758948], [-83.8778572, 33.4777334], [-83.8782069, 33.4797212], [-83.8785686, 33.481891], [-83.8789915, 33.4843426], [-83.8793398, 33.4863749], [-83.8798208, 33.4891588], [-83.8805581, 33.4934888], [-83.8809241, 33.4956229], [-83.8812778, 33.4976562], [-83.881805, 33.5007756], [-83.8821757, 33.5029198], [-83.8824676, 33.5046082], [-83.8828396, 33.5067714], [-83.8831385, 33.5085343], [-83.8836265, 33.511403], [-83.8843069, 33.5153902], [-83.8845997, 33.5170349], [-83.8850458, 33.5198555], [-83.885398, 33.5217452], [-83.8857733, 33.5239021], [-83.8872236, 33.5267433], [-83.8888891, 33.5300066], [-83.8905506, 33.5333003], [-83.8913873, 33.5348948], [-83.892118, 33.5363115], [-83.8926378, 33.5373096], [-83.8935926, 33.5391627], [-83.8945914, 33.5411291], [-83.8953767, 33.5432037], [-83.8960376, 33.5449371], [-83.8967933, 33.5470166], [-83.8972971, 33.5483195], [-83.8979329, 33.5499857], [-83.8985086, 33.5515885], [-83.8990284, 33.5529447], [-83.8997681, 33.5549406], [-83.9003919, 33.55661], [-83.9010316, 33.5583293], [-83.9017633, 33.5603085], [-83.9029269, 33.563497], [-83.9039208, 33.5661468], [-83.9047372, 33.5683124], [-83.9054608, 33.570251], [-83.9059601, 33.5715799], [-83.9075075, 33.5757409], [-83.9084253, 33.5781951], [-83.9072569, 33.5801921], [-83.9061541, 33.5821115], [-83.90497, 33.5841131], [-83.9035696, 33.5857211], [-83.9022043, 33.5871664], [-83.9020563, 33.5879834], [-83.9017925, 33.5895727], [-83.9015668, 33.5909612], [-83.9013314, 33.5924057], [-83.9011753, 33.593302], [-83.9008534, 33.5953146], [-83.9004788, 33.5970751], [-83.9000416, 33.5985595], [-83.8998303, 33.5992577], [-83.8992539, 33.6012122], [-83.8986469, 33.6032782], [-83.8981206, 33.6050819], [-83.8976306, 33.6067462], [-83.8970806, 33.6086185], [-83.8966243, 33.6101547], [-83.8963985, 33.6109148], [-83.8960046, 33.612293], [-83.8955219, 33.6139051], [-83.8949791, 33.6157493], [-83.8944795, 33.6174613], [-83.8940029, 33.6190444], [-83.8936397, 33.620843], [-83.8930587, 33.6237924], [-83.8925874, 33.6261668], [-83.8923089, 33.6275526], [-83.8920202, 33.6289583], [-83.8915515, 33.6313424], [-83.8912768, 33.6329273], [-83.8863079, 33.6327704], [-83.8840113, 33.6337223], [-83.8839904, 33.635828], [-83.8839784, 33.6368658], [-83.8852095, 33.6377909], [-83.8864316, 33.6387056], [-83.8874404, 33.6393834], [-83.8896314, 33.6411098], [-83.8892303, 33.6429754], [-83.888879, 33.6446742], [-83.8883344, 33.647405], [-83.8879838, 33.6491838], [-83.8876169, 33.6510697], [-83.8871584, 33.6531394], [-83.8866897, 33.6556557], [-83.8863092, 33.6575895], [-83.8859696, 33.6592321], [-83.885691, 33.6609256], [-83.8851236, 33.6618655], [-83.882908, 33.6629786], [-83.8812181, 33.6631341], [-83.8793413, 33.6633161], [-83.8777189, 33.6634717], [-83.8757666, 33.6636702], [-83.8741323, 33.663849], [-83.8721959, 33.6640211], [-83.8705696, 33.6641965], [-83.8686331, 33.6644248], [-83.867643, 33.6645109], [-83.8657304, 33.6646796], [-83.8645813, 33.6647988], [-83.8626727, 33.6649742], [-83.8611975, 33.6651363], [-83.859929, 33.6652654], [-83.8585453, 33.6653614], [-83.8566287, 33.6654871], [-83.8545769, 33.6656791], [-83.8524735, 33.665881], [-83.8505688, 33.66601], [-83.8485012, 33.6661987], [-83.846859, 33.6663476], [-83.845006, 33.6664965], [-83.8433797, 33.666619], [-83.8413757, 33.6667943], [-83.8398726, 33.6669234], [-83.837968, 33.6670955], [-83.8362691, 33.6672383], [-83.8336839, 33.6674472], [-83.8326117, 33.6675507], [-83.8308972, 33.6676973], [-83.8287632, 33.6678697], [-83.8274113, 33.6679688], [-83.8260542, 33.6680939], [-83.8196729, 33.6686241], [-83.8179636, 33.6687836], [-83.8163371, 33.6689345], [-83.8138923, 33.6691974], [-83.8106965, 33.6694733], [-83.8080548, 33.6697665], [-83.805724, 33.6699777], [-83.8023179, 33.6703663], [-83.7971985, 33.6708005], [-83.7949643, 33.6709786], [-83.7916833, 33.6712814], [-83.7892886, 33.6714187], [-83.7866932, 33.6715783], [-83.7841647, 33.6717193], [-83.7815158, 33.671864], [-83.7795938, 33.6719754], [-83.7778189, 33.6721016], [-83.7756561, 33.6722166], [-83.7728466, 33.6723985], [-83.7710361, 33.6724912], [-83.7686102, 33.6726249], [-83.7662913, 33.6728661], [-83.7638475, 33.673163], [-83.761921, 33.6733894], [-83.7587191, 33.6737531], [-83.7561772, 33.6740685], [-83.7526587, 33.674447], [-83.7502685, 33.6747254], [-83.7474635, 33.6750371], [-83.7451803, 33.6753043], [-83.7425849, 33.6755827], [-83.7400118, 33.6758832], [-83.7381254, 33.6761504], [-83.7352045, 33.676529], [-83.7331398, 33.6768333], [-83.7317886, 33.6770522], [-83.7299914, 33.6772118], [-83.7280917, 33.6775124], [-83.7253313, 33.6778835], [-83.7232264, 33.6781655], [-83.7210502, 33.6784773], [-83.7176967, 33.6789263], [-83.7141872, 33.6794198], [-83.7117389, 33.679739], [-83.7091078, 33.6801064], [-83.7066239, 33.6804144], [-83.7048892, 33.6809562], [-83.7035045, 33.6816348], [-83.7025525, 33.6822729], [-83.7020997, 33.6838902], [-83.7015741, 33.6856891], [-83.70087, 33.6880874], [-83.7002255, 33.6903427], [-83.6992173, 33.692895], [-83.6986223, 33.6943939], [-83.698143, 33.6956507], [-83.6972869, 33.6977848], [-83.6966588, 33.6993001], [-83.6959662, 33.7010427], [-83.6953716, 33.7031089], [-83.6948453, 33.7049124], [-83.6943901, 33.706472], [-83.6936789, 33.7089049], [-83.6931497, 33.7107816], [-83.6927173, 33.7122441], [-83.6923361, 33.7135859], [-83.6918581, 33.7152448], [-83.6912465, 33.7173603], [-83.6912692, 33.7184891], [-83.691329, 33.7213097], [-83.6913688, 33.7233754], [-83.6914001, 33.7250293], [-83.6914513, 33.7271612], [-83.6915054, 33.7294941], [-83.6915367, 33.7308002], [-83.6915708, 33.7327261], [-83.6916248, 33.7353333], [-83.6916704, 33.7372567], [-83.6917017, 33.7387424], [-83.6917386, 33.7405215], [-83.6917671, 33.7421325], [-83.6918098, 33.74385], [-83.6918382, 33.7452197], [-83.691878, 33.7468661], [-83.6919036, 33.7482026], [-83.6919207, 33.749338], [-83.6919691, 33.7509584], [-83.6915423, 33.752995], [-83.6912408, 33.7544662], [-83.6908681, 33.7562521], [-83.690504, 33.7580307], [-83.6900601, 33.7601712], [-83.6897358, 33.7617322], [-83.689403, 33.7633523], [-83.6890701, 33.7649866], [-83.6887787, 33.7663958], [-83.6883889, 33.7682902], [-83.6879963, 33.7701892], [-83.6877005, 33.7716081], [-83.6872481, 33.7737767], [-83.6869291, 33.7753342], [-83.6866093, 33.7768959], [-83.686207, 33.7788222], [-83.6858437, 33.7806164], [-83.6854218, 33.7826422], [-83.6851442, 33.7839998], [-83.6847389, 33.7861263], [-83.6844711, 33.7880256], [-83.6841124, 33.7897881], [-83.683799, 33.7912115], [-83.6838673, 33.7933303], [-83.6842433, 33.7947329], [-83.684774, 33.7966842], [-83.6852267, 33.7984317], [-83.6856388, 33.7999693], [-83.6859958, 33.8013122], [-83.6863673, 33.802651], [-83.687194, 33.8057922], [-83.6874002, 33.8065741], [-83.6880514, 33.8081279], [-83.6889655, 33.8102749], [-83.6899299, 33.8125591], [-83.6906686, 33.8143018], [-83.6914213, 33.8160574], [-83.6920904, 33.8176234], [-83.6924703, 33.8185267], [-83.6930668, 33.8199405], [-83.6935567, 33.8211174], [-83.6945483, 33.8234484], [-83.6950403, 33.8246087], [-83.6957243, 33.826229], [-83.6963044, 33.8276011], [-83.6965103, 33.828822], [-83.6967163, 33.8300428], [-83.6969989, 33.8316647], [-83.6974635, 33.8344568], [-83.6977755, 33.8362996], [-83.6980318, 33.837797], [-83.6982196, 33.8389264], [-83.6985159, 33.8406572], [-83.698841, 33.8425997], [-83.6992483, 33.8445411], [-83.6995906, 33.8462168], [-83.699895, 33.8476367], [-83.7002481, 33.849331], [-83.7007715, 33.8518081], [-83.7010388, 33.853063], [-83.7013287, 33.8544698], [-83.7015543, 33.8555277], [-83.7019751, 33.8575576], [-83.7025322, 33.8601933], [-83.7028755, 33.8618874], [-83.7031907, 33.8633758], [-83.703579, 33.8652217], [-83.7040292, 33.8673479], [-83.7045132, 33.869668], [-83.7048113, 33.8710998], [-83.7051457, 33.8726769], [-83.7056815, 33.874103], [-83.7063884, 33.875924], [-83.7069652, 33.8774272], [-83.707571, 33.8790101], [-83.7080244, 33.8801771], [-83.7088224, 33.8822724], [-83.7095833, 33.884273], [-83.7101176, 33.8856724], [-83.7108133, 33.8875059], [-83.7114749, 33.8892032], [-83.7122607, 33.8912652], [-83.7130789, 33.893389], [-83.7137056, 33.8950358], [-83.714355, 33.8967256], [-83.7149784, 33.8984235], [-83.7155401, 33.8998654], [-83.7161077, 33.9013796], [-83.7170103, 33.9037212], [-83.7175811, 33.9051995], [-83.7181009, 33.9065602], [-83.7192086, 33.9094796], [-83.7199643, 33.911589], [-83.720587, 33.9133736], [-83.7212549, 33.9152816], [-83.7219107, 33.9171358], [-83.7226797, 33.9193024], [-83.7231695, 33.9206896], [-83.7238034, 33.9224823], [-83.7242327, 33.9237204], [-83.724622, 33.92482], [-83.7253032, 33.9267556], [-83.7258458, 33.9283155], [-83.7265654, 33.930356], [-83.7271608, 33.9320326], [-83.7277533, 33.9337068], [-83.7283324, 33.9353274], [-83.7291177, 33.9375674], [-83.729741, 33.9393406], [-83.7305101, 33.9414831], [-83.7306964, 33.9426037], [-83.7289275, 33.9432532], [-83.7260285, 33.9442826], [-83.7238681, 33.9450577], [-83.7207734, 33.9461698], [-83.7191226, 33.9467672], [-83.7174792, 33.9473738], [-83.7152081, 33.9481917], [-83.7121466, 33.949267], [-83.710049, 33.9500022], [-83.7063154, 33.9513379], [-83.7039519, 33.9522109], [-83.7006097, 33.9534117], [-83.6984124, 33.9542021], [-83.6951958, 33.9553232], [-83.6937112, 33.956573], [-83.6921823, 33.957881], [-83.6903949, 33.9593421], [-83.6882862, 33.9611278], [-83.6870897, 33.9621264], [-83.6854316, 33.9635384], [-83.6832342, 33.9639121], [-83.6812474, 33.9642275], [-83.678895, 33.9646257], [-83.6770559, 33.9649259], [-83.6749509, 33.9652689], [-83.6730195, 33.965612], [-83.6718018, 33.9658241], [-83.6703464, 33.966044], [-83.668767, 33.9662886], [-83.6657541, 33.966793], [-83.664175, 33.9678074], [-83.6621226, 33.9680023], [-83.6597523, 33.9682201], [-83.6576342, 33.968435], [-83.6557581, 33.9686413], [-83.6536953, 33.9688018], [-83.6515047, 33.9691886], [-83.6491171, 33.9695783], [-83.6472271, 33.9699021], [-83.6436647, 33.9704924], [-83.6406379, 33.9709681], [-83.6374557, 33.9715298], [-83.6352408, 33.9719051], [-83.6320541, 33.9724427], [-83.6291251, 33.9729367], [-83.6262745, 33.9733751], [-83.6233099, 33.973868], [-83.6213646, 33.9741631], [-83.6196404, 33.9744353], [-83.6174395, 33.974782], [-83.6155494, 33.9750657], [-83.6128025, 33.9755241], [-83.6109298, 33.9758135], [-83.6086562, 33.975868], [-83.6069355, 33.9759052], [-83.605125, 33.9759625], [-83.6027478, 33.9760084], [-83.6006401, 33.97606], [-83.5983009, 33.9761345], [-83.5966873, 33.9761517], [-83.5943343, 33.9762032], [-83.5907477, 33.9763035], [-83.5887817, 33.9763379], [-83.5859143, 33.9764091], [-83.5835312, 33.9764824], [-83.581307, 33.9765263], [-83.5790786, 33.9765804], [-83.5780333, 33.9766092], [-83.5758819, 33.976678], [-83.5738069, 33.9767256], [-83.5711936, 33.9767959], [-83.5682869, 33.9768686], [-83.5667655, 33.9769288], [-83.5638013, 33.9769714], [-83.5617354, 33.9770141], [-83.5581481, 33.9771069], [-83.5561912, 33.9771721], [-83.5543794, 33.9772248], [-83.5529761, 33.9772593], [-83.5511791, 33.9773036], [-83.5489969, 33.9773573], [-83.5468147, 33.977411], [-83.5443642, 33.9774714], [-83.5416455, 33.9775383], [-83.5396939, 33.9775997], [-83.537721, 33.9776685], [-83.5362525, 33.9777315], [-83.5350915, 33.977786], [-83.5324621, 33.9778748], [-83.5306515, 33.9779436], [-83.5273103, 33.9780639], [-83.522936, 33.9782473], [-83.5200939, 33.9783445], [-83.5179761, 33.9784169], [-83.5162285, 33.9784875], [-83.5146871, 33.9785497], [-83.5125635, 33.9786368], [-83.5109533, 33.9786978], [-83.50666, 33.9788529], [-83.5052753, 33.9789123], [-83.5028068, 33.9789942], [-83.499511, 33.9790564], [-83.4977072, 33.9791022], [-83.496077, 33.9791349], [-83.4915486, 33.9792122], [-83.4874629, 33.9792036], [-83.4845225, 33.9796334], [-83.4810811, 33.9801262], [-83.4785449, 33.9804815], [-83.4768657, 33.9807336], [-83.4750586, 33.9809915], [-83.4735556, 33.9809943], [-83.4697894, 33.9809915], [-83.4672947, 33.9810201], [-83.4666382, 33.9810258], [-83.4638008, 33.9810543], [-83.4612218, 33.9811707], [-83.4583608, 33.9812971], [-83.4558058, 33.9814141], [-83.4535287, 33.9815207], [-83.4507248, 33.9816386], [-83.4483171, 33.9817389], [-83.4460096, 33.9818361], [-83.4441667, 33.9819327], [-83.4417913, 33.9820427], [-83.438152, 33.9822189], [-83.4363753, 33.9822189], [-83.4348793, 33.9822211], [-83.4334813, 33.9822211], [-83.4311645, 33.9822321], [-83.4293877, 33.9822414], [-83.4263989, 33.9822529], [-83.4237902, 33.9822787], [-83.4217447, 33.9822987], [-83.419581, 33.9823051], [-83.4178405, 33.9823102], [-83.4157521, 33.9833226], [-83.4137688, 33.9843713], [-83.4122623, 33.9851305], [-83.4107074, 33.9859327], [-83.409353, 33.9849615], [-83.4077532, 33.9837553], [-83.4060049, 33.9824373], [-83.4043809, 33.9812512], [-83.4027397, 33.9800163], [-83.4010166, 33.9787397], [-83.3993639, 33.9774911], [-83.397084, 33.9758051], [-83.3948592, 33.974168], [-83.3939831, 33.9726755], [-83.3958133, 33.9716477], [-83.3974077, 33.9716994], [-83.3986326, 33.970933], [-83.3991381, 33.9690007], [-83.3992156, 33.9685111], [-83.3992859, 33.9683927]]}}, {"type": "Feature", "properties": {"project_id": "GPC_19363", "route_mi": 43.42}, "geometry": {"type": "LineString", "coordinates": [[-84.3334617, 33.605931], [-84.3338914, 33.6060412], [-84.333137, 33.6076542], [-84.3326526, 33.6089616], [-84.3318173, 33.6112265], [-84.3314196, 33.6122992], [-84.330822, 33.613896], [-84.330305, 33.6152499], [-84.3298098, 33.6166531], [-84.3290436, 33.6187126], [-84.328184, 33.6209975], [-84.3273742, 33.6231969], [-84.3267232, 33.6250175], [-84.3259788, 33.6269626], [-84.32587, 33.6272564], [-84.3249473, 33.6297493], [-84.3242083, 33.6321518], [-84.3237626, 33.6335922], [-84.3232715, 33.6351966], [-84.3227432, 33.6368895], [-84.3220008, 33.6392889], [-84.3214256, 33.6411939], [-84.3213763, 33.6442768], [-84.3213331, 33.6465801], [-84.3212939, 33.649388], [-84.3212712, 33.6512472], [-84.3212236, 33.6521252], [-84.3212281, 33.6542009], [-84.3212004, 33.656353], [-84.321155, 33.6583666], [-84.3211486, 33.6586504], [-84.3211326, 33.6609161], [-84.3210831, 33.6638404], [-84.3210635, 33.6657048], [-84.3210254, 33.6670953], [-84.3225231, 33.6700554], [-84.3234362, 33.6718392], [-84.3256735, 33.6762995], [-84.3266485, 33.6781964], [-84.3280961, 33.6810735], [-84.329304, 33.683466], [-84.3299829, 33.6848117], [-84.3309612, 33.6867445], [-84.331873, 33.6885332], [-84.3337432, 33.6922461], [-84.3347096, 33.6941518], [-84.3350742, 33.6948708], [-84.3363155, 33.6973017], [-84.3380692, 33.6997878], [-84.3402488, 33.7028719], [-84.3408894, 33.7037884], [-84.3423482, 33.7049296], [-84.3447742, 33.7067599], [-84.3457879, 33.7075305], [-84.3478708, 33.7087445], [-84.3503993, 33.7102408], [-84.3507714, 33.7104513], [-84.3532182, 33.7119045], [-84.3557815, 33.7133891], [-84.3582985, 33.714859], [-84.3617355, 33.7168907], [-84.3639436, 33.7181846], [-84.3653378, 33.7191841], [-84.3673207, 33.7205742], [-84.3687204, 33.7215765], [-84.371229, 33.7233453], [-84.3727101, 33.7243988], [-84.3736018, 33.7264069], [-84.3761099, 33.7269734], [-84.3767538, 33.727955], [-84.3786276, 33.729143], [-84.3811205, 33.7291854], [-84.3824951, 33.7293574], [-84.3842628, 33.7294411], [-84.3862055, 33.7304904], [-84.3862386, 33.7316485], [-84.3885274, 33.731699], [-84.3908176, 33.7317276], [-84.3926611, 33.7317334], [-84.3943405, 33.7317575], [-84.3974359, 33.7317884], [-84.3992242, 33.7305592], [-84.4025554, 33.7305569], [-84.4044154, 33.7319753], [-84.4054605, 33.7338536], [-84.4064769, 33.7355787], [-84.4072182, 33.7361128], [-84.4082307, 33.7375803], [-84.4083344, 33.7394945], [-84.4083233, 33.7407021], [-84.408347, 33.7425711], [-84.408432, 33.7434919], [-84.4090806, 33.7454514], [-84.4094735, 33.7461863], [-84.4114218, 33.7470931], [-84.4127427, 33.7487326], [-84.412762, 33.7502424], [-84.4127634, 33.7513144], [-84.4127427, 33.7534845], [-84.4128241, 33.7555377], [-84.4127923, 33.7563332], [-84.4114763, 33.7580489], [-84.409991, 33.759801], [-84.4100004, 33.7615675], [-84.4111557, 33.7633396], [-84.4114764, 33.76423], [-84.4126438, 33.7653311], [-84.4126369, 33.7671237], [-84.4125528, 33.7689428], [-84.4125556, 33.7700133], [-84.4124991, 33.7715434], [-84.4124853, 33.7723858], [-84.4124632, 33.7741669], [-84.4149478, 33.7741612], [-84.4172808, 33.7748076], [-84.4189298, 33.7756878], [-84.4198522, 33.7756821], [-84.4224596, 33.7756901], [-84.4235226, 33.7756889], [-84.4254897, 33.7756851], [-84.4260449, 33.7767353], [-84.426713, 33.7781752], [-84.4286352, 33.7794141], [-84.4300845, 33.7789444], [-84.4313919, 33.7785198], [-84.4326742, 33.7780741], [-84.4352499, 33.7781485], [-84.4381842, 33.7782599], [-84.4402501, 33.7783385], [-84.4421027, 33.7783891], [-84.4440163, 33.7795896], [-84.4446653, 33.7806888], [-84.4455916, 33.7822843], [-84.4470938, 33.7849258], [-84.4481725, 33.7867922], [-84.4500769, 33.7901097], [-84.4512317, 33.7920444], [-84.4529228, 33.7945513], [-84.4548242, 33.7974076], [-84.4557749, 33.7987851], [-84.4569937, 33.8006006], [-84.4578743, 33.8018945], [-84.4588524, 33.8033782], [-84.4596142, 33.804553], [-84.460504, 33.8058215], [-84.4617593, 33.8077255], [-84.4628959, 33.8093838], [-84.4639593, 33.8109662], [-84.4653183, 33.8129612], [-84.4665737, 33.814865], [-84.4677812, 33.8167581], [-84.4683493, 33.8176646], [-84.4692561, 33.8192429], [-84.470275, 33.8208692], [-84.4713047, 33.8225591], [-84.4706727, 33.8246364], [-84.47009, 33.826024], [-84.4709668, 33.8279533], [-84.471084, 33.8296577], [-84.4706878, 33.8315335], [-84.4694873, 33.832474], [-84.4683268, 33.8333053], [-84.46696, 33.835563], [-84.466485, 33.8373129], [-84.4660488, 33.8389236], [-84.4656711, 33.8402368], [-84.4652739, 33.8417699], [-84.4648573, 33.8432447], [-84.4645185, 33.844506], [-84.4641953, 33.845638], [-84.4638944, 33.8467707], [-84.4635304, 33.8480771], [-84.4630901, 33.8498959], [-84.4637323, 33.8513105], [-84.4644683, 33.8529996], [-84.4650557, 33.8542687], [-84.4656196, 33.8554847], [-84.4662811, 33.8569259], [-84.4670539, 33.8586168], [-84.4675259, 33.8596635], [-84.4680911, 33.8608926], [-84.468992, 33.8628702], [-84.4697508, 33.86462], [-84.4704068, 33.8660082], [-84.4709362, 33.8672509], [-84.4718056, 33.8690296], [-84.472331, 33.8702277], [-84.4731708, 33.8720523], [-84.4737887, 33.8733487], [-84.4744879, 33.8749675], [-84.4752427, 33.8768504], [-84.475842, 33.878291], [-84.4763008, 33.8795389], [-84.4768676, 33.8810469], [-84.477536, 33.8828305], [-84.4781707, 33.8844921], [-84.4788055, 33.8860811], [-84.4793626, 33.887584], [-84.4798937, 33.8886756], [-84.4806775, 33.8901758], [-84.4812767, 33.8913049], [-84.4818402, 33.8923749], [-84.4827222, 33.8940265], [-84.4832119, 33.8949511], [-84.4843246, 33.8966286], [-84.4855087, 33.8981659], [-84.4842186, 33.8999192], [-84.4850575, 33.9008317], [-84.4846782, 33.902276], [-84.4836506, 33.9039258], [-84.4840125, 33.9056215], [-84.4845005, 33.9059878], [-84.4860246, 33.9075007], [-84.4869259, 33.9081597], [-84.4873375, 33.9099566], [-84.4882178, 33.9108306], [-84.4892165, 33.9117302], [-84.4895464, 33.9138337], [-84.4898146, 33.9156589], [-84.490359, 33.91751], [-84.4906252, 33.9192772], [-84.4908867, 33.9209978], [-84.4936023, 33.9219104], [-84.4947208, 33.9222785], [-84.4974107, 33.9231834], [-84.4987027, 33.9236412], [-84.5005928, 33.9242507], [-84.5023207, 33.9248227], [-84.5070072, 33.9264756], [-84.5088069, 33.9272853], [-84.5098135, 33.9283858], [-84.5110983, 33.9300512], [-84.5123398, 33.9316895], [-84.5132175, 33.9329235], [-84.5142313, 33.9342999], [-84.515289, 33.9356524], [-84.5165048, 33.9372273], [-84.5175295, 33.9385868], [-84.518715, 33.9401712], [-84.5198282, 33.9416509], [-84.5210273, 33.9431902], [-84.521944, 33.944417], [-84.5232192, 33.9460868], [-84.5244379, 33.9476946], [-84.5256112, 33.9489292], [-84.5268031, 33.9501831], [-84.5285297, 33.9519713], [-84.5291728, 33.9526167], [-84.5306282, 33.9540891], [-84.5313787, 33.9548248], [-84.5330356, 33.9564949], [-84.5337648, 33.9580457], [-84.5342454, 33.9590929], [-84.5348265, 33.960625], [-84.5346917, 33.9624042], [-84.5337423, 33.9638224], [-84.5325266, 33.9655559], [-84.5319677, 33.9668732], [-84.531311, 33.9684077], [-84.5306561, 33.9699499], [-84.5300786, 33.9712881], [-84.5294863, 33.9727081], [-84.5290408, 33.9737813], [-84.5283041, 33.9755026], [-84.5277691, 33.9765985], [-84.5271568, 33.9779895], [-84.5265769, 33.9794136], [-84.5256088, 33.9813116], [-84.5247839, 33.9832518], [-84.5226241, 33.9840353], [-84.52031, 33.9839678], [-84.5186108, 33.9839109], [-84.5176166, 33.984149], [-84.5159775, 33.9844493], [-84.5145869, 33.9857107], [-84.51313, 33.9874118], [-84.5117367, 33.9875772], [-84.510326, 33.9877378], [-84.5092218, 33.9885695], [-84.5079481, 33.9900985], [-84.5079372, 33.9918264], [-84.5079282, 33.9931748], [-84.5079263, 33.994658], [-84.5077868, 33.9960964], [-84.5066767, 33.9966333], [-84.5054568, 33.9977333], [-84.504659, 33.9986416], [-84.5041445, 33.9998374], [-84.5030402, 34.0007673], [-84.5020198, 34.0020829], [-84.5010716, 34.003377], [-84.5002276, 34.0044626], [-84.4994846, 34.0055673], [-84.4991175, 34.006787], [-84.4982214, 34.0077408], [-84.497941, 34.0089653], [-84.4970391, 34.0097824], [-84.4964263, 34.0108439], [-84.4959493, 34.0119605], [-84.4955221, 34.01292], [-84.4944379, 34.0148861], [-84.4932642, 34.0160969], [-84.491916, 34.0178577], [-84.4913457, 34.0185908], [-84.4903827, 34.0198693], [-84.4892281, 34.0212053], [-84.487607, 34.0221202], [-84.4862607, 34.0227671], [-84.4847943, 34.0234848], [-84.4833834, 34.0241528], [-84.4817669, 34.024815], [-84.4795177, 34.025615], [-84.4783862, 34.025793], [-84.4768713, 34.0261375], [-84.4750147, 34.0267576], [-84.4736291, 34.0272265], [-84.4717355, 34.0276609], [-84.4706664, 34.0283192], [-84.4694471, 34.0290943], [-84.4681516, 34.0299938], [-84.4668838, 34.031278], [-84.4657238, 34.0326051], [-84.4643318, 34.0341877], [-84.4634118, 34.0352391], [-84.46276, 34.0360215], [-84.461199, 34.0364038], [-84.459654, 34.0368861], [-84.4579776, 34.037244], [-84.456253, 34.0372973], [-84.4542842, 34.0373573], [-84.4525703, 34.0374129], [-84.450336, 34.0374818], [-84.4483405, 34.0374218], [-84.4466372, 34.0365572], [-84.445736, 34.0351146], [-84.4442125, 34.0338232], [-84.4422867, 34.0335187], [-84.4401459, 34.0329339], [-84.4379408, 34.0318529], [-84.4363367, 34.0312338], [-84.434732, 34.0306326], [-84.4326487, 34.031249], [-84.43168, 34.03219], [-84.4305711, 34.0325929], [-84.4282913, 34.0335761], [-84.4275938, 34.0355704], [-84.4277178, 34.0364239], [-84.4273698, 34.037985], [-84.4263187, 34.0390347], [-84.4253211, 34.0399478], [-84.4237839, 34.0405619], [-84.4225482, 34.0414913], [-84.421435, 34.0423436], [-84.4206079, 34.0431831], [-84.4192285, 34.0442653], [-84.4181957, 34.0459979], [-84.4187931, 34.0472915], [-84.4194681, 34.0480702], [-84.4202458, 34.0498074], [-84.4203008, 34.0510378], [-84.4206826, 34.052315], [-84.4211814, 34.0541548], [-84.4209475, 34.055314], [-84.4209067, 34.0573125], [-84.4209447, 34.0584063], [-84.4209701, 34.0597721], [-84.4210166, 34.0612639], [-84.4223946, 34.0630031], [-84.4231822, 34.063575], [-84.4242672, 34.0649057], [-84.4242122, 34.0658033], [-84.4242252, 34.067169], [-84.4242146, 34.0672037]]}}, {"type": "Feature", "properties": {"project_id": "GPC_19635", "route_mi": 261.55}, "geometry": {"type": "LineString", "coordinates": [[-83.2102332, 30.7646957], [-83.2104086, 30.7631809], [-83.2111635, 30.7669539], [-83.2119837, 30.771081], [-83.2127852, 30.7751456], [-83.2136163, 30.7793105], [-83.21439, 30.7832323], [-83.2152586, 30.7875531], [-83.215999, 30.7912598], [-83.2165275, 30.7940116], [-83.2173248, 30.7979798], [-83.2180921, 30.8018682], [-83.2188938, 30.8058866], [-83.2197086, 30.8099613], [-83.2205365, 30.814175], [-83.2214301, 30.8185126], [-83.2220872, 30.8219171], [-83.2226654, 30.8246369], [-83.2230394, 30.8272361], [-83.2234978, 30.8304167], [-83.2240422, 30.8341671], [-83.2242072, 30.8351958], [-83.2247941, 30.8386667], [-83.225572, 30.8427778], [-83.2261984, 30.8470239], [-83.2267635, 30.8510629], [-83.2273574, 30.8549427], [-83.2273587, 30.858844], [-83.2274132, 30.8629302], [-83.2274713, 30.8669866], [-83.2275209, 30.8711315], [-83.2275915, 30.8752609], [-83.2277645, 30.8795412], [-83.2284681, 30.8818957], [-83.2284857, 30.881924], [-83.2295763, 30.8838722], [-83.2300668, 30.8848322], [-83.2317622, 30.8877662], [-83.2324595, 30.8897421], [-83.234706, 30.8933354], [-83.236813, 30.8967164], [-83.2390324, 30.9005365], [-83.2412419, 30.9039938], [-83.2435537, 30.9074084], [-83.2454997, 30.9104615], [-83.2460009, 30.9112479], [-83.2482368, 30.9147812], [-83.2503208, 30.9180651], [-83.2520976, 30.9208531], [-83.2539999, 30.9238676], [-83.2561899, 30.9275348], [-83.2581453, 30.9312747], [-83.2600862, 30.9352705], [-83.2620222, 30.9392288], [-83.2640232, 30.9433012], [-83.2657115, 30.9468241], [-83.2677243, 30.9509243], [-83.2699268, 30.955416], [-83.2715086, 30.9586406], [-83.2732699, 30.9622799], [-83.274914, 30.9657676], [-83.276994, 30.9688826], [-83.2793579, 30.9726085], [-83.2815364, 30.9761529], [-83.2838916, 30.9799605], [-83.2860064, 30.9833407], [-83.288085, 30.9866732], [-83.2898566, 30.9895202], [-83.2918444, 30.9927196], [-83.2935072, 30.9953834], [-83.2955299, 30.9986622], [-83.2978757, 31.0022491], [-83.3013284, 31.0050332], [-83.3046953, 31.0076118], [-83.3082332, 31.0103398], [-83.3121493, 31.0133522], [-83.3156129, 31.0159956], [-83.3175936, 31.0190575], [-83.3199741, 31.0223346], [-83.3225914, 31.0259468], [-83.325139, 31.0294793], [-83.3276074, 31.0328578], [-83.3299559, 31.0361432], [-83.3324168, 31.0395426], [-83.3348385, 31.0429377], [-83.3372792, 31.0462959], [-83.3400072, 31.0501419], [-83.3423905, 31.053426], [-83.3448935, 31.0568699], [-83.3476166, 31.0605432], [-83.3489231, 31.063335], [-83.3498899, 31.0652946], [-83.3509377, 31.0674044], [-83.3539256, 31.0705564], [-83.3563156, 31.0730971], [-83.3589743, 31.0762196], [-83.3616985, 31.0794513], [-83.3645755, 31.0828455], [-83.3673545, 31.0861762], [-83.3702322, 31.0895413], [-83.3730282, 31.0928569], [-83.375876, 31.0962338], [-83.3787399, 31.0996297], [-83.3815576, 31.1029706], [-83.3842626, 31.1061778], [-83.3845949, 31.1065627], [-83.3871039, 31.1094425], [-83.3884879, 31.1117674], [-83.390685, 31.1154203], [-83.3930025, 31.1192091], [-83.3950724, 31.1226538], [-83.3970964, 31.1259512], [-83.3991354, 31.1293431], [-83.4014348, 31.1331162], [-83.4038477, 31.1370815], [-83.4061197, 31.1408406], [-83.4083757, 31.1445448], [-83.4107554, 31.1484861], [-83.4127874, 31.151828], [-83.4148873, 31.15527], [-83.4171228, 31.1589725], [-83.4194491, 31.162801], [-83.4216023, 31.166342], [-83.4237515, 31.1698764], [-83.4258895, 31.173467], [-83.4278817, 31.1760981], [-83.4298657, 31.1787695], [-83.4321729, 31.1819616], [-83.434023, 31.1835544], [-83.4365119, 31.1869823], [-83.4392185, 31.1906416], [-83.4418865, 31.1942117], [-83.4445148, 31.1976169], [-83.4470937, 31.2003326], [-83.4501616, 31.2032197], [-83.4538167, 31.2065651], [-83.4572889, 31.2096077], [-83.4611102, 31.2110981], [-83.4646677, 31.2124961], [-83.4640885, 31.2167411], [-83.4635453, 31.2206527], [-83.4648768, 31.2243137], [-83.4658817, 31.2268917], [-83.4671781, 31.2302818], [-83.4688111, 31.2345009], [-83.4703839, 31.2387499], [-83.4717656, 31.2425219], [-83.4732127, 31.2464097], [-83.4748056, 31.250147], [-83.4764888, 31.2541075], [-83.477956, 31.2575738], [-83.4794283, 31.2611518], [-83.4809357, 31.2648198], [-83.4823778, 31.2681956], [-83.4841665, 31.2722841], [-83.4857091, 31.2758143], [-83.4872356, 31.2793366], [-83.489039, 31.2834719], [-83.4906329, 31.287237], [-83.4921961, 31.2910248], [-83.4938879, 31.2950848], [-83.4953534, 31.2986043], [-83.4967417, 31.3019303], [-83.4984165, 31.3058696], [-83.4993854, 31.3096233], [-83.5005453, 31.3138697], [-83.5018143, 31.3185728], [-83.502887, 31.3226263], [-83.5039374, 31.3267998], [-83.5047199, 31.3299153], [-83.5057976, 31.3341623], [-83.5067525, 31.3378691], [-83.5078956, 31.3421746], [-83.5088581, 31.3458057], [-83.5099909, 31.3503761], [-83.5108922, 31.3540181], [-83.5119275, 31.3582188], [-83.5128842, 31.3621767], [-83.5155129, 31.3652732], [-83.5178066, 31.3680025], [-83.5200919, 31.3707232], [-83.5223503, 31.3734164], [-83.5250273, 31.3765892], [-83.5279329, 31.3800333], [-83.5306527, 31.3832878], [-83.5329893, 31.3860792], [-83.5355269, 31.3890906], [-83.5383304, 31.3923909], [-83.5409884, 31.3962391], [-83.5436208, 31.3999981], [-83.5462382, 31.4037214], [-83.5484951, 31.406946], [-83.5499705, 31.4089947], [-83.5508155, 31.4130365], [-83.5515957, 31.4167007], [-83.5525113, 31.420932], [-83.5533761, 31.4249781], [-83.5542713, 31.4291017], [-83.55492, 31.4331475], [-83.5555041, 31.4367562], [-83.5560165, 31.4399148], [-83.5564982, 31.442652], [-83.5564744, 31.4460428], [-83.5564934, 31.4489229], [-83.5565484, 31.4518925], [-83.5560048, 31.4557416], [-83.5554133, 31.4601278], [-83.5548358, 31.4644397], [-83.5543134, 31.4682701], [-83.5538406, 31.4717499], [-83.5534169, 31.4749456], [-83.5514877, 31.4763412], [-83.5514802, 31.4765804], [-83.5509924, 31.4785746], [-83.5508631, 31.4803529], [-83.5498245, 31.4818676], [-83.5507599, 31.4855337], [-83.5517738, 31.4898637], [-83.5527056, 31.4937664], [-83.5536045, 31.4974975], [-83.554565, 31.5014985], [-83.5554619, 31.5051289], [-83.5565126, 31.5091476], [-83.5564443, 31.5121882], [-83.556415, 31.5154973], [-83.5563915, 31.5186864], [-83.5563139, 31.5229756], [-83.5562689, 31.5278681], [-83.5562147, 31.5318198], [-83.5561726, 31.5357554], [-83.5559682, 31.5393158], [-83.5557647, 31.5423888], [-83.5555389, 31.5461245], [-83.555307, 31.5498851], [-83.5550751, 31.5536304], [-83.5548134, 31.5579736], [-83.5545398, 31.562428], [-83.5544863, 31.5663501], [-83.5544387, 31.5705812], [-83.554403, 31.5747208], [-83.5543554, 31.5787185], [-83.5543376, 31.5823815], [-83.5543376, 31.5863433], [-83.5543376, 31.5908673], [-83.5544597, 31.5950397], [-83.554591, 31.5995055], [-83.5546673, 31.6024712], [-83.5547672, 31.6053569], [-83.5549252, 31.6092935], [-83.5545476, 31.612889], [-83.5541987, 31.6166388], [-83.5539227, 31.6196041], [-83.5536115, 31.6230792], [-83.5533355, 31.6260393], [-83.5529714, 31.6298742], [-83.5525252, 31.6340089], [-83.5525956, 31.6384333], [-83.5526015, 31.6416628], [-83.5525956, 31.6452421], [-83.5526132, 31.6484064], [-83.552622, 31.6525345], [-83.5526255, 31.6564725], [-83.5526372, 31.6605111], [-83.5526313, 31.6643296], [-83.5524611, 31.6683778], [-83.5522966, 31.6723009], [-83.552144, 31.675959], [-83.5520441, 31.6793521], [-83.5519678, 31.6825152], [-83.5518621, 31.6863028], [-83.5517505, 31.6899053], [-83.5516331, 31.6938075], [-83.5514884, 31.6981471], [-83.5517437, 31.7023881], [-83.5519437, 31.7061106], [-83.5521443, 31.7100256], [-83.5523337, 31.7135866], [-83.5525247, 31.7170304], [-83.5527161, 31.7209217], [-83.5528977, 31.7242499], [-83.5531326, 31.7285752], [-83.5533557, 31.7328204], [-83.5535847, 31.7369555], [-83.5538314, 31.7419494], [-83.5540427, 31.7457895], [-83.5542541, 31.7499889], [-83.554489, 31.754303], [-83.554718, 31.758542], [-83.5549764, 31.7634299], [-83.5551584, 31.7678282], [-83.5552994, 31.7715724], [-83.5554579, 31.7757058], [-83.5555636, 31.7799588], [-83.5556634, 31.7842665], [-83.5557574, 31.7879551], [-83.5558748, 31.7920678], [-83.5559746, 31.7962103], [-83.5560862, 31.800093], [-83.5561626, 31.80431], [-83.5562741, 31.8082573], [-83.5563798, 31.8123242], [-83.5564679, 31.8164308], [-83.5565669, 31.8205009], [-83.5566707, 31.8245688], [-83.5569987, 31.8277262], [-83.5574056, 31.8313527], [-83.5578458, 31.8353813], [-83.5583191, 31.8397835], [-83.5587122, 31.8434408], [-83.5592054, 31.847551], [-83.5595812, 31.8505837], [-83.5598798, 31.8528996], [-83.560358, 31.8566604], [-83.5608962, 31.8608888], [-83.5614684, 31.8651024], [-83.5610311, 31.8689048], [-83.5605709, 31.873478], [-83.5600869, 31.8780035], [-83.5597387, 31.8813198], [-83.5593091, 31.8855175], [-83.5589023, 31.8894664], [-83.5585182, 31.8931995], [-83.5583752, 31.8945795], [-83.5582481, 31.8958058], [-83.5580561, 31.8976585], [-83.5576419, 31.9017105], [-83.5572046, 31.9060906], [-83.5568226, 31.9096343], [-83.5563485, 31.9139945], [-83.5569975, 31.9187334], [-83.5575314, 31.9230462], [-83.5579456, 31.9261401], [-83.5584703, 31.930562], [-83.5588892, 31.9342727], [-83.5593678, 31.9383622], [-83.5598327, 31.9425492], [-83.5602837, 31.9468257], [-83.5607072, 31.9508912], [-83.561103, 31.9546168], [-83.5615725, 31.9592638], [-83.5619913, 31.9633756], [-83.5624101, 31.9674677], [-83.5628326, 31.9711457], [-83.5627465, 31.9743352], [-83.5627051, 31.9781223], [-83.562651, 31.9822264], [-83.5626122, 31.9856155], [-83.5625905, 31.9871732], [-83.5625528, 31.989973], [-83.5625025, 31.9938681], [-83.5624462, 31.9979171], [-83.562398, 32.0026509], [-83.5623893, 32.0066024], [-83.5623852, 32.0103973], [-83.5623459, 32.0121866], [-83.5623485, 32.0148426], [-83.5623219, 32.0188386], [-83.5623322, 32.0233902], [-83.5623568, 32.027146], [-83.5624092, 32.030502], [-83.5624366, 32.034059], [-83.5624263, 32.0375171], [-83.5624298, 32.0415097], [-83.5624126, 32.0452116], [-83.5623955, 32.0500203], [-83.5623715, 32.0552704], [-83.5623509, 32.0590646], [-83.5623612, 32.0627716], [-83.5623269, 32.0663622], [-83.5623303, 32.0704146], [-83.5622926, 32.0749431], [-83.5623132, 32.0797444], [-83.5622319, 32.0840428], [-83.562298, 32.088176], [-83.562264, 32.0922052], [-83.5622202, 32.0961239], [-83.5629107, 32.0996148], [-83.5637025, 32.1034944], [-83.5644635, 32.1074173], [-83.5651388, 32.1109365], [-83.5657456, 32.1139358], [-83.5662332, 32.1166455], [-83.56707, 32.1206997], [-83.5678401, 32.1246934], [-83.568566, 32.1283371], [-83.5694635, 32.1330052], [-83.5704401, 32.1378034], [-83.5713112, 32.1421916], [-83.5712882, 32.1459335], [-83.5713128, 32.1497384], [-83.5713084, 32.1537089], [-83.5713128, 32.1578244], [-83.571326, 32.1614445], [-83.5713436, 32.1657943], [-83.5713436, 32.1698572], [-83.57137, 32.1741619], [-83.57137, 32.1784404], [-83.5713953, 32.1828537], [-83.5713946, 32.1870376], [-83.5713978, 32.191071], [-83.5714154, 32.195412], [-83.5714066, 32.1996113], [-83.5725064, 32.2028165], [-83.5735535, 32.2059061], [-83.5747237, 32.2094573], [-83.5761667, 32.2137192], [-83.5769233, 32.2160016], [-83.5776425, 32.2180631], [-83.5779063, 32.2217685], [-83.5780901, 32.2242837], [-83.5783533, 32.227504], [-83.5786968, 32.2318776], [-83.5790136, 32.2360138], [-83.5793705, 32.2402486], [-83.5797224, 32.244567], [-83.5799901, 32.2481894], [-83.5802727, 32.2518493], [-83.5806034, 32.255974], [-83.5809395, 32.2598464], [-83.5813082, 32.2640274], [-83.5817162, 32.2683528], [-83.5820702, 32.2724043], [-83.5823942, 32.276139], [-83.5827016, 32.2795338], [-83.583108, 32.2839803], [-83.5834352, 32.2876513], [-83.5837818, 32.2915658], [-83.5841241, 32.2953997], [-83.5845059, 32.2996723], [-83.5848484, 32.3034938], [-83.5852515, 32.3073897], [-83.5856301, 32.3115786], [-83.5860577, 32.3155393], [-83.5864783, 32.3197516], [-83.5869396, 32.3237939], [-83.5873541, 32.3279592], [-83.587843, 32.3321037], [-83.5882595, 32.3358548], [-83.5880281, 32.3399492], [-83.5878145, 32.3439542], [-83.5876084, 32.347977], [-83.5873803, 32.3522649], [-83.5870724, 32.3556855], [-83.5866503, 32.3594146], [-83.5862436, 32.3632453], [-83.5858082, 32.3675547], [-83.5853563, 32.3721761], [-83.5847853, 32.3778762], [-83.5843293, 32.3819663], [-83.5839637, 32.3855845], [-83.5834934, 32.3883204], [-83.5833507, 32.3927627], [-83.5831711, 32.3968988], [-83.5830183, 32.4006107], [-83.5828302, 32.4053575], [-83.5827973, 32.4073809], [-83.582755, 32.4114355], [-83.5827174, 32.4158391], [-83.5826563, 32.4199607], [-83.5826175, 32.4242638], [-83.582556, 32.4286284], [-83.5825432, 32.4323226], [-83.5825033, 32.4342522], [-83.5824767, 32.4369726], [-83.5824727, 32.4412002], [-83.5823881, 32.4456975], [-83.5823918, 32.4494919], [-83.5823401, 32.4541275], [-83.5823025, 32.4581205], [-83.5822743, 32.4619944], [-83.582232, 32.4665977], [-83.5822132, 32.4709311], [-83.5821756, 32.474297], [-83.5821474, 32.4788759], [-83.5821051, 32.4826181], [-83.5820932, 32.4840563], [-83.5820791, 32.4854387], [-83.5820791, 32.4878051], [-83.5820577, 32.4910706], [-83.5820002, 32.4961282], [-83.5819714, 32.499738], [-83.581957, 32.5035221], [-83.5819185, 32.5082834], [-83.5818896, 32.5124443], [-83.5818367, 32.5173309], [-83.5817972, 32.5221323], [-83.5818501, 32.5244476], [-83.5819135, 32.5272902], [-83.5820155, 32.5310403], [-83.5821039, 32.5352461], [-83.5822365, 32.5400794], [-83.5823329, 32.5441495], [-83.5824247, 32.5480651], [-83.5825404, 32.5523274], [-83.5826197, 32.5558807], [-83.5853395, 32.5571375], [-83.5894672, 32.5590544], [-83.5935294, 32.5609372], [-83.5977236, 32.5629411], [-83.6001057, 32.5636577], [-83.6024725, 32.5648099], [-83.6046952, 32.5658639], [-83.6071797, 32.5670442], [-83.6092573, 32.5680423], [-83.6124922, 32.5695781], [-83.6143682, 32.5704899], [-83.617119, 32.5718017], [-83.6192138, 32.5727983], [-83.6213689, 32.5738143], [-83.6245427, 32.5753298], [-83.6272705, 32.5766246], [-83.6299781, 32.5779121], [-83.6323993, 32.579072], [-83.63467, 32.5801499], [-83.6368699, 32.5809817], [-83.6412269, 32.5830563], [-83.6448873, 32.5848382], [-83.64691, 32.5855676], [-83.6507915, 32.5866226], [-83.6525173, 32.5870845], [-83.6545511, 32.5876348], [-83.6568827, 32.5882649], [-83.6593429, 32.5889293], [-83.6629468, 32.5899072], [-83.6657657, 32.5906599], [-83.6679947, 32.5912776], [-83.6697035, 32.5917328], [-83.6714515, 32.5922088], [-83.6727036, 32.5925538], [-83.6747949, 32.5931155], [-83.6786448, 32.5941706], [-83.680787, 32.5947317], [-83.6824023, 32.5951802], [-83.6847353, 32.5958193], [-83.6876881, 32.5966176], [-83.6910096, 32.5975282], [-83.6933717, 32.5981612], [-83.6955171, 32.5987142], [-83.6977844, 32.600114], [-83.700319, 32.6016335], [-83.7022446, 32.6027995], [-83.7041934, 32.6039858], [-83.7057647, 32.6049296], [-83.7075857, 32.6060322], [-83.7097728, 32.6073646], [-83.7117756, 32.6085781], [-83.7140751, 32.6099689], [-83.7166661, 32.611524], [-83.7190257, 32.6129666], [-83.7210812, 32.6142029], [-83.7237884, 32.6158447], [-83.7259034, 32.6171103], [-83.7282113, 32.6185098], [-83.7305174, 32.6199054], [-83.7323072, 32.6209863], [-83.7343643, 32.6222318], [-83.7361824, 32.6233402], [-83.738333, 32.6246177], [-83.740255, 32.6257844], [-83.7424125, 32.6270968], [-83.7445749, 32.6284011], [-83.7477661, 32.6303146], [-83.7518457, 32.6328065], [-83.7539983, 32.6341186], [-83.7567591, 32.6357903], [-83.7594276, 32.6372203], [-83.7618671, 32.6385295], [-83.7641119, 32.6397523], [-83.766613, 32.6411046], [-83.7691155, 32.6424528], [-83.7716097, 32.6437993], [-83.7737418, 32.6449559], [-83.776441, 32.6464087], [-83.7788038, 32.6476966], [-83.7813563, 32.6490597], [-83.78365, 32.6503021], [-83.785713, 32.6514209], [-83.788325, 32.6528252], [-83.7901362, 32.6537996], [-83.7922867, 32.6549713], [-83.7948741, 32.6563608], [-83.7970525, 32.6575384], [-83.7992379, 32.6587218], [-83.801189, 32.6597786], [-83.8031051, 32.6608207], [-83.8050912, 32.6618775], [-83.8070878, 32.6629725], [-83.809455, 32.6642412], [-83.8117033, 32.6654481], [-83.8140589, 32.6667034], [-83.8158441, 32.6676774], [-83.817686, 32.6686638], [-83.8194652, 32.6697418], [-83.8210862, 32.6708142], [-83.8227711, 32.6718463], [-83.824651, 32.6731105], [-83.8274009, 32.6748237], [-83.8300835, 32.6764823], [-83.8338821, 32.678895], [-83.835446, 32.6797799], [-83.8377442, 32.6811177], [-83.8408569, 32.6829084], [-83.8424351, 32.6837991], [-83.845588, 32.6856114], [-83.8475361, 32.6867199], [-83.8496684, 32.6879499], [-83.8515384, 32.6890159], [-83.853978, 32.6904257], [-83.8563951, 32.6917913], [-83.8578116, 32.692605], [-83.8609407, 32.6942123], [-83.8638241, 32.6956977], [-83.865572, 32.6965892], [-83.8678148, 32.6977375], [-83.8697294, 32.6987252], [-83.8738008, 32.7008035], [-83.8767311, 32.702296], [-83.8799786, 32.7039724], [-83.8823615, 32.7052002], [-83.8844231, 32.706324], [-83.8863696, 32.7073767], [-83.888633, 32.7086062], [-83.8906039, 32.7096831], [-83.8934105, 32.7112494], [-83.8961555, 32.7127319], [-83.8997802, 32.7147172], [-83.9022204, 32.7160623], [-83.9038434, 32.7169514], [-83.9067175, 32.7185171], [-83.910625, 32.720681], [-83.914817, 32.722963], [-83.919348, 32.72543], [-83.9195863, 32.7255597], [-83.933207, 32.732974], [-83.9333822, 32.7330694], [-83.941229, 32.737341], [-83.955418, 32.745067], [-83.957624, 32.746353], [-83.959216, 32.747281], [-83.960287, 32.747868], [-83.965194, 32.750555], [-83.969334, 32.752823], [-83.9695518, 32.7528923], [-83.974254, 32.754609], [-83.993465, 32.761583], [-83.998413, 32.763379], [-83.999767, 32.763875], [-84.001566, 32.764578], [-84.004685, 32.765796], [-84.0118628, 32.768311], [-84.0125617, 32.7685783], [-84.0169803, 32.7701619], [-84.0176209, 32.770384], [-84.02156, 32.772016], [-84.02373, 32.772808], [-84.025909, 32.773604], [-84.032192, 32.775899], [-84.040008, 32.778754], [-84.040278, 32.778937], [-84.043959, 32.782091], [-84.0455414, 32.7831745], [-84.05572, 32.792104], [-84.060298, 32.795598], [-84.065627, 32.799621], [-84.068536, 32.801829], [-84.071682, 32.804217], [-84.072224, 32.80447], [-84.076317, 32.806189], [-84.0763687, 32.8062107], [-84.079886, 32.807688], [-84.0872851, 32.8107939], [-84.0899153, 32.8118922], [-84.0940821, 32.8136883], [-84.096314, 32.8146247], [-84.1012651, 32.8167046], [-84.1035254, 32.8176904], [-84.1066025, 32.8189989], [-84.1083063, 32.8197303], [-84.1107236, 32.8207638], [-84.1123577, 32.8214817], [-84.1143072, 32.8223944], [-84.1159122, 32.823141], [-84.1190728, 32.8246178], [-84.1210346, 32.8255222], [-84.12408, 32.8269404], [-84.1271152, 32.8283771], [-84.1301042, 32.8297681], [-84.1327205, 32.8309918], [-84.1350578, 32.8320848], [-84.1376616, 32.8333027], [-84.1397719, 32.8342682], [-84.1425033, 32.8355118], [-84.144583, 32.8364804], [-84.1463427, 32.8373054], [-84.1484568, 32.8382721], [-84.1489771, 32.8385142], [-84.1510032, 32.8394569], [-84.1541391, 32.8409224], [-84.1584286, 32.8428997], [-84.1620128, 32.844531], [-84.1647428, 32.8457774], [-84.1668, 32.8467597], [-84.1684105, 32.8474733], [-84.1707545, 32.8485714], [-84.1722711, 32.8492803], [-84.1745544, 32.8509205], [-84.1775327, 32.8530332], [-84.1794961, 32.8544324], [-84.1809466, 32.8555583], [-84.1825846, 32.8567258], [-84.184879, 32.8582963], [-84.1871718, 32.8599323], [-84.1896153, 32.8616311], [-84.1916629, 32.8630653], [-84.1930489, 32.8640496], [-84.1966799, 32.8666403], [-84.1997659, 32.8671983], [-84.2032144, 32.8678443], [-84.2076078, 32.8686914], [-84.2106387, 32.8692591], [-84.2127536, 32.8696463], [-84.2158822, 32.8702424], [-84.2183493, 32.8707087], [-84.2212605, 32.871248], [-84.2243649, 32.8718441], [-84.2277831, 32.8724888], [-84.2290529, 32.8727119], [-84.2321476, 32.8733079], [-84.2350348, 32.8738553], [-84.2365749, 32.8741392], [-84.2384964, 32.8745163], [-84.2403938, 32.8748812], [-84.2452605, 32.8757854], [-84.2471337, 32.8761139], [-84.249147, 32.876491], [-84.2534777, 32.8773506], [-84.2543371, 32.879532], [-84.2553847, 32.8821472], [-84.2568814, 32.8858894], [-84.2577794, 32.8881963], [-84.2585616, 32.8901544], [-84.2592809, 32.8919869], [-84.2603817, 32.8947638], [-84.2612121, 32.8968637], [-84.2634137, 32.8980637], [-84.2669526, 32.899973], [-84.2693618, 32.9012904], [-84.2713412, 32.9023322], [-84.273958, 32.903755], [-84.2762078, 32.9049548], [-84.2779459, 32.9058911], [-84.2796647, 32.9067991], [-84.2820014, 32.9080881], [-84.2835609, 32.9089271], [-84.2863176, 32.9104227], [-84.2888234, 32.9117562], [-84.2907594, 32.91281], [-84.2925602, 32.9137909], [-84.2942645, 32.9147312], [-84.2963164, 32.9158093], [-84.2981124, 32.916782], [-84.3001016, 32.9178195], [-84.3031384, 32.919469], [-84.3048137, 32.9203606], [-84.3072149, 32.9216251], [-84.3078601, 32.923046], [-84.3080547, 32.923706], [-84.3088079, 32.9254253], [-84.3098728, 32.9279288], [-84.3105249, 32.9294774], [-84.3109467, 32.9305376], [-84.3135447, 32.9335119], [-84.3150954, 32.9352937], [-84.3164037, 32.9368008], [-84.3178809, 32.9385027], [-84.319361, 32.9401803], [-84.3208255, 32.9418265], [-84.3225264, 32.9437729], [-84.3236132, 32.9450209], [-84.3252624, 32.9468786], [-84.3261212, 32.9478603], [-84.327595, 32.9495099], [-84.328731, 32.9507816], [-84.3307133, 32.9521819], [-84.3332046, 32.9539686], [-84.3346844, 32.9549995], [-84.3360954, 32.956035], [-84.3382938, 32.9576031], [-84.3410036, 32.9592493], [-84.3421664, 32.9599537], [-84.343397, 32.960739], [-84.3447174, 32.9615637], [-84.3485827, 32.9639309], [-84.3506763, 32.9652061], [-84.3525941, 32.9663795], [-84.3547159, 32.9677109], [-84.3563732, 32.9680748], [-84.3582109, 32.9684784], [-84.3604831, 32.9689774], [-84.3617243, 32.9692499], [-84.3643257, 32.9698212], [-84.3681051, 32.9706511], [-84.3718684, 32.9714775], [-84.3735237, 32.971841], [-84.3744757, 32.9720501], [-84.3786798, 32.9729732], [-84.3806688, 32.97341], [-84.3824937, 32.9738107], [-84.3848182, 32.9743211], [-84.387166, 32.9748367], [-84.3883889, 32.9751052], [-84.3907015, 32.9764562], [-84.3927295, 32.9775343], [-84.3952057, 32.9789083], [-84.3991355, 32.9810888], [-84.4008413, 32.982], [-84.4032992, 32.9833955], [-84.405532, 32.9846204], [-84.4069924, 32.9854224], [-84.4087748, 32.9863921], [-84.4109738, 32.987595], [-84.4132831, 32.9889031], [-84.4154429, 32.9900725], [-84.4177715, 32.9913539], [-84.4198568, 32.9925015], [-84.4214502, 32.9934937], [-84.4229705, 32.9944403], [-84.4247455, 32.995494], [-84.4268471, 32.9968058], [-84.4289599, 32.9981246], [-84.4312778, 32.9995714], [-84.4334842, 33.0009323], [-84.4371097, 33.0031766], [-84.4391817, 33.0044592], [-84.440558, 33.0053112], [-84.4431997, 33.0069465], [-84.4450224, 33.0080747], [-84.4467128, 33.0091211], [-84.4483306, 33.0101225], [-84.4503384, 33.0113652], [-84.4522539, 33.0125509], [-84.4536355, 33.0137562], [-84.4548684, 33.0148317], [-84.4569491, 33.0166469], [-84.4585768, 33.0180668], [-84.4601092, 33.0194036], [-84.4617268, 33.0208147], [-84.4628206, 33.0217688], [-84.4650503, 33.0237138], [-84.4671392, 33.0255359], [-84.468498, 33.0267065], [-84.4694684, 33.0275426], [-84.4721804, 33.0298789], [-84.4742024, 33.0316143], [-84.4758824, 33.0330561], [-84.4774832, 33.0344434], [-84.4786087, 33.0354187], [-84.4800839, 33.036697], [-84.4822213, 33.0385492], [-84.4842058, 33.0402869], [-84.4859794, 33.041829], [-84.4873406, 33.0430142], [-84.4888885, 33.0443407], [-84.4901318, 33.0454118], [-84.4916609, 33.0467461], [-84.4935267, 33.0483765], [-84.4955738, 33.0500818], [-84.4972253, 33.0522003], [-84.4982299, 33.0534524], [-84.4992396, 33.0547212], [-84.5005959, 33.0564028], [-84.5014919, 33.0575415], [-84.5025576, 33.0588607], [-84.503858, 33.0604853], [-84.5067434, 33.0641007], [-84.5081433, 33.0658535], [-84.5088803, 33.0667726], [-84.510423, 33.0687049], [-84.5116933, 33.0702954], [-84.512698, 33.0715556], [-84.5137906, 33.0729264], [-84.5150402, 33.0744655], [-84.5156807, 33.0752785], [-84.5172286, 33.0771859], [-84.5188047, 33.0796194], [-84.5207796, 33.0826237], [-84.5227192, 33.083987], [-84.5244868, 33.0852129], [-84.5263549, 33.0865045], [-84.5282136, 33.0877856], [-84.5298423, 33.0889173], [-84.5320491, 33.0904499], [-84.5335188, 33.091432], [-84.5351439, 33.092894], [-84.5375283, 33.0949622], [-84.5390291, 33.0963014], [-84.5404988, 33.0975661], [-84.542599, 33.0994111], [-84.5439532, 33.1005827], [-84.5454807, 33.1019181], [-84.5474299, 33.1036253], [-84.5494458, 33.1053883], [-84.5517147, 33.1073819], [-84.553291, 33.1087841], [-84.5543241, 33.1094982], [-84.5570202, 33.1114117], [-84.5590643, 33.1128886], [-84.5606672, 33.1140527], [-84.5625454, 33.1153878], [-84.5642682, 33.1166299], [-84.5658978, 33.1178014], [-84.5675644, 33.1189853], [-84.5708034, 33.1213077], [-84.5730261, 33.1229057], [-84.5747134, 33.1241217], [-84.5770935, 33.125781], [-84.5787966, 33.1274116], [-84.5808652, 33.1293625], [-84.5818385, 33.1302775], [-84.583154, 33.1315221], [-84.584455, 33.1327491], [-84.5858165, 33.1340209], [-84.5870731, 33.1351852], [-84.588899, 33.13691], [-84.5901955, 33.1381295], [-84.5915675, 33.1395572], [-84.5928341, 33.1408773], [-84.5941192, 33.1422131], [-84.5964947, 33.1446557], [-84.5982885, 33.1465331], [-84.5995449, 33.1478409], [-84.6012146, 33.1495696], [-84.6026527, 33.1510716], [-84.6042504, 33.1527195], [-84.6051651, 33.1536823], [-84.6070966, 33.1556673], [-84.6082555, 33.156868], [-84.6102535, 33.158931], [-84.612518, 33.1612728], [-84.6136103, 33.162399], [-84.6155063, 33.1643542], [-84.6177664, 33.1667515], [-84.6193959, 33.1681416], [-84.620728, 33.1692864], [-84.6222332, 33.1706095], [-84.6243867, 33.1724864], [-84.6256877, 33.1736162], [-84.6271085, 33.1748501], [-84.6285338, 33.1760802], [-84.6303471, 33.1776595], [-84.6322152, 33.1792835], [-84.6350989, 33.1818064], [-84.6379383, 33.1842646], [-84.6404026, 33.1864273], [-84.6430045, 33.1886977], [-84.6459528, 33.1912691], [-84.6475329, 33.1926872], [-84.6487411, 33.1935583], [-84.6509882, 33.1951785], [-84.6531369, 33.1967685], [-84.6547389, 33.1979475], [-84.6560958, 33.1989435], [-84.658929, 33.2010217], [-84.661197, 33.2026602], [-84.6629555, 33.204244], [-84.6657756, 33.2067015], [-84.6685374, 33.2091201], [-84.669884, 33.2102985], [-84.671304, 33.211531], [-84.6731124, 33.2131326], [-84.6746589, 33.2144879], [-84.6761016, 33.2157538], [-84.6786133, 33.2179418], [-84.680064, 33.2192066], [-84.6811963, 33.2202123], [-84.6832309, 33.2219931], [-84.6845902, 33.2231832], [-84.6856115, 33.2240697], [-84.6876451, 33.225847], [-84.6888551, 33.2269056], [-84.6909053, 33.2287204], [-84.6930905, 33.2306087], [-84.6953207, 33.2325699], [-84.6971418, 33.2341508], [-84.6997885, 33.2364749], [-84.7014275, 33.2379166], [-84.7029596, 33.2392507], [-84.7046708, 33.2407422], [-84.7062029, 33.2422154], [-84.7078136, 33.2437909], [-84.7095404, 33.2454478], [-84.7109407, 33.246808], [-84.7130663, 33.2488487], [-84.7149768, 33.2507125], [-84.7165435, 33.252217], [-84.7184116, 33.2540287], [-84.720122, 33.2556657], [-84.7211225, 33.2565271], [-84.7234773, 33.258539], [-84.7253391, 33.26013], [-84.7276311, 33.2620754], [-84.7284214, 33.2628795], [-84.7300616, 33.2645204], [-84.7317382, 33.2661979], [-84.7333332, 33.2677861], [-84.7351636, 33.2696237], [-84.7363159, 33.270763], [-84.7379956, 33.2724509], [-84.7391981, 33.2736426], [-84.7401526, 33.2746008], [-84.7423598, 33.2768004], [-84.7434775, 33.2779029], [-84.7444289, 33.2788609], [-84.7455152, 33.2799345], [-84.747534, 33.281966], [-84.7491604, 33.2835855], [-84.7502593, 33.2846905], [-84.7514838, 33.2859057], [-84.7537235, 33.2881283], [-84.7562862, 33.2906829], [-84.7572829, 33.291686], [-84.7586132, 33.2930552], [-84.7597401, 33.2942105], [-84.7617058, 33.2962326], [-84.7639101, 33.2985115], [-84.7658829, 33.3005474], [-84.7678391, 33.3025773], [-84.7692378, 33.3040069], [-84.7708328, 33.305658], [-84.7726132, 33.3075121], [-84.7753855, 33.3086335], [-84.7773085, 33.3094304], [-84.7800422, 33.3105606], [-84.7835018, 33.3120113], [-84.7862206, 33.3131042], [-84.78942, 33.3157542], [-84.7908959, 33.3169481], [-84.7922321, 33.3180225], [-84.7946499, 33.3199905], [-84.79635, 33.3213612], [-84.7978519, 33.3225781], [-84.8005361, 33.3247487], [-84.801695, 33.3256965], [-84.8035315, 33.3271855], [-84.8058936, 33.3290901], [-84.8067379, 33.330474], [-84.8079739, 33.3324156], [-84.8091956, 33.3343594], [-84.8108935, 33.3370934], [-84.8127445, 33.3400273], [-84.8128748, 33.3402298], [-84.8141492, 33.342269], [-84.8160022, 33.3452253], [-84.8171754, 33.3471056], [-84.8198372, 33.3512609], [-84.8213451, 33.3543972], [-84.8226043, 33.3569508], [-84.8233829, 33.3585122], [-84.8243902, 33.3605339], [-84.8253015, 33.3624254], [-84.8267878, 33.3641583], [-84.8289113, 33.3665112], [-84.8310679, 33.3689452], [-84.8329476, 33.3705894], [-84.8349144, 33.3723327], [-84.8366805, 33.3738795], [-84.8387682, 33.3757161], [-84.8410486, 33.3777467], [-84.8425724, 33.3790815], [-84.8449292, 33.3811761], [-84.8462631, 33.3823653], [-84.8479284, 33.3838391], [-84.8495383, 33.3854526], [-84.8524535, 33.3882942], [-84.85417, 33.3899847], [-84.8566279, 33.3924051], [-84.8587722, 33.3945127], [-84.8601141, 33.3958327], [-84.8612115, 33.3968287], [-84.8627632, 33.3982529], [-84.8641157, 33.3994952], [-84.8651334, 33.400418], [-84.867004, 33.4021261], [-84.8683618, 33.4033195], [-84.8696718, 33.4046482], [-84.8720287, 33.4069418], [-84.8728816, 33.4077691], [-84.8738834, 33.4087429], [-84.8760782, 33.410819], [-84.8774838, 33.4135005], [-84.8780392, 33.4145119], [-84.8792694, 33.4168008], [-84.880792, 33.4196153], [-84.8812118, 33.4204203], [-84.8825483, 33.4228732], [-84.8835118, 33.4246519], [-84.8843541, 33.4262087], [-84.885478, 33.4282888], [-84.8861476, 33.4295262], [-84.8868863, 33.43089], [-84.8879737, 33.432913], [-84.8888324, 33.4345115], [-84.8896054, 33.4360021], [-84.8912881, 33.4380146], [-84.8922606, 33.4391831], [-84.8941711, 33.4415223], [-84.8952632, 33.4428549], [-84.8962266, 33.4440408], [-84.8969368, 33.4448843], [-84.8993005, 33.4477815], [-84.9001311, 33.4487792], [-84.9015341, 33.4504863], [-84.9028759, 33.4521247], [-84.9038418, 33.4532976], [-84.9049418, 33.4545866], [-84.9064173, 33.4568312], [-84.9054546, 33.4571972], [-84.9038786, 33.4582134], [-84.9002189, 33.4568415], [-84.8965222, 33.4586315], [-84.8961948, 33.4599603], [-84.8956133, 33.4613318], [-84.8944826, 33.4632069], [-84.89439, 33.4648715], [-84.8966141, 33.4661864], [-84.8987303, 33.4669307], [-84.9018494, 33.468083], [-84.9050229, 33.467806], [-84.9072593, 33.4678062], [-84.9103043, 33.467564], [-84.912382, 33.4673744], [-84.9147706, 33.4671569], [-84.9187183, 33.4668318], [-84.9216731, 33.4665747], [-84.9234692, 33.4664144], [-84.9257946, 33.466221], [-84.9298818, 33.4658717], [-84.9327418, 33.4656213], [-84.9347591, 33.4654565], [-84.9373295, 33.4652302], [-84.9402132, 33.464971], [-84.9449509, 33.4645733], [-84.9484341, 33.4642734], [-84.9520256, 33.4639785], [-84.9555783, 33.4636709], [-84.9587938, 33.4633985], [-84.9627968, 33.4630492], [-84.965296, 33.4628427], [-84.9690831, 33.4625087], [-84.972109, 33.4622451], [-84.975156, 33.4619924], [-84.9796225, 33.4616255], [-84.9830777, 33.4613135], [-84.9848448, 33.4611685], [-84.989119, 33.4608082], [-84.9927559, 33.4604962], [-84.9947811, 33.4602545], [-84.9975411, 33.4599404], [-85.0004037, 33.45958], [-85.0040011, 33.4591692], [-85.0072878, 33.4587825], [-85.0088314, 33.4597884], [-85.0076964, 33.4616798], [-85.0069692, 33.4629162], [-85.0060442, 33.4644336], [-85.0053167, 33.4656524], [-85.0041933, 33.4675171], [-85.0025323, 33.4702545], [-85.0009642, 33.4728217], [-84.9996988, 33.4749471], [-84.9988357, 33.4763755], [-84.9977079, 33.4782599], [-84.9966281, 33.4800295], [-84.995514, 33.4818851], [-84.9942073, 33.4842197], [-84.9929452, 33.4864812], [-84.9917586, 33.4886389], [-84.9907569, 33.4904477], [-84.9895022, 33.4927188], [-84.9887387, 33.4942558], [-84.9880093, 33.4956874], [-84.9874695, 33.4967215], [-84.9867595, 33.4980476], [-84.9857675, 33.4998116], [-84.9845517, 33.5020135], [-84.9837007, 33.5035544], [-84.9824995, 33.5055292], [-84.9811454, 33.5077686], [-84.9805378, 33.5087819], [-84.9796162, 33.5103187], [-84.9786933, 33.5118532], [-84.9772636, 33.514217], [-84.9756393, 33.516897], [-84.9745695, 33.5186809], [-84.9736698, 33.5201688], [-84.9723568, 33.5223459], [-84.9713405, 33.5240486], [-84.9707326, 33.525058], [-84.9699837, 33.5262823], [-84.9691327, 33.5277295], [-84.9679753, 33.5296267], [-84.9666331, 33.5318725], [-84.9657092, 33.5334088], [-84.964649, 33.5351437], [-84.9632777, 33.5374258], [-84.9621932, 33.5392336], [-84.9613179, 33.5406563], [-84.9604669, 33.5420506], [-84.9589496, 33.5445838], [-84.9580123, 33.5461037], [-84.9570357, 33.5477258], [-84.9555127, 33.5502417], [-84.9544671, 33.5519722], [-84.9532174, 33.5538729], [-84.9518703, 33.5559843], [-84.9507399, 33.5577772], [-84.9485178, 33.5611337], [-84.9472695, 33.5630478], [-84.9457978, 33.5652856], [-84.9443054, 33.5675606], [-84.9432532, 33.5690132], [-84.9424898, 33.5701793], [-84.9412726, 33.5720072], [-84.9401722, 33.5736976], [-84.9391784, 33.5752103], [-84.9382294, 33.5766571], [-84.9369578, 33.5786037], [-84.9354619, 33.5808519], [-84.9345817, 33.5821978], [-84.9332596, 33.5842105], [-84.9323975, 33.5855111], [-84.9308363, 33.5878889], [-84.9298982, 33.5893252], [-84.9288972, 33.5908348], [-84.9273245, 33.5932201], [-84.9261822, 33.5949653], [-84.924543, 33.5974315], [-84.9230216, 33.5997655], [-84.9221559, 33.6010711], [-84.9209828, 33.6028332], [-84.9201324, 33.6041131], [-84.9189747, 33.6058837], [-84.9179502, 33.6074495], [-84.9165159, 33.6096303], [-84.9158358, 33.6106468], [-84.9150317, 33.6118323], [-84.9142891, 33.6135367], [-84.9135393, 33.6151807], [-84.9128149, 33.6167462], [-84.9119419, 33.6186556], [-84.9112248, 33.6202302], [-84.9105435, 33.6216953], [-84.9098161, 33.6232565], [-84.9084996, 33.62614], [-84.9075365, 33.6282684], [-84.9068808, 33.6296631], [-84.9056822, 33.6322905], [-84.904796, 33.6343207], [-84.9036485, 33.6363209], [-84.9028391, 33.6378008], [-84.9021681, 33.6389865], [-84.9015021, 33.6401763], [-84.9004776, 33.6420059], [-84.898946, 33.6447309], [-84.8978805, 33.646667], [-84.8966459, 33.6488461], [-84.8959185, 33.6501339], [-84.8948223, 33.6521039], [-84.8938951, 33.653801], [-84.8928655, 33.6558051], [-84.8918307, 33.6578049], [-84.890883, 33.6596852], [-84.8895665, 33.6622946], [-84.8884805, 33.6644178], [-84.8877019, 33.6659655], [-84.8870616, 33.6672061], [-84.8860985, 33.6691161], [-84.8854377, 33.6703823], [-84.8847257, 33.6717721], [-84.8835065, 33.6741509], [-84.8828611, 33.675434], [-84.8820107, 33.6770625], [-84.8812116, 33.6786312], [-84.8797978, 33.6814063], [-84.8788603, 33.6832136], [-84.8773697, 33.6861121], [-84.8765142, 33.6877574], [-84.8757509, 33.6892492], [-84.8746803, 33.6912994], [-84.8740195, 33.6926121], [-84.8733467, 33.6938286], [-84.8733431, 33.6954318], [-84.873296, 33.6969206], [-84.8732597, 33.6982526], [-84.873209, 33.700344], [-84.8731728, 33.7019291], [-84.8724577, 33.7040001], [-84.8698644, 33.7038252], [-84.8656675, 33.7035793], [-84.8613113, 33.7033286], [-84.8571385, 33.7032523], [-84.853532, 33.7032575], [-84.8499631, 33.7032557], [-84.8495395, 33.7061321], [-84.8490701, 33.7094131], [-84.8488089, 33.711121], [-84.8480858, 33.7128062], [-84.8486975, 33.7148545], [-84.8495321, 33.7176412], [-84.8503601, 33.720306], [-84.8513055, 33.7232706], [-84.8522907, 33.7268397], [-84.8532142, 33.7305192], [-84.8536674, 33.7323817], [-84.8543572, 33.7352272], [-84.8548033, 33.7370164], [-84.8554114, 33.7392708], [-84.8546664, 33.7412353], [-84.8548652, 33.7410224]]}}, {"type": "Feature", "properties": {"project_id": "GPC_19601", "route_mi": 35.55}, "geometry": {"type": "LineString", "coordinates": [[-84.3334617, 33.605931], [-84.3338914, 33.6060412], [-84.3338844, 33.6049049], [-84.3341356, 33.6028308], [-84.3355899, 33.6013522], [-84.3360566, 33.5994436], [-84.3360582, 33.598615], [-84.3361094, 33.5971188], [-84.3361359, 33.5960865], [-84.3378321, 33.5950029], [-84.3400101, 33.5948861], [-84.3428051, 33.5947011], [-84.3458828, 33.594742], [-84.3483179, 33.594777], [-84.3509587, 33.5948082], [-84.3528482, 33.594832], [-84.3560328, 33.5948629], [-84.3579929, 33.5948921], [-84.3616268, 33.5949289], [-84.3653956, 33.5949361], [-84.366364, 33.5949394], [-84.3709875, 33.5951248], [-84.374605, 33.5952694], [-84.3773206, 33.595137], [-84.3800469, 33.5950222], [-84.383272, 33.5948781], [-84.3851364, 33.5948144], [-84.3865687, 33.5944307], [-84.3885959, 33.5939134], [-84.3909853, 33.5933065], [-84.3930425, 33.5927878], [-84.3949247, 33.5923203], [-84.4010716, 33.5907484], [-84.4032293, 33.5902143], [-84.4053895, 33.5896588], [-84.4084417, 33.5888916], [-84.4108377, 33.5883014], [-84.4128844, 33.5873849], [-84.4160747, 33.5860064], [-84.4178727, 33.5852409], [-84.4193681, 33.5845586], [-84.4219266, 33.583444], [-84.4247645, 33.5822087], [-84.4278955, 33.5808444], [-84.4298343, 33.5800057], [-84.4317396, 33.5791755], [-84.4338973, 33.578236], [-84.4362867, 33.5771956], [-84.439088, 33.5759921], [-84.4416963, 33.5748509], [-84.4434626, 33.5741001], [-84.4458726, 33.5730489], [-84.4480226, 33.57212], [-84.4496807, 33.5713949], [-84.4521139, 33.570363], [-84.4536279, 33.5692946], [-84.4548766, 33.5684493], [-84.4562696, 33.5675075], [-84.4583198, 33.5663063], [-84.4607866, 33.5646325], [-84.4638173, 33.5625623], [-84.4661159, 33.5619578], [-84.4668669, 33.5617772], [-84.4700814, 33.5609881], [-84.4742394, 33.5599439], [-84.4781196, 33.5589857], [-84.482007, 33.5580186], [-84.486439, 33.5569151], [-84.4912306, 33.5557463], [-84.4937795, 33.5551322], [-84.4983374, 33.5540346], [-84.5027633, 33.5529646], [-84.5049579, 33.5524285], [-84.5081699, 33.5516587], [-84.5109227, 33.5510304], [-84.515612, 33.5499719], [-84.5208974, 33.5487706], [-84.5231308, 33.5480932], [-84.5258699, 33.5474852], [-84.5289118, 33.5467937], [-84.5315877, 33.5461967], [-84.5341188, 33.5456128], [-84.5365899, 33.545058], [-84.5391134, 33.5444837], [-84.54153, 33.5437876], [-84.5428971, 33.5434065], [-84.5449778, 33.5427589], [-84.5474798, 33.5419247], [-84.5500636, 33.541062], [-84.5525841, 33.540241], [-84.5566224, 33.5388844], [-84.5578319, 33.5384919], [-84.5594971, 33.5379513], [-84.5611107, 33.5374107], [-84.5639314, 33.5364754], [-84.5654601, 33.5359756], [-84.5677507, 33.535214], [-84.5695805, 33.5346369], [-84.5721798, 33.5337617], [-84.5753994, 33.5327255], [-84.5770054, 33.5322106], [-84.5812673, 33.5308376], [-84.5838975, 33.5299902], [-84.5865818, 33.5291342], [-84.5878902, 33.5287616], [-84.5898029, 33.5282306], [-84.5918236, 33.5276347], [-84.594683, 33.5268155], [-84.5980157, 33.5258819], [-84.6013125, 33.524955], [-84.6026637, 33.5245753], [-84.6046994, 33.5238844], [-84.6069204, 33.5231163], [-84.6089613, 33.5224255], [-84.6126004, 33.5211767], [-84.614492, 33.5205288], [-84.6182032, 33.5192575], [-84.6202204, 33.5185853], [-84.6222113, 33.5179025], [-84.6244693, 33.517124], [-84.6265988, 33.5164019], [-84.6284321, 33.5157808], [-84.6299557, 33.5152532], [-84.6309678, 33.5149108], [-84.6327604, 33.5141873], [-84.6341884, 33.513637], [-84.6356687, 33.5130655], [-84.6374392, 33.5123714], [-84.6419551, 33.5106318], [-84.644235, 33.5097057], [-84.6474894, 33.5084198], [-84.6502836, 33.5079765], [-84.6520846, 33.5076789], [-84.6538529, 33.5074114], [-84.6557041, 33.5070895], [-84.6575448, 33.5067872], [-84.6595929, 33.5064515], [-84.6616397, 33.5061194], [-84.6633391, 33.5058449], [-84.6649529, 33.5055783], [-84.6664825, 33.5053124], [-84.6681965, 33.5053203], [-84.6700228, 33.5052945], [-84.6723587, 33.5052758], [-84.6739401, 33.5052627], [-84.6779853, 33.5052694], [-84.6806598, 33.5053594], [-84.6831053, 33.5053852], [-84.6860404, 33.5054339], [-84.6908515, 33.5043636], [-84.6944956, 33.5036058], [-84.6976843, 33.5029491], [-84.7000764, 33.5024626], [-84.7031551, 33.5018376], [-84.7047438, 33.501512], [-84.707266, 33.501018], [-84.7089131, 33.5006849], [-84.7106162, 33.5003369], [-84.7130621, 33.4998167], [-84.7155103, 33.4992778], [-84.7183467, 33.4986678], [-84.7207163, 33.4981738], [-84.7222242, 33.4978463], [-84.724062, 33.4974889], [-84.7273921, 33.4968283], [-84.7291356, 33.4964822], [-84.7320528, 33.4959152], [-84.7334126, 33.4956513], [-84.7372158, 33.4949153], [-84.7417886, 33.4940461], [-84.7444122, 33.4935321], [-84.7467788, 33.4930584], [-84.7493017, 33.4925688], [-84.7534385, 33.4917647], [-84.755494, 33.4913642], [-84.7600561, 33.4904627], [-84.763792, 33.4897434], [-84.7660106, 33.4893295], [-84.767743, 33.4889998], [-84.7704277, 33.4885181], [-84.7721255, 33.4879464], [-84.7751815, 33.4869512], [-84.7765524, 33.4865066], [-84.7782153, 33.4859746], [-84.7806113, 33.4852018], [-84.7820996, 33.4846962], [-84.7850541, 33.4837408], [-84.787907, 33.4828197], [-84.7909376, 33.4818324], [-84.7938191, 33.4809034], [-84.7960215, 33.480194], [-84.7976336, 33.4796593], [-84.7990825, 33.4791963], [-84.8008945, 33.4786072], [-84.803595, 33.4777278], [-84.8056281, 33.4770719], [-84.8082885, 33.4762031], [-84.8108178, 33.4754408], [-84.8140515, 33.4744879], [-84.8160857, 33.4739029], [-84.8198284, 33.4727697], [-84.8226535, 33.4718357], [-84.8252273, 33.4709859], [-84.8279669, 33.470075], [-84.8296125, 33.4695361], [-84.8327797, 33.4684758], [-84.8346359, 33.4681497], [-84.8370049, 33.4677142], [-84.8398115, 33.4672084], [-84.8419674, 33.466812], [-84.8449286, 33.4662653], [-84.8466959, 33.4659411], [-84.8487582, 33.4655603], [-84.8513097, 33.4650917], [-84.8563356, 33.464166], [-84.8589971, 33.4636778], [-84.8607409, 33.4633541], [-84.8628165, 33.4629702], [-84.8645736, 33.4626457], [-84.8667178, 33.4622552], [-84.8692773, 33.4617748], [-84.8709617, 33.461462], [-84.8736194, 33.4610666], [-84.8766725, 33.4606039], [-84.8788218, 33.4602942], [-84.8822807, 33.4597679], [-84.8852297, 33.4593374], [-84.8863745, 33.4590668], [-84.8881278, 33.4586938], [-84.8898415, 33.458306], [-84.8919142, 33.4578576], [-84.894567, 33.4572841], [-84.8976992, 33.4565813], [-84.9003383, 33.4560218], [-84.904249, 33.4575428], [-84.9050501, 33.4588754], [-84.905108, 33.4610299], [-84.9041799, 33.4616275], [-84.9041978, 33.4616412]]}}, {"type": "Feature", "properties": {"project_id": "GPC_20234", "route_mi": 1.86}, "geometry": {"type": "LineString", "coordinates": [[-83.698786, 33.8379245], [-83.6988321, 33.8378625], [-83.6982297, 33.8375791], [-83.6978564, 33.8353375], [-83.6974258, 33.8328027], [-83.6971013, 33.8308872], [-83.6968174, 33.829192], [-83.6965802, 33.8275461], [-83.6955786, 33.8252909], [-83.6949733, 33.8238185], [-83.6936893, 33.8208044], [-83.6925382, 33.8180857], [-83.6920413, 33.8162691], [-83.6916733, 33.814791], [-83.6937083, 33.8139718], [-83.6945729, 33.8145756], [-83.6962937, 33.8172719]]}}, {"type": "Feature", "properties": {"project_id": "GPC_20778", "route_mi": 12.66}, "geometry": {"type": "LineString", "coordinates": [[-83.698786, 33.8379245], [-83.6988321, 33.8378625], [-83.6984559, 33.8388304], [-83.6987582, 33.8406337], [-83.6990977, 33.8426263], [-83.6994472, 33.8442979], [-83.699945, 33.8467027], [-83.7005988, 33.8498174], [-83.7009539, 33.8515012], [-83.7013599, 33.8534032], [-83.7015901, 33.8545251], [-83.7019458, 33.8562276], [-83.7025917, 33.8593344], [-83.7033744, 33.8630343], [-83.7041324, 33.8666542], [-83.7047649, 33.8695216], [-83.7054868, 33.872611], [-83.7061563, 33.8744729], [-83.7068801, 33.8765357], [-83.7081395, 33.8798428], [-83.7092821, 33.8828044], [-83.7103905, 33.8857115], [-83.7119177, 33.8897586], [-83.7125389, 33.8912653], [-83.7131832, 33.8928399], [-83.7165141, 33.8935069], [-83.7191217, 33.8940373], [-83.7196355, 33.8955933], [-83.7202789, 33.8975601], [-83.720942, 33.8997222], [-83.7218844, 33.9028007], [-83.7227728, 33.9056895], [-83.7239113, 33.9093532], [-83.7243398, 33.910746], [-83.7251115, 33.9132651], [-83.7257666, 33.9153746], [-83.726223, 33.9168638], [-83.7267878, 33.9187069], [-83.7278063, 33.9220348], [-83.728866, 33.925489], [-83.7296529, 33.9280242], [-83.7302398, 33.9299671], [-83.7309601, 33.9322916], [-83.7314265, 33.9340159], [-83.7319531, 33.9358269], [-83.7321816, 33.9374695], [-83.7326734, 33.940494], [-83.7332064, 33.9422444], [-83.7339584, 33.9448687], [-83.7359136, 33.9454617], [-83.7378591, 33.9460545], [-83.7422761, 33.9474095], [-83.7464735, 33.9486852], [-83.7485339, 33.9492992], [-83.7504146, 33.9498708], [-83.7526741, 33.9505854], [-83.7539591, 33.9509412], [-83.7559808, 33.9528922], [-83.7580309, 33.9548459], [-83.7598398, 33.9565645], [-83.7620005, 33.9586047], [-83.7648162, 33.9612745], [-83.7627235, 33.9632846], [-83.7601364, 33.9657248], [-83.758095, 33.9686063], [-83.7571514, 33.9699106], [-83.7559082, 33.9716223], [-83.754722, 33.9732643], [-83.7536256, 33.9747921], [-83.7529583, 33.9760813], [-83.7510701, 33.9787223], [-83.7521356, 33.9810468], [-83.7538012, 33.9846708], [-83.7535645, 33.9868715], [-83.7531901, 33.9901948], [-83.7533047, 33.9922425], [-83.7536638, 33.9943567], [-83.7534281, 33.995251], [-83.7531307, 33.9954594]]}}, {"type": "Feature", "properties": {"project_id": "GPC_18668", "route_mi": 17.58}, "geometry": {"type": "LineString", "coordinates": [[-81.9249474, 31.6031063], [-81.9248252, 31.6031653], [-81.9261905, 31.6023032], [-81.9272697, 31.601835], [-81.9294639, 31.6008739], [-81.9305834, 31.6003982], [-81.9317631, 31.5998996], [-81.933001, 31.5993724], [-81.9341696, 31.5988738], [-81.9353583, 31.5983504], [-81.9366051, 31.5978156], [-81.9378117, 31.5973056], [-81.9390787, 31.5967765], [-81.9402875, 31.5962531], [-81.9424884, 31.5953015], [-81.9437464, 31.5947629], [-81.9449105, 31.5942433], [-81.9460814, 31.5937618], [-81.9473193, 31.5932441], [-81.9486286, 31.5926902], [-81.9507022, 31.5915692], [-81.9518417, 31.590589], [-81.9524428, 31.5899152], [-81.9531913, 31.5887199], [-81.9538036, 31.5875931], [-81.9543979, 31.5864891], [-81.9550146, 31.5853509], [-81.9556358, 31.5842279], [-81.9562279, 31.5831067], [-81.9568335, 31.5819761], [-81.9574457, 31.580853], [-81.9580535, 31.5797223], [-81.9586612, 31.5786125], [-81.95924, 31.5774837], [-81.9598589, 31.5763339], [-81.960451, 31.5752184], [-81.9610521, 31.5741314], [-81.9616353, 31.5730406], [-81.9622006, 31.5719574], [-81.9627949, 31.5708761], [-81.9634027, 31.5697434], [-81.9640149, 31.5686183], [-81.9646115, 31.567516], [-81.9652104, 31.5663813], [-81.9658114, 31.5652486], [-81.9664102, 31.5641386], [-81.9670107, 31.5630128], [-81.9676303, 31.561886], [-81.9682298, 31.5607649], [-81.9688261, 31.559658], [-81.9693857, 31.5586419], [-81.9699885, 31.557518], [-81.9705681, 31.556411], [-81.9711677, 31.5552729], [-81.9717806, 31.5541432], [-81.9723835, 31.553022], [-81.9729797, 31.5519008], [-81.9735859, 31.5507682], [-81.9742055, 31.5496555], [-81.974815, 31.5485513], [-81.9754146, 31.5474244], [-81.9760208, 31.5462918], [-81.976627, 31.5451563], [-81.9772099, 31.5440407], [-81.9782325, 31.5421189], [-81.9787754, 31.5411168], [-81.9793217, 31.5401147], [-81.9799313, 31.538999], [-81.9805308, 31.5378692], [-81.9811171, 31.5367648], [-81.9817566, 31.5355923], [-81.9822829, 31.5346072], [-81.9828077, 31.533595], [-81.9833559, 31.532596], [-81.9838691, 31.5316118], [-81.9843968, 31.5306052], [-81.9849712, 31.5294943], [-81.9856535, 31.5283783], [-81.9863388, 31.5272624], [-81.9869365, 31.5262955], [-81.9875605, 31.5252989], [-81.9887356, 31.5233925], [-81.9893304, 31.5224231], [-81.9900127, 31.5213419], [-81.9906455, 31.52037], [-81.9913453, 31.5192565], [-81.9919838, 31.5181901], [-81.9925582, 31.5172257], [-81.9931997, 31.5162413], [-81.993815, 31.5152619], [-81.9944827, 31.5141806], [-81.9951096, 31.5131938], [-81.9957161, 31.5122169], [-81.9963634, 31.5111355], [-81.9970224, 31.5100641], [-81.9977222, 31.5089827], [-81.9984045, 31.5078765], [-81.9991101, 31.5067677], [-81.9997983, 31.5056466], [-82.0004776, 31.5045477], [-82.0011541, 31.5034663], [-82.0018452, 31.50236], [-82.0025041, 31.5012487], [-82.0031252, 31.5002543], [-82.0037813, 31.4992996], [-82.0048397, 31.4979222], [-82.0058282, 31.4968134], [-82.0067379, 31.4959531], [-82.0082267, 31.4947713], [-82.0098714, 31.4942743], [-82.0111605, 31.4942516], [-82.0124995, 31.4942289], [-82.0138152, 31.494209], [-82.0151209, 31.4941948], [-82.0164666, 31.4941806], [-82.0177923, 31.4941749], [-82.0197908, 31.4933598], [-82.0211632, 31.4928173], [-82.0225521, 31.4922549], [-82.0237604, 31.4906243], [-82.0238923, 31.4894277], [-82.0240151, 31.4882007], [-82.0241491, 31.4869912], [-82.0243516, 31.4857738], [-82.0244363, 31.4847296], [-82.0246025, 31.483459], [-82.0247541, 31.4823226], [-82.0249932, 31.4804427], [-82.0261916, 31.478973], [-82.0274017, 31.4781648], [-82.0284222, 31.4774661], [-82.0296761, 31.4766206], [-82.0308249, 31.4758696], [-82.0319912, 31.4750962], [-82.033802, 31.4738826], [-82.0350062, 31.4732037], [-82.0359655, 31.4725621], [-82.0377821, 31.4712365], [-82.0388551, 31.4706322], [-82.0399106, 31.4699334], [-82.0409837, 31.4692395], [-82.0420596, 31.4685606], [-82.0432084, 31.4677498], [-82.044888, 31.4663819], [-82.0457831, 31.4656035], [-82.0466724, 31.4648201], [-82.0475909, 31.4640341], [-82.0484774, 31.4632606], [-82.0493813, 31.4624697], [-82.0502677, 31.4616937], [-82.0511774, 31.4609227], [-82.0524895, 31.4597637], [-82.0535217, 31.4588807], [-82.0545131, 31.4579977], [-82.0555133, 31.4571098], [-82.0565251, 31.4562417], [-82.0575689, 31.4553587], [-82.0585516, 31.4545055], [-82.0595604, 31.4536449], [-82.0605606, 31.4527469], [-82.0615899, 31.4518589], [-82.0626133, 31.4509883], [-82.0636105, 31.4501177], [-82.0645844, 31.4493739], [-82.0655437, 31.4486376], [-82.0664855, 31.4479163], [-82.0674944, 31.4472322], [-82.0694014, 31.4459561], [-82.0704161, 31.4452745], [-82.0715533, 31.4445108], [-82.0725301, 31.4438217], [-82.0736789, 31.443058], [-82.0748307, 31.4422967], [-82.0759912, 31.4415206], [-82.07707, 31.4407519], [-82.0782218, 31.4399931], [-82.0793444, 31.4392318], [-82.0804757, 31.4384756], [-82.0816508, 31.4376969], [-82.0827734, 31.4369281], [-82.0838989, 31.4361594], [-82.0850244, 31.4354081], [-82.0860245, 31.4347264], [-82.0879986, 31.4333829], [-82.0896635, 31.4318678], [-82.0904566, 31.4310019], [-82.0913547, 31.4300092], [-82.0922557, 31.4290464], [-82.0931392, 31.4280661], [-82.0940198, 31.4270883], [-82.0949003, 31.4261254], [-82.0956847, 31.425257], [-82.0964836, 31.4243762], [-82.0974429, 31.4233112], [-82.0984285, 31.4222488], [-82.0992274, 31.4213729], [-82.1006445, 31.4197854], [-82.0998195, 31.4179826], [-82.098908, 31.4177915], [-82.0972136, 31.4170626], [-82.0977051, 31.4151871], [-82.0981469, 31.4148622], [-82.0982149, 31.4147862]]}}, {"type": "Feature", "properties": {"project_id": "GPC_10143", "route_mi": 19.11}, "geometry": {"type": "LineString", "coordinates": [[-83.9556599, 33.944567], [-83.9558688, 33.9445523], [-83.9575979, 33.9443824], [-83.9589477, 33.9446805], [-83.9608447, 33.9450955], [-83.9630322, 33.9449799], [-83.9641905, 33.9466887], [-83.9649812, 33.947839], [-83.9648352, 33.9494614], [-83.9640361, 33.9501856], [-83.9648536, 33.9516923], [-83.9658811, 33.9529303], [-83.9673668, 33.9546988], [-83.9685889, 33.956349], [-83.9694132, 33.9575744], [-83.9705755, 33.9590718], [-83.9714308, 33.9603285], [-83.9724382, 33.9619253], [-83.9735564, 33.9635629], [-83.9746365, 33.9651477], [-83.9758175, 33.9668799], [-83.9773156, 33.9678038], [-83.9785343, 33.9674666], [-83.979884, 33.9668593], [-83.9804925, 33.9659949], [-83.9821723, 33.9644352], [-83.9840161, 33.9631912], [-83.985713, 33.9646494], [-83.9858709, 33.966341], [-83.9856898, 33.9682609], [-83.9857807, 33.970006], [-83.9869376, 33.9715019], [-83.9883744, 33.9723819], [-83.989854, 33.973956], [-83.9911056, 33.9758092], [-83.9922285, 33.9772463], [-83.9934148, 33.9785967], [-83.993406, 33.9794961], [-83.9943786, 33.9806228], [-83.9954441, 33.98102], [-83.9964666, 33.9821701], [-83.99729, 33.9832119], [-83.9981621, 33.9842384], [-83.9989944, 33.9852084], [-83.9997442, 33.986069], [-83.9985233, 33.9878965], [-83.9961864, 33.9885201], [-83.9935037, 33.9892078], [-83.9912239, 33.9897924], [-83.9897298, 33.9902072], [-83.9873795, 33.9908141], [-83.9851836, 33.9911287], [-83.9841193, 33.9911871], [-83.9821282, 33.9913374], [-83.9810135, 33.9913959], [-83.9788378, 33.9915184], [-83.9772497, 33.9916019], [-83.9757119, 33.991691], [-83.9742043, 33.9917968], [-83.972267, 33.9919248], [-83.9704405, 33.9920334], [-83.9685166, 33.9921587], [-83.9666498, 33.99227], [-83.9644405, 33.9924176], [-83.9625737, 33.9925122], [-83.960257, 33.9926598], [-83.9581215, 33.9927767], [-83.9562346, 33.9928852], [-83.9540891, 33.9930411], [-83.9512855, 33.9933056], [-83.9494455, 33.9934865], [-83.9476325, 33.9936675], [-83.9458932, 33.9938345], [-83.9424047, 33.9941713], [-83.9398529, 33.9944052], [-83.9374825, 33.9946307], [-83.9360723, 33.994742], [-83.9347024, 33.9948784], [-83.9325771, 33.9950761], [-83.9299011, 33.9953349], [-83.9274165, 33.9955688], [-83.9251232, 33.9958082], [-83.9228636, 33.9959975], [-83.9209363, 33.9961895], [-83.91853, 33.9964081], [-83.9166503, 33.9966085], [-83.9141741, 33.9968502], [-83.9118442, 33.9970539], [-83.9102601, 33.9971977], [-83.9079909, 33.9973535], [-83.9059668, 33.9973768], [-83.9040559, 33.9974447], [-83.9026129, 33.9974964], [-83.9005304, 33.9976063], [-83.8978239, 33.9977357], [-83.8949536, 33.997865], [-83.8932338, 33.997949], [-83.8912371, 33.998004], [-83.8897785, 33.9980622], [-83.88715, 33.9981721], [-83.8850441, 33.9982562], [-83.8809531, 33.998447], [-83.8784962, 33.9985504], [-83.8769792, 33.9986313], [-83.8751371, 33.9986964], [-83.8732379, 33.9987779], [-83.871088, 33.9988601], [-83.8696558, 33.9988365], [-83.8669922, 33.9988591], [-83.8645665, 33.9988397], [-83.8631703, 33.9988171], [-83.8603741, 33.9988009], [-83.8588805, 33.9988041], [-83.857188, 33.9988041], [-83.8551756, 33.9987912], [-83.8528786, 33.9987815], [-83.8517711, 33.9988009], [-83.8497977, 33.99883], [-83.8485342, 33.9988785], [-83.8458472, 33.998982], [-83.8439986, 33.9990466], [-83.8418771, 33.9991016], [-83.8400793, 33.9991501], [-83.8383087, 33.9992244], [-83.8366123, 33.9992471], [-83.8334144, 33.9993311], [-83.8308756, 33.9994055], [-83.8296082, 33.9995736], [-83.8275724, 33.9998032], [-83.8255601, 34.0000424], [-83.8236648, 34.0002526], [-83.8219371, 34.000453], [-83.8199326, 34.0006793], [-83.8173509, 34.0009865], [-83.8145196, 34.0013324], [-83.8127218, 34.0015394], [-83.8109512, 34.001743], [-83.8091963, 34.001798], [-83.8077846, 34.0018659], [-83.8056045, 34.0019402], [-83.8033162, 34.0020269], [-83.8004804, 34.0021228], [-83.7983268, 34.0022138], [-83.7964305, 34.0022881], [-83.7947539, 34.0023313], [-83.7919875, 34.0024295], [-83.78925, 34.0025326], [-83.786923, 34.0026332], [-83.7839369, 34.0027267], [-83.7822545, 34.0027866], [-83.7791585, 34.002892], [-83.7777276, 34.0029496], [-83.7759788, 34.003019], [-83.7744584, 34.0024451], [-83.7725873, 34.001756], [-83.7707917, 34.0011111], [-83.7689433, 34.0004521], [-83.7660439, 33.9993915], [-83.7650333, 33.999028], [-83.7630014, 33.9982988], [-83.7608985, 33.99752], [-83.7596857, 33.997083], [-83.7571766, 33.9961592], [-83.7561438, 33.9956831], [-83.7545426, 33.9950202], [-83.7527606, 33.9954469], [-83.7531307, 33.9954594]]}}, {"type": "Feature", "properties": {"project_id": "GPC_19248", "route_mi": 24.18}, "geometry": {"type": "LineString", "coordinates": [[-82.801938, 32.9984771], [-82.8021107, 32.9985513], [-82.8010659, 32.998498], [-82.7989929, 32.9983688], [-82.7964043, 32.9982219], [-82.7940485, 32.9980888], [-82.7919745, 32.997975], [-82.7896694, 32.9978421], [-82.7871715, 32.9977016], [-82.7858995, 32.9976265], [-82.7834939, 32.99749], [-82.7822024, 32.9974773], [-82.7798224, 32.9974639], [-82.7771315, 32.9974329], [-82.7745569, 32.9974156], [-82.7720446, 32.9973996], [-82.7686059, 32.9962652], [-82.7666542, 32.9956277], [-82.7649235, 32.9950652], [-82.7626802, 32.9942554], [-82.7601996, 32.9933477], [-82.7579258, 32.9925076], [-82.7553525, 32.9915756], [-82.7528095, 32.9906449], [-82.7507273, 32.9898773], [-82.7485655, 32.9890875], [-82.7459456, 32.9881282], [-82.7436601, 32.9872871], [-82.7412491, 32.986389], [-82.7387683, 32.9854884], [-82.7364976, 32.9844212], [-82.7337615, 32.9831496], [-82.7312614, 32.9819934], [-82.7288705, 32.9808861], [-82.7270587, 32.9800461], [-82.7245666, 32.9788982], [-82.722579, 32.9779747], [-82.7204309, 32.9769839], [-82.7184395, 32.9760701], [-82.7161626, 32.9750252], [-82.71416, 32.9741062], [-82.7118549, 32.9730364], [-82.7098116, 32.9720909], [-82.7077976, 32.9711589], [-82.7055209, 32.9701053], [-82.7035356, 32.9691866], [-82.7018926, 32.9684357], [-82.700052, 32.9675854], [-82.6981885, 32.9667244], [-82.6956052, 32.9655309], [-82.6936188, 32.9646132], [-82.6919024, 32.9638202], [-82.6904324, 32.9631411], [-82.6884961, 32.9622464], [-82.6865875, 32.9613647], [-82.6846083, 32.9604502], [-82.6825517, 32.9595057], [-82.6808463, 32.9587256], [-82.6786384, 32.9577156], [-82.6765894, 32.956739], [-82.6750975, 32.9560587], [-82.6736651, 32.9553964], [-82.6712326, 32.9542716], [-82.6689893, 32.9532351], [-82.6666812, 32.9521647], [-82.6651163, 32.9514321], [-82.6634973, 32.951135], [-82.6609838, 32.9506406], [-82.6586027, 32.9501825], [-82.6562918, 32.9497402], [-82.6541729, 32.9493184], [-82.6516269, 32.9488307], [-82.6492701, 32.9483749], [-82.6477287, 32.9480705], [-82.6466974, 32.9478682], [-82.6441855, 32.9473805], [-82.6419717, 32.946957], [-82.6391681, 32.9464207], [-82.6368879, 32.9459738], [-82.6337177, 32.9453553], [-82.631974, 32.9450094], [-82.630028, 32.9446342], [-82.6282293, 32.9441729], [-82.6259834, 32.9435922], [-82.6243372, 32.9431687], [-82.6221413, 32.9426132], [-82.6196731, 32.9419779], [-82.6175622, 32.9414307], [-82.6153038, 32.9408584], [-82.6128157, 32.9402085], [-82.6100802, 32.9395124], [-82.6080741, 32.9389945], [-82.6058808, 32.9384306], [-82.6039529, 32.9379381], [-82.6024633, 32.9375479], [-82.5997153, 32.9368309], [-82.5977862, 32.9365049], [-82.5952411, 32.9360467], [-82.5932497, 32.9356898], [-82.5910988, 32.9352977], [-82.5892117, 32.9349674], [-82.5875441, 32.9346679], [-82.5844084, 32.9341001], [-82.5810209, 32.9335004], [-82.5778032, 32.9329238], [-82.5755774, 32.9325234], [-82.5736813, 32.93219], [-82.5715953, 32.9318126], [-82.5693245, 32.9312863], [-82.5676832, 32.9309068], [-82.5658006, 32.9304585], [-82.5636594, 32.9299578], [-82.5617343, 32.9295042], [-82.5601729, 32.9291435], [-82.557967, 32.9286235], [-82.5554789, 32.9280469], [-82.5532705, 32.9275268], [-82.5509172, 32.9269754], [-82.5490411, 32.9265434], [-82.5468278, 32.9260213], [-82.5453863, 32.9256858], [-82.5429106, 32.9251029], [-82.5407273, 32.9245996], [-82.5382841, 32.9240292], [-82.5361906, 32.9235323], [-82.5345068, 32.9231443], [-82.5326782, 32.9227019], [-82.5306472, 32.9222196], [-82.528129, 32.9216303], [-82.5263753, 32.9212445], [-82.5242594, 32.920781], [-82.5222983, 32.9203406], [-82.5197477, 32.9197849], [-82.5162903, 32.9190237], [-82.513942, 32.9185036], [-82.5120066, 32.918071], [-82.5097828, 32.9175797], [-82.5072573, 32.9170235], [-82.5049004, 32.9165048], [-82.50244, 32.9159737], [-82.5005557, 32.9155498], [-82.499246, 32.9152624], [-82.4966696, 32.9146886], [-82.4943782, 32.9141907], [-82.4921757, 32.9136994], [-82.4899497, 32.9132168], [-82.4875564, 32.9126882], [-82.4855524, 32.9122462], [-82.4835276, 32.911801], [-82.480988, 32.9112329], [-82.4786287, 32.9107087], [-82.476583, 32.9102744], [-82.4748314, 32.90931], [-82.4726259, 32.9081326], [-82.4709861, 32.9072374], [-82.4689475, 32.906128], [-82.4672072, 32.9051958], [-82.4647907, 32.9039053], [-82.4632591, 32.9030537], [-82.4610606, 32.9018718], [-82.4594108, 32.9009659], [-82.4575726, 32.8999732], [-82.4561852, 32.899224], [-82.4541548, 32.8981257], [-82.4524902, 32.8972353], [-82.4502067, 32.8959912], [-82.4484443, 32.895031], [-82.4467335, 32.8941173], [-82.4446163, 32.8929445], [-82.4425619, 32.891854], [-82.4405667, 32.8907789], [-82.438649, 32.8897488], [-82.4357163, 32.8881473], [-82.4335243, 32.8869647], [-82.4315883, 32.8859182], [-82.4295321, 32.8848102], [-82.4283067, 32.884141], [-82.4262324, 32.8830001], [-82.4243092, 32.8821049], [-82.4222659, 32.8822352], [-82.419746, 32.882378], [-82.4178523, 32.8824897], [-82.4160786, 32.8825898], [-82.4148833, 32.8830335], [-82.4158724, 32.8846571]]}}, {"type": "Feature", "properties": {"project_id": "GPC_20785", "route_mi": 9.51}, "geometry": {"type": "LineString", "coordinates": [[-81.2094724, 32.2487012], [-81.2093047, 32.2488115], [-81.2074024, 32.2474213], [-81.2064611, 32.2466785], [-81.2054839, 32.2459357], [-81.2045097, 32.2451802], [-81.2026332, 32.2437325], [-81.2019317, 32.2421124], [-81.2022974, 32.2404999], [-81.2025822, 32.2392144], [-81.202846, 32.2379416], [-81.2031398, 32.2366536], [-81.2034036, 32.2353655], [-81.2036823, 32.2340698], [-81.2039611, 32.232802], [-81.2042279, 32.2315215], [-81.2045037, 32.2302385], [-81.2047974, 32.2289503], [-81.2050774, 32.2276777], [-81.2053411, 32.2263887], [-81.2056003, 32.225111], [-81.2058863, 32.2238295], [-81.2061633, 32.2225253], [-81.2064582, 32.2212551], [-81.2067085, 32.2199773], [-81.2069945, 32.2186844], [-81.207276, 32.2173952], [-81.2075486, 32.2161174], [-81.2078301, 32.214832], [-81.2080982, 32.213539], [-81.2083618, 32.2123443], [-81.2079865, 32.211142], [-81.2072179, 32.2091646], [-81.2065208, 32.2074254], [-81.2060427, 32.2061928], [-81.2055585, 32.2050104], [-81.2050656, 32.2036915], [-81.2045993, 32.2024796], [-81.2041064, 32.2012452], [-81.2035768, 32.1999868], [-81.2031047, 32.1987791], [-81.2025984, 32.1975095], [-81.2021321, 32.1963036], [-81.2016391, 32.1950409], [-81.200881, 32.1932107], [-81.200127, 32.1913373], [-81.1996474, 32.1901196], [-81.1991345, 32.1888681], [-81.1986882, 32.1876504], [-81.198102, 32.1862072], [-81.197589, 32.1848767], [-81.1970894, 32.1836026], [-81.196696, 32.1825737], [-81.1961964, 32.1812544], [-81.1957501, 32.1799352], [-81.1952709, 32.178556], [-81.1947979, 32.1772198], [-81.1943316, 32.1757087], [-81.193852, 32.1744119], [-81.1932325, 32.1726245], [-81.1929861, 32.1720099], [-81.1923865, 32.170324], [-81.1919669, 32.1691393], [-81.1915603, 32.167944], [-81.1911268, 32.1667335], [-81.1907053, 32.1655263], [-81.190194, 32.1640106], [-81.1891777, 32.1622778], [-81.1883964, 32.1609551], [-81.1877324, 32.1598727], [-81.1866858, 32.1583472], [-81.1861439, 32.1573562], [-81.1854399, 32.1560853], [-81.1847636, 32.1548913], [-81.182925, 32.1535509], [-81.1818584, 32.1532852], [-81.1798977, 32.1531449], [-81.1783304, 32.1530201], [-81.1767777, 32.1529065], [-81.1753716, 32.1528151], [-81.1733218, 32.1526641], [-81.1712008, 32.1524937], [-81.1686936, 32.1523184], [-81.1670037, 32.1521784], [-81.1650138, 32.1525855], [-81.1638018, 32.1533899], [-81.1621173, 32.1528879], [-81.161116, 32.1527637], [-81.1592385, 32.1524452], [-81.1574586, 32.1523603], [-81.1557765, 32.1513697], [-81.1551848, 32.1502246], [-81.1542985, 32.1486174], [-81.1537285, 32.1476533], [-81.1516335, 32.1465399], [-81.1506002, 32.1467244], [-81.1485201, 32.1471049], [-81.1469387, 32.1477535], [-81.1460307, 32.1481142], [-81.1459835, 32.1481353]]}}, {"type": "Feature", "properties": {"project_id": "GPC_20065", "route_mi": 8.23}, "geometry": {"type": "LineString", "coordinates": [[-81.2094724, 32.2487012], [-81.2093047, 32.2488115], [-81.2074024, 32.2474213], [-81.2064611, 32.2466785], [-81.2054839, 32.2459357], [-81.2035766, 32.2447111], [-81.2012373, 32.2453771], [-81.2007771, 32.2475035], [-81.2003206, 32.2495688], [-81.2000924, 32.2506272], [-81.1996436, 32.2527214], [-81.1994153, 32.2537669], [-81.1989703, 32.2558578], [-81.1985291, 32.2579004], [-81.1981107, 32.2600265], [-81.1978824, 32.2611298], [-81.1973918, 32.2632495], [-81.1969809, 32.2653144], [-81.1965283, 32.2673954], [-81.19603, 32.2695021], [-81.1958436, 32.2715572], [-81.1958665, 32.272551], [-81.1958817, 32.2746254], [-81.1957904, 32.2766226], [-81.1957714, 32.2776099], [-81.1956991, 32.2795716], [-81.1956192, 32.281723], [-81.1955583, 32.283765], [-81.1955089, 32.2851317], [-81.1954823, 32.2861639], [-81.1954328, 32.2882766], [-81.1953682, 32.2903635], [-81.1953377, 32.291431], [-81.1952617, 32.2935017], [-81.1952198, 32.2944599], [-81.1950943, 32.296611], [-81.1949764, 32.2976431], [-81.1947405, 32.2997105], [-81.1945123, 32.3017521], [-81.1942879, 32.3037969], [-81.1940711, 32.3059348], [-81.1936527, 32.3078991], [-81.1930136, 32.3099438], [-81.1926485, 32.3111525], [-81.1920855, 32.3130299], [-81.1914579, 32.3150777], [-81.1908303, 32.3170997], [-81.1902103, 32.3191537], [-81.1899022, 32.3201792], [-81.1892746, 32.3222139], [-81.1889665, 32.3232425], [-81.1883502, 32.3252996], [-81.1877493, 32.3273085], [-81.1871254, 32.3294074], [-81.1865018, 32.3314177], [-81.185907, 32.3333886], [-81.1852714, 32.3354579], [-81.1846649, 32.3374435], [-81.1840351, 32.3395965], [-81.1834578, 32.3415574], [-81.1820875, 32.3432127], [-81.1806828, 32.3448971], [-81.1793606, 32.3464371], [-81.1774908, 32.3476632], [-81.176552, 32.3487306], [-81.1756486, 32.350247], [-81.1744669, 32.3519058], [-81.1751124, 32.3521162]]}}, {"type": "Feature", "properties": {"project_id": "GPC_18573", "route_mi": 30.04}, "geometry": {"type": "LineString", "coordinates": [[-83.698878, 32.9272219], [-83.6987427, 32.9271551], [-83.6963987, 32.9273579], [-83.6929344, 32.9279711], [-83.6912102, 32.9282632], [-83.6893851, 32.928542], [-83.6854187, 32.9292154], [-83.6833837, 32.9295543], [-83.6818721, 32.9298018], [-83.6803179, 32.930056], [-83.678089, 32.9304284], [-83.6765156, 32.9319233], [-83.6772448, 32.9331035], [-83.6781462, 32.9348007], [-83.679004, 32.9370521], [-83.6796123, 32.9386488], [-83.6809693, 32.9418925], [-83.6817519, 32.9438462], [-83.6826228, 32.9459803], [-83.6835451, 32.948267], [-83.684285, 32.9500946], [-83.6851689, 32.9523085], [-83.6857815, 32.9538563], [-83.6872719, 32.9574952], [-83.6886326, 32.9608752], [-83.6899419, 32.96411], [-83.6903841, 32.9652126], [-83.6909684, 32.966717], [-83.6918241, 32.968812], [-83.6925144, 32.9704879], [-83.693463, 32.972802], [-83.6943983, 32.9750612], [-83.6952319, 32.9771345], [-83.6959917, 32.9790384], [-83.6968437, 32.9811536], [-83.697684, 32.9832383], [-83.6982707, 32.9846937], [-83.6989774, 32.9864469], [-83.6999345, 32.9888101], [-83.7006333, 32.9905353], [-83.7018652, 32.9935767], [-83.7027561, 32.9957761], [-83.7033793, 32.9973379], [-83.7043007, 32.9995657], [-83.7047941, 33.0007585], [-83.705775, 33.0031867], [-83.7065363, 33.0050713], [-83.7074387, 33.0073051], [-83.7090734, 33.0109862], [-83.7098366, 33.0126984], [-83.7105554, 33.0143111], [-83.7117213, 33.0169355], [-83.7122619, 33.0181373], [-83.7131571, 33.0201275], [-83.7139161, 33.0218278], [-83.7151173, 33.0245188], [-83.7162923, 33.0271509], [-83.7173057, 33.0293823], [-83.7182206, 33.0314501], [-83.7191517, 33.0335616], [-83.7206037, 33.0367805], [-83.7214268, 33.0386416], [-83.7222609, 33.0405129], [-83.723536, 33.0433649], [-83.7242508, 33.044991], [-83.7250848, 33.0468215], [-83.7259376, 33.0487407], [-83.7270737, 33.0512767], [-83.7275051, 33.0525191], [-83.7284341, 33.0551165], [-83.7288369, 33.0561823], [-83.7301529, 33.0599629], [-83.7314609, 33.0636678], [-83.7322134, 33.0657765], [-83.733253, 33.0686511], [-83.7339622, 33.0706121], [-83.7342909, 33.0715695], [-83.7354307, 33.0747427], [-83.735827, 33.0758944], [-83.7368828, 33.0788504], [-83.7373762, 33.0802066], [-83.7378429, 33.0815101], [-83.7386674, 33.0837878], [-83.7399547, 33.0873689], [-83.7408725, 33.0899625], [-83.7414714, 33.091608], [-83.7432798, 33.0959902], [-83.7440071, 33.0978506], [-83.7444858, 33.099152], [-83.745035, 33.1004647], [-83.7457405, 33.1022294], [-83.7465191, 33.104178], [-83.7478543, 33.107474], [-83.7484572, 33.1090054], [-83.7490998, 33.1105489], [-83.749813, 33.1123837], [-83.7514031, 33.116236], [-83.7524001, 33.1187319], [-83.7531279, 33.120533], [-83.7546561, 33.124257], [-83.7551619, 33.1254851], [-83.7558714, 33.1272495], [-83.7567665, 33.1294282], [-83.7575853, 33.1314911], [-83.758746, 33.1344041], [-83.7601396, 33.1370123], [-83.7616097, 33.1398429], [-83.7626372, 33.1417128], [-83.7634596, 33.1432392], [-83.7643802, 33.1450002], [-83.7655584, 33.1472408], [-83.7665053, 33.1490239], [-83.7674263, 33.1507371], [-83.7686644, 33.1530667], [-83.7693344, 33.1543266], [-83.7699702, 33.1555167], [-83.7713253, 33.158062], [-83.7724125, 33.160088], [-83.7735606, 33.1622613], [-83.7742415, 33.1635747], [-83.7747888, 33.1645548], [-83.7755043, 33.165864], [-83.7761166, 33.1678208], [-83.7769942, 33.1705859], [-83.7778281, 33.1731713], [-83.7782098, 33.1743538], [-83.7786421, 33.1757121], [-83.7790021, 33.1768459], [-83.7793855, 33.1780382], [-83.7799, 33.179634], [-83.7803773, 33.1811431], [-83.7810765, 33.1833307], [-83.7817669, 33.1854722], [-83.7821274, 33.1866733], [-83.7825333, 33.1878704], [-83.7828587, 33.1889137], [-83.7834174, 33.1906405], [-83.783956, 33.1923136], [-83.7844826, 33.1939717], [-83.7851336, 33.1960113], [-83.7860588, 33.1988838], [-83.7869905, 33.2017875], [-83.7876342, 33.2037937], [-83.7884871, 33.2064518], [-83.7894284, 33.2093829], [-83.7900275, 33.2112484], [-83.7906572, 33.2127804], [-83.7912838, 33.214342], [-83.7924545, 33.2172182], [-83.7937183, 33.2203186], [-83.7946148, 33.2224804], [-83.7957308, 33.2252404], [-83.7965305, 33.227218], [-83.797225, 33.2289139], [-83.7977735, 33.2302534], [-83.7985337, 33.2321098], [-83.7994731, 33.2344112], [-83.8005873, 33.2371407], [-83.8014587, 33.2392756], [-83.8024133, 33.2416269], [-83.8032779, 33.2436932], [-83.8043642, 33.2463237], [-83.8054487, 33.2490578], [-83.8067621, 33.2522504], [-83.807795, 33.2547979], [-83.8087328, 33.2571189], [-83.8097262, 33.25958], [-83.8106362, 33.2617769], [-83.8116567, 33.2642846], [-83.8128321, 33.2671959], [-83.8139996, 33.2700482], [-83.8151218, 33.2728129], [-83.8158767, 33.2746513], [-83.8169178, 33.2772024], [-83.8183352, 33.2806284], [-83.8190185, 33.2819677], [-83.8201148, 33.2841162], [-83.8211876, 33.286093], [-83.8223825, 33.2882946], [-83.823265, 33.2899994], [-83.8251477, 33.2935347], [-83.8262645, 33.2956456], [-83.8273235, 33.297687], [-83.8290026, 33.3008195], [-83.830917, 33.3044341], [-83.8318975, 33.306312], [-83.8324422, 33.3073363], [-83.8332184, 33.3088272], [-83.8344577, 33.3111887], [-83.8354177, 33.3129754], [-83.836371, 33.3147222], [-83.837651, 33.3171916], [-83.8388939, 33.3195729], [-83.8432003, 33.3206054], [-83.8431458, 33.3207135], [-83.8431814, 33.3208384]]}}, {"type": "Feature", "properties": {"project_id": "GPC_20591", "route_mi": 80.25}, "geometry": {"type": "LineString", "coordinates": [[-84.4951067, 34.2394216], [-84.4951424, 34.239461], [-84.4960789, 34.2388949], [-84.4966583, 34.2369224], [-84.4965457, 34.2358042], [-84.4974029, 34.2344081], [-84.4973488, 34.2330071], [-84.4972548, 34.2316133], [-84.4971551, 34.2301487], [-84.497944, 34.2289408], [-84.4988012, 34.227481], [-84.4995274, 34.226233], [-84.5002365, 34.2248555], [-84.5006037, 34.2240097], [-84.500797, 34.2224013], [-84.5010386, 34.2209227], [-84.5012924, 34.2194607], [-84.5015985, 34.2174958], [-84.5017998, 34.2163601], [-84.5019569, 34.2152344], [-84.502259, 34.2135925], [-84.5025328, 34.2120438], [-84.5028228, 34.2102619], [-84.5030846, 34.2087564], [-84.5033659, 34.2071104], [-84.503652, 34.2055111], [-84.5039995, 34.2034075], [-84.5042174, 34.2020734], [-84.5043874, 34.2011181], [-84.5046841, 34.1994267], [-84.5049462, 34.1978782], [-84.5051132, 34.1967989], [-84.5055015, 34.1946733], [-84.505684, 34.1936171], [-84.5059292, 34.1920223], [-84.5076964, 34.1905865], [-84.5085014, 34.1885236], [-84.5084005, 34.1878874], [-84.5082674, 34.1859017], [-84.5082782, 34.1856881], [-84.5079256, 34.1835912], [-84.5081411, 34.1823544], [-84.5087412, 34.1812109], [-84.508913, 34.1796324], [-84.508336, 34.1782173], [-84.5087716, 34.175439], [-84.5091103, 34.1734807], [-84.5093036, 34.172362], [-84.5096934, 34.170185], [-84.5100832, 34.1678489], [-84.5103909, 34.1658564], [-84.5108397, 34.1633207], [-84.5098831, 34.1597811], [-84.5094779, 34.1582744], [-84.5090907, 34.156859], [-84.5086753, 34.155365], [-84.5082598, 34.1537882], [-84.5077674, 34.1518676], [-84.5074289, 34.1506239], [-84.5069622, 34.1489791], [-84.50638, 34.1467464], [-84.5057338, 34.1442589], [-84.5051824, 34.1422722], [-84.5049054, 34.1405912], [-84.5049875, 34.1396636], [-84.5054568, 34.1351997], [-84.505603, 34.1339749], [-84.5059492, 34.1309097], [-84.5062826, 34.1275301], [-84.5066761, 34.1240683], [-84.5069404, 34.1215722], [-84.5071044, 34.1205499], [-84.5074142, 34.1185595], [-84.5075116, 34.1179586], [-84.5078219, 34.1161773], [-84.5081964, 34.1138078], [-84.5084887, 34.1118587], [-84.5093574, 34.1067279], [-84.5097615, 34.1041385], [-84.5101005, 34.101906], [-84.510316, 34.1004393], [-84.5106303, 34.0984632], [-84.5109334, 34.0967269], [-84.5112499, 34.0945555], [-84.5115934, 34.0924808], [-84.5118269, 34.090999], [-84.5122242, 34.0885988], [-84.5126889, 34.0856519], [-84.5127447, 34.0853545], [-84.5130669, 34.0833385], [-84.5134472, 34.0809742], [-84.5137908, 34.0788333], [-84.514083, 34.0770181], [-84.5144378, 34.0748077], [-84.5147628, 34.0726935], [-84.5151504, 34.0703027], [-84.5153771, 34.068859], [-84.5155289, 34.0660191], [-84.5156496, 34.0637887], [-84.5157359, 34.0622883], [-84.5158186, 34.0606937], [-84.5159206, 34.0587694], [-84.5159336, 34.057053], [-84.5160609, 34.0558785], [-84.5161312, 34.054631], [-84.5162627, 34.0526495], [-84.5163399, 34.0507607], [-84.5164406, 34.0481039], [-84.5165246, 34.0470078], [-84.5165917, 34.0457726], [-84.5166455, 34.0434968], [-84.5168771, 34.0414408], [-84.5168133, 34.0392846], [-84.5166555, 34.0371561], [-84.5165347, 34.0352057], [-84.5163903, 34.0323119], [-84.516209, 34.0306396], [-84.5161452, 34.0287614], [-84.5159269, 34.0265686], [-84.5157484, 34.024365], [-84.5156364, 34.0229005], [-84.5155543, 34.0212998], [-84.5154448, 34.0194577], [-84.5154497, 34.0182902], [-84.5154945, 34.0162129], [-84.5155194, 34.0147771], [-84.5155617, 34.013199], [-84.5155916, 34.0112536], [-84.515609, 34.0097311], [-84.515614, 34.0083303], [-84.5155568, 34.0059041], [-84.5160396, 34.0043918], [-84.5164776, 34.0033953], [-84.5172118, 34.001656], [-84.5177693, 34.0003273], [-84.5183939, 33.998786], [-84.5188618, 33.9977193], [-84.5197105, 33.9956848], [-84.5205542, 33.9936895], [-84.5213929, 33.9917787], [-84.5219678, 33.9899814], [-84.5226721, 33.9882667], [-84.5234486, 33.9864404], [-84.5241803, 33.9846781], [-84.5247839, 33.9832518], [-84.5256088, 33.9813116], [-84.5265769, 33.9794136], [-84.5271568, 33.9779895], [-84.5277691, 33.9765985], [-84.5283041, 33.9755026], [-84.5290408, 33.9737813], [-84.5294863, 33.9727081], [-84.5300786, 33.9712881], [-84.5306561, 33.9699499], [-84.531311, 33.9684077], [-84.5319677, 33.9668732], [-84.5325266, 33.9655559], [-84.5337423, 33.9638224], [-84.5346917, 33.9624042], [-84.5348265, 33.960625], [-84.5342454, 33.9590929], [-84.5337648, 33.9580457], [-84.5330356, 33.9564949], [-84.5313787, 33.9548248], [-84.5306282, 33.9540891], [-84.5291728, 33.9526167], [-84.5285297, 33.9519713], [-84.5268031, 33.9501831], [-84.5256112, 33.9489292], [-84.5244379, 33.9476946], [-84.5232192, 33.9460868], [-84.521944, 33.944417], [-84.5210273, 33.9431902], [-84.5198282, 33.9416509], [-84.518715, 33.9401712], [-84.5175295, 33.9385868], [-84.5165048, 33.9372273], [-84.515289, 33.9356524], [-84.5142313, 33.9342999], [-84.5132175, 33.9329235], [-84.5123398, 33.9316895], [-84.5110983, 33.9300512], [-84.5098135, 33.9283858], [-84.5088069, 33.9272853], [-84.5070072, 33.9264756], [-84.5023207, 33.9248227], [-84.5005928, 33.9242507], [-84.4987027, 33.9236412], [-84.4974107, 33.9231834], [-84.4947208, 33.9222785], [-84.4936023, 33.9219104], [-84.4908867, 33.9209978], [-84.4906252, 33.9192772], [-84.490359, 33.91751], [-84.4898146, 33.9156589], [-84.4895464, 33.9138337], [-84.4892165, 33.9117302], [-84.4882178, 33.9108306], [-84.4873375, 33.9099566], [-84.4869259, 33.9081597], [-84.4860246, 33.9075007], [-84.4845005, 33.9059878], [-84.4840125, 33.9056215], [-84.4836506, 33.9039258], [-84.4848064, 33.9023909], [-84.4864619, 33.9023328], [-84.4887035, 33.9019374], [-84.4895371, 33.9015595], [-84.491318, 33.9006921], [-84.4933036, 33.8995884], [-84.4939066, 33.8992192], [-84.4954824, 33.898183], [-84.4969235, 33.8972365], [-84.4975986, 33.8967541], [-84.4992307, 33.8951835], [-84.5001643, 33.8937741], [-84.5013798, 33.8927886], [-84.503178, 33.891621], [-84.5052973, 33.8907238], [-84.507758, 33.8906679], [-84.5091239, 33.8906757], [-84.5115314, 33.8907407], [-84.5141112, 33.8907303], [-84.5165453, 33.8907251], [-84.5175353, 33.8908798], [-84.5190891, 33.8918654], [-84.5198645, 33.8929264], [-84.520626, 33.8942338], [-84.5214642, 33.8961047], [-84.5219951, 33.8979264], [-84.5228026, 33.8995226], [-84.5232968, 33.9003988], [-84.5243733, 33.9021693], [-84.5255332, 33.9039448], [-84.5260044, 33.9046655], [-84.5268682, 33.9063988], [-84.5282925, 33.908215], [-84.5302214, 33.9095441], [-84.5324563, 33.9103697], [-84.5347323, 33.9094268], [-84.5368795, 33.9089783], [-84.5379978, 33.9089991], [-84.5400037, 33.9100282], [-84.540995, 33.9108702], [-84.5435304, 33.9108984], [-84.5452464, 33.9104366], [-84.5465222, 33.9093496], [-84.5479394, 33.908319], [-84.5499112, 33.9067879], [-84.5515932, 33.906871], [-84.5531785, 33.9069364], [-84.5554474, 33.9070463], [-84.557489, 33.9071413], [-84.5596004, 33.9072453], [-84.5615669, 33.9073418], [-84.5632395, 33.9074124], [-84.5652054, 33.907512], [-84.5674433, 33.9075961], [-84.5694545, 33.906228], [-84.571271, 33.9050171], [-84.5723646, 33.9042533], [-84.5739837, 33.9031087], [-84.5752534, 33.902263], [-84.576315, 33.901559], [-84.5780923, 33.9003259], [-84.5792145, 33.8995329], [-84.5807203, 33.8984918], [-84.5824518, 33.8973188], [-84.5840759, 33.8961856], [-84.5855188, 33.8951875], [-84.5873946, 33.8939007], [-84.5890323, 33.8927803], [-84.5906867, 33.8916348], [-84.5925239, 33.8903857], [-84.5940535, 33.8893402], [-84.5957689, 33.8881375], [-84.5971044, 33.8871903], [-84.5980713, 33.8865372], [-84.5995804, 33.8854326], [-84.6017464, 33.8839402], [-84.6045122, 33.8820347], [-84.6070606, 33.8802707], [-84.6081447, 33.8795657], [-84.6100925, 33.8782654], [-84.6116715, 33.8771678], [-84.6156376, 33.874442], [-84.6196195, 33.8716914], [-84.622032, 33.8700475], [-84.6228171, 33.8695], [-84.6237286, 33.8675004], [-84.62379, 33.8649287], [-84.6238188, 33.8634531], [-84.6238713, 33.8607564], [-84.6239217, 33.8581698], [-84.6239796, 33.8551972], [-84.6239999, 33.8548338], [-84.6261428, 33.8537443], [-84.6276292, 33.8542932], [-84.6300699, 33.854824], [-84.6320014, 33.8547411], [-84.6326987, 33.8536963], [-84.6326784, 33.8525351], [-84.6326267, 33.8514458], [-84.6318852, 33.8504331], [-84.6312044, 33.8495399], [-84.6298541, 33.8477428], [-84.6288672, 33.8457955], [-84.6285535, 33.8449819], [-84.6279872, 33.8436014], [-84.6274541, 33.8421183], [-84.6272087, 33.8414441], [-84.6265963, 33.8399517], [-84.6260429, 33.8385191], [-84.6256702, 33.8378157], [-84.6258381, 33.8362712], [-84.626196, 33.8354177], [-84.6273643, 33.83434], [-84.6285965, 33.8336366], [-84.629827, 33.8329317], [-84.6313323, 33.8321272], [-84.6322325, 33.8311955], [-84.6332361, 33.8301734], [-84.6343171, 33.82909], [-84.6355955, 33.827792], [-84.6366562, 33.82673], [-84.6382925, 33.8251071], [-84.639285, 33.8232941], [-84.6401502, 33.8217938], [-84.6410504, 33.820226], [-84.6415669, 33.8187577], [-84.6416204, 33.8178903], [-84.6417127, 33.8162227], [-84.641228, 33.8143953], [-84.6412419, 33.8136866], [-84.6428069, 33.8122045], [-84.6454115, 33.81222], [-84.6462474, 33.8122219], [-84.6485244, 33.8122353], [-84.6499838, 33.8124023], [-84.6524224, 33.8124522], [-84.6544684, 33.8114966], [-84.6545099, 33.809695], [-84.6566668, 33.8088987], [-84.6579807, 33.8088949], [-84.6600752, 33.8088699], [-84.661978, 33.8088565], [-84.6643519, 33.809269], [-84.6666589, 33.8093439], [-84.6680306, 33.8093726], [-84.6702128, 33.8094436], [-84.6722726, 33.8095204], [-84.6734411, 33.8091232], [-84.6749814, 33.8091251], [-84.6784152, 33.8091558], [-84.6798678, 33.8091904], [-84.6822186, 33.8092709], [-84.6850497, 33.809365], [-84.6864907, 33.8093899], [-84.6892133, 33.809459], [-84.6907212, 33.8091712], [-84.6945742, 33.8084701], [-84.6959476, 33.8075783], [-84.6965966, 33.8069241], [-84.6978425, 33.8052766], [-84.6994334, 33.803212], [-84.700749, 33.8015048], [-84.7021427, 33.7996961], [-84.703012, 33.7985679], [-84.7047021, 33.7963762], [-84.7060702, 33.7945926], [-84.7068519, 33.7935735], [-84.7083295, 33.7916557], [-84.7091717, 33.7905693], [-84.7104634, 33.7888905], [-84.7093496, 33.7874474], [-84.7074929, 33.7859043], [-84.7055353, 33.7841062], [-84.7042548, 33.7826201], [-84.7028624, 33.7813153], [-84.7004024, 33.779029], [-84.6992231, 33.7779278], [-84.6992761, 33.776466], [-84.6993014, 33.774456], [-84.6993268, 33.7724635], [-84.6993337, 33.7710949], [-84.7001143, 33.770114], [-84.7009086, 33.7681962], [-84.7009271, 33.7671615], [-84.699433, 33.7660347], [-84.6994353, 33.7651343], [-84.6994469, 33.7633739], [-84.6988788, 33.7617651], [-84.6978214, 33.7605141], [-84.6990378, 33.7577375], [-84.7000121, 33.7554804], [-84.7007475, 33.7537991], [-84.7016023, 33.7518273], [-84.7025001, 33.7497612], [-84.7033344, 33.7479412], [-84.7043229, 33.7457449], [-84.705086, 33.7439916], [-84.705255, 33.7420294], [-84.7054241, 33.7400925], [-84.7056988, 33.7373844], [-84.7059242, 33.7350667], [-84.7060463, 33.7337662], [-84.7064243, 33.729728], [-84.7065675, 33.7281561], [-84.7067155, 33.7265704], [-84.7069784, 33.7255022], [-84.7075044, 33.7232096], [-84.7078707, 33.7216238], [-84.7083571, 33.7195645], [-84.7090277, 33.7165259], [-84.7096365, 33.7138419], [-84.710696, 33.7092791], [-84.7110245, 33.707885], [-84.7112995, 33.7067176], [-84.7116589, 33.7050285], [-84.7120613, 33.7033483], [-84.7125146, 33.7012708], [-84.7129383, 33.6994299], [-84.7133594, 33.6977451], [-84.7148078, 33.6977897], [-84.7163206, 33.6978299], [-84.7182103, 33.6978743], [-84.7203364, 33.6979337], [-84.7226519, 33.6980009], [-84.724539, 33.6980422], [-84.7264479, 33.6981119], [-84.7284498, 33.6981636], [-84.730815, 33.6982126], [-84.7331304, 33.6982772], [-84.7354924, 33.6983856], [-84.7377334, 33.6984037], [-84.7399688, 33.6984644], [-84.742191, 33.6985153], [-84.7439074, 33.6985876], [-84.7457511, 33.6986444], [-84.7483583, 33.6986935], [-84.7495968, 33.6987167], [-84.7516608, 33.6987606], [-84.7537435, 33.6988122], [-84.7554042, 33.6988842], [-84.7571113, 33.6989435], [-84.758915, 33.698999], [-84.7614826, 33.6990813], [-84.762741, 33.6991234], [-84.7649704, 33.6992019], [-84.7667097, 33.6992612], [-84.7688263, 33.6993263], [-84.7704253, 33.6993742], [-84.7724245, 33.6994507], [-84.7747551, 33.6995388], [-84.7769868, 33.6996154], [-84.7792805, 33.69969], [-84.7815904, 33.6997646], [-84.7836978, 33.6998163], [-84.7855407, 33.6997972], [-84.7878505, 33.6997532], [-84.7897417, 33.6997245], [-84.7919664, 33.6996843], [-84.7938783, 33.6996498], [-84.7959535, 33.6996096], [-84.7982772, 33.6995713], [-84.8005848, 33.6995388], [-84.8028463, 33.6994871], [-84.8049399, 33.6994603], [-84.8070263, 33.6993285], [-84.809287, 33.6993752], [-84.8115424, 33.6995442], [-84.8135946, 33.6996931], [-84.8153263, 33.6998065], [-84.8173465, 33.6999621], [-84.8196874, 33.7001178], [-84.8215873, 33.7002601], [-84.8238908, 33.7004179], [-84.8262103, 33.7005913], [-84.8284684, 33.7007536], [-84.8307184, 33.7009226], [-84.8329551, 33.7010826], [-84.8350314, 33.7012405], [-84.8370971, 33.7013916], [-84.8388287, 33.7015006], [-84.840411, 33.7016243], [-84.8434066, 33.7018377], [-84.8456887, 33.7019978], [-84.8476074, 33.7021356], [-84.849502, 33.7022712], [-84.8517841, 33.7024424], [-84.8541063, 33.702598], [-84.8563884, 33.7027759], [-84.8578501, 33.7028826], [-84.859555, 33.7030049], [-84.8613214, 33.7031338], [-84.86289, 33.7032049], [-84.8648434, 33.703325], [-84.8671549, 33.7034606], [-84.869421, 33.7035784], [-84.8717129, 33.7037222], [-84.8735603, 33.7038256], [-84.8758269, 33.7039499], [-84.8780765, 33.7041028], [-84.880409, 33.7042348], [-84.8824891, 33.7043638], [-84.8847748, 33.7044807], [-84.8864836, 33.7045677], [-84.8887981, 33.7047117], [-84.8906908, 33.7048046], [-84.8929945, 33.7049546], [-84.8953198, 33.7050926], [-84.8976199, 33.7052275], [-84.8997433, 33.7053505], [-84.90191, 33.7054854], [-84.9039758, 33.7055994], [-84.906265, 33.7057344], [-84.9079414, 33.7058303], [-84.9093402, 33.7059083], [-84.9109798, 33.7060004], [-84.9125992, 33.7059737], [-84.914435, 33.7059293], [-84.916971, 33.705867], [-84.9192664, 33.7058137], [-84.9218345, 33.7057492], [-84.9239482, 33.7057003], [-84.9259898, 33.7056425], [-84.9278524, 33.7055958], [-84.9297871, 33.7055558], [-84.9317458, 33.7055091], [-84.9338355, 33.7054558], [-84.9354335, 33.7054224], [-84.9376943, 33.7053491], [-84.9397866, 33.7052979], [-84.9417374, 33.7052535], [-84.9440355, 33.7051868], [-84.9463123, 33.7051223], [-84.948573, 33.7050734], [-84.9508346, 33.7050643], [-84.953282, 33.704968], [-84.9545855, 33.7047396], [-84.9569437, 33.7026307], [-84.95824, 33.701521], [-84.9594628, 33.7004492], [-84.9605943, 33.6994748], [-84.9619541, 33.6982873], [-84.9619779, 33.6961981], [-84.9619739, 33.6940874], [-84.9620096, 33.691164], [-84.9620057, 33.6895289], [-84.9620235, 33.6876162], [-84.9620315, 33.6849684], [-84.9620672, 33.6829136], [-84.9621089, 33.681014], [-84.9621446, 33.6792745], [-84.9621585, 33.6773748], [-84.9621843, 33.6750373], [-84.9621982, 33.6731871], [-84.9622181, 33.6708693], [-84.9622201, 33.6693329], [-84.9622419, 33.6669968], [-84.9622578, 33.6651762], [-84.9622756, 33.6635735], [-84.9622836, 33.6620436], [-84.9622995, 33.660735], [-84.9622955, 33.6592976], [-84.9623352, 33.657941], [-84.9624245, 33.6559087], [-84.9642587, 33.6550098], [-84.966347, 33.6539771], [-84.9686735, 33.6528353], [-84.9704403, 33.6519545], [-84.9718159, 33.6512919], [-84.9734258, 33.6492545], [-84.9752024, 33.6470186], [-84.9764292, 33.6454934], [-84.9763637, 33.643036], [-84.9763458, 33.6413685], [-84.9763379, 33.6400944], [-84.976322, 33.6375327], [-84.9770098, 33.6356135], [-84.9771681, 33.6343705], [-84.9772922, 33.6331792], [-84.9774226, 33.6319439], [-84.9775498, 33.6307086], [-84.9776833, 33.6295508], [-84.9778137, 33.6284008], [-84.9779316, 33.6272972], [-84.9780713, 33.6260515], [-84.9782637, 33.6242734], [-84.9801509, 33.6234024], [-84.981591, 33.6234153], [-84.9840958, 33.6234386], [-84.9854119, 33.6234515], [-84.987209, 33.6234722], [-84.9885778, 33.6234877], [-84.9900211, 33.6235109], [-84.9912905, 33.6235316], [-84.9927587, 33.6227097], [-84.9931466, 33.6218775], [-84.9939319, 33.6201949], [-84.9955645, 33.6194221], [-84.9960394, 33.6183934], [-84.9965795, 33.6174112], [-84.9971382, 33.6162971], [-84.9982431, 33.6154571], [-84.9992829, 33.6141957], [-85.0006067, 33.612772], [-85.0024744, 33.6122737], [-85.004308, 33.6118403], [-85.0051446, 33.6115892], [-85.0068615, 33.6111072], [-85.0089231, 33.6103824], [-85.0109273, 33.6097014], [-85.0126108, 33.6090982], [-85.0149864, 33.6082815], [-85.0158068, 33.607981], [-85.0174288, 33.6074135], [-85.019254, 33.6067792], [-85.0216189, 33.6059624], [-85.0236953, 33.6047161], [-85.0243019, 33.6042064], [-85.026111, 33.6026484], [-85.0285213, 33.6023524], [-85.0303037, 33.6022433], [-85.0311856, 33.6021944], [-85.0330216, 33.6025296], [-85.03435, 33.6035352], [-85.0355233, 33.6041685], [-85.0366748, 33.6048252], [-85.0387792, 33.6059962], [-85.0406943, 33.6070587], [-85.0419451, 33.6077566], [-85.0436491, 33.6077644], [-85.0452166, 33.6077851], [-85.0465047, 33.6078135], [-85.0478238, 33.6078213], [-85.049295, 33.6078394], [-85.0508004, 33.6078523], [-85.0524113, 33.607873], [-85.0538204, 33.6078911], [-85.055273, 33.6078936], [-85.0565301, 33.607935], [-85.05874, 33.6080022], [-85.0606377, 33.6080429], [-85.0627719, 33.608097], [-85.0640698, 33.608127], [-85.0653821, 33.608133], [-85.0666907, 33.608139], [-85.0690845, 33.6075895], [-85.0702454, 33.6075895], [-85.0716983, 33.6076075], [-85.0741065, 33.6076256], [-85.0762492, 33.6076345], [-85.0784204, 33.6076463], [-85.080143, 33.6081762], [-85.082063, 33.6093917], [-85.0832119, 33.6094867], [-85.0850166, 33.6090878], [-85.0862246, 33.6083542], [-85.0887892, 33.6083775], [-85.0902819, 33.608396], [-85.0927997, 33.6084046], [-85.0940568, 33.6100161], [-85.0959612, 33.6114549], [-85.0985498, 33.6114122], [-85.1006338, 33.6114217], [-85.1026438, 33.6114282], [-85.1048557, 33.6116231], [-85.1048637, 33.6129576], [-85.1068698, 33.6136803], [-85.1092067, 33.6136467], [-85.1112362, 33.6131633], [-85.1112382, 33.6131562]]}}, {"type": "Feature", "properties": {"project_id": "GPC_17977", "route_mi": 11.93}, "geometry": {"type": "LineString", "coordinates": [[-83.3461189, 33.9764031], [-83.3460069, 33.9763259], [-83.3447062, 33.9758391], [-83.3428343, 33.9752579], [-83.3399853, 33.9744367], [-83.3376923, 33.9737626], [-83.3376475, 33.9728545], [-83.3374526, 33.9711314], [-83.3388429, 33.9701867], [-83.3395144, 33.9697427], [-83.3414532, 33.9684232], [-83.3430714, 33.9673395], [-83.3437369, 33.9668955], [-83.345712, 33.9661229], [-83.3472878, 33.9656738], [-83.3485673, 33.9653226], [-83.3498679, 33.9650542], [-83.3522241, 33.9646679], [-83.3539567, 33.9640789], [-83.3558277, 33.9633238], [-83.3574784, 33.9618888], [-83.3586858, 33.9601739], [-83.3594637, 33.9591471], [-83.3603491, 33.9578531], [-83.3610824, 33.9568308], [-83.3625379, 33.955154], [-83.3634427, 33.9542323], [-83.3657989, 33.9534968], [-83.3681092, 33.9527113], [-83.3695553, 33.9514755], [-83.3712864, 33.9510994], [-83.3717285, 33.9501954], [-83.371973, 33.94884], [-83.3716968, 33.9476762], [-83.3712978, 33.9462041], [-83.3707308, 33.9441623], [-83.3707075, 33.9422896], [-83.3711318, 33.9416662], [-83.3721473, 33.9402269], [-83.3729194, 33.9385433], [-83.373139, 33.9372723], [-83.3733792, 33.9357947], [-83.3722271, 33.9350061], [-83.3702337, 33.9343128], [-83.3678358, 33.9339721], [-83.3667309, 33.933339], [-83.3654998, 33.9326692], [-83.3639274, 33.9322227], [-83.3625901, 33.9326333], [-83.3603302, 33.9329401], [-83.3584398, 33.9316032], [-83.3572813, 33.9302724], [-83.3566757, 33.9295562], [-83.3565083, 33.9277028], [-83.3578888, 33.9269679], [-83.3590789, 33.9266247], [-83.3605278, 33.9261994], [-83.3622863, 33.9256625], [-83.3645827, 33.9249614], [-83.3654988, 33.9246919], [-83.3671025, 33.9242855], [-83.3691934, 33.9236328], [-83.3710636, 33.9228937], [-83.3732338, 33.9220407], [-83.3746309, 33.9214855], [-83.3763816, 33.9207567], [-83.3785749, 33.9204827], [-83.3804522, 33.9209325], [-83.3812951, 33.9184256], [-83.3818933, 33.916618], [-83.382921, 33.9135246], [-83.3829845, 33.9133667], [-83.383766, 33.9110313], [-83.3843471, 33.9093128], [-83.3849257, 33.9075354], [-83.3857427, 33.905105], [-83.3864634, 33.9029863], [-83.386924, 33.9016203], [-83.387415, 33.9001641], [-83.3882777, 33.8975924], [-83.3890669, 33.8952439], [-83.3897317, 33.893245], [-83.3905666, 33.8907342], [-83.391305, 33.8885499], [-83.3923048, 33.8855692], [-83.3931878, 33.8829381], [-83.3939618, 33.8805702], [-83.3944896, 33.8790176], [-83.393132, 33.8777915], [-83.3921354, 33.8766944], [-83.3920686, 33.875738], [-83.3919642, 33.8740923], [-83.3918615, 33.8723713], [-83.3917223, 33.8705078], [-83.3914369, 33.8687426], [-83.3909879, 33.8666896], [-83.3878427, 33.8663176], [-83.3842911, 33.8659284], [-83.3847506, 33.8641873], [-83.3862988, 33.8630197], [-83.3881803, 33.8629741], [-83.3903149, 33.862897], [-83.3924455, 33.8639774], [-83.3922512, 33.8640034]]}}, {"type": "Feature", "properties": {"project_id": "GPC_19997", "route_mi": 9.27}, "geometry": {"type": "LineString", "coordinates": [[-83.7399508, 32.56338], [-83.7399151, 32.563366], [-83.7389612, 32.5619429], [-83.7386484, 32.5600513], [-83.7386486, 32.5585065], [-83.7386519, 32.5578731], [-83.7389443, 32.5561285], [-83.7389503, 32.5545739], [-83.738945, 32.5528633], [-83.738952, 32.551175], [-83.738954, 32.5504106], [-83.7386614, 32.5483143], [-83.7386636, 32.5472613], [-83.7400843, 32.5459496], [-83.7408569, 32.545951], [-83.7424248, 32.5449], [-83.7427168, 32.5439782], [-83.7431302, 32.5423341], [-83.7431891, 32.5406571], [-83.7431722, 32.5397631], [-83.7431351, 32.5384763], [-83.7430776, 32.5363628], [-83.7430512, 32.5353567], [-83.7430232, 32.5333319], [-83.7428541, 32.5316045], [-83.7427905, 32.5297524], [-83.7427365, 32.5276737], [-83.7426942, 32.5257267], [-83.7426679, 32.5248534], [-83.7426206, 32.523101], [-83.7427081, 32.5211822], [-83.7426838, 32.5202071], [-83.7426342, 32.518268], [-83.7425905, 32.5164292], [-83.7425651, 32.5154095], [-83.7424541, 32.5132485], [-83.742373, 32.5122795], [-83.7408874, 32.5108848], [-83.7383584, 32.5107897], [-83.7383683, 32.509964], [-83.7383652, 32.5085142], [-83.7387323, 32.5064749], [-83.7389059, 32.5054584], [-83.7390935, 32.5034683], [-83.7391235, 32.5015208], [-83.7391476, 32.4995673], [-83.7391704, 32.4976115], [-83.7380716, 32.4966117], [-83.7369466, 32.4955232], [-83.7367706, 32.4944668], [-83.7364553, 32.4923596], [-83.7362963, 32.4913035], [-83.7362179, 32.4897223], [-83.7351599, 32.4877525], [-83.7335764, 32.4869693], [-83.7321165, 32.4866535], [-83.7303764, 32.4870624], [-83.7284105, 32.4870478], [-83.7264702, 32.4870113], [-83.7248588, 32.4869905], [-83.7235485, 32.4869949], [-83.7222484, 32.486986], [-83.720632, 32.4869688], [-83.7186847, 32.4868366], [-83.7168528, 32.4863235], [-83.714759, 32.4850805], [-83.7136807, 32.4839544], [-83.7129175, 32.4831933], [-83.7120487, 32.4822739], [-83.7108154, 32.4810597], [-83.70942, 32.4796141], [-83.7080477, 32.4782], [-83.7068336, 32.4769615], [-83.7055177, 32.4756085], [-83.7045271, 32.4745921], [-83.7032043, 32.4732289], [-83.7018376, 32.4718338], [-83.7005846, 32.4705484], [-83.6992773, 32.4692122], [-83.6982751, 32.4681304], [-83.6984572, 32.4661713], [-83.6989401, 32.4642536], [-83.7000173, 32.4612364], [-83.7008324, 32.4589765], [-83.7014497, 32.4572446], [-83.7019263, 32.4554503], [-83.7020208, 32.4553814]]}}, {"type": "Feature", "properties": {"project_id": "GPC_19629", "route_mi": 302.92}, "geometry": {"type": "LineString", "coordinates": [[-83.8823506, 33.8681196], [-83.8825552, 33.8681338], [-83.8829481, 33.8686963], [-83.8842718, 33.8704727], [-83.8859765, 33.8713666], [-83.88744, 33.8721456], [-83.8895881, 33.8733085], [-83.8913007, 33.8742329], [-83.8927215, 33.874982], [-83.8952265, 33.8763331], [-83.8976641, 33.8776413], [-83.898957, 33.8783569], [-83.9009637, 33.8790246], [-83.9028248, 33.8796639], [-83.9052736, 33.8804894], [-83.9068628, 33.8810447], [-83.9090266, 33.8817808], [-83.9106651, 33.8823473], [-83.9123127, 33.8829063], [-83.9140427, 33.8834878], [-83.915986, 33.8848074], [-83.9179358, 33.8861024], [-83.9200798, 33.887529], [-83.9222613, 33.8875369], [-83.9232557, 33.886009], [-83.9245141, 33.8841093], [-83.9255897, 33.8824195], [-83.9266074, 33.8808537], [-83.9277927, 33.8790652], [-83.9292155, 33.8782627], [-83.9304826, 33.8770524], [-83.9321628, 33.8762309], [-83.9337837, 33.8754932], [-83.9364324, 33.8742331], [-83.9385076, 33.8732742], [-83.9403961, 33.8723595], [-83.9428809, 33.8712151], [-83.9447385, 33.8702974], [-83.9470995, 33.8694142], [-83.9486873, 33.8686645], [-83.9506539, 33.8677684], [-83.9513917, 33.8661568], [-83.9528293, 33.8654516], [-83.9546323, 33.8646221], [-83.9555687, 33.8631769], [-83.9550744, 33.862411], [-83.9537104, 33.8607253], [-83.95334, 33.8602114], [-83.9522028, 33.8585845], [-83.9508929, 33.8566378], [-83.9497592, 33.8549347], [-83.948647, 33.8533506], [-83.9476689, 33.8519563], [-83.9467609, 33.850567], [-83.9454872, 33.8486311], [-83.9444665, 33.8470824], [-83.9467396, 33.8460195], [-83.9486958, 33.8450932], [-83.9515214, 33.8437873], [-83.9542234, 33.8425711], [-83.9556131, 33.8419286], [-83.9580378, 33.8407499], [-83.9595849, 33.8400388], [-83.9610146, 33.8389908], [-83.9635273, 33.8377856], [-83.9658345, 33.836711], [-83.9677764, 33.8357871], [-83.9705345, 33.8344555], [-83.9719135, 33.8337864], [-83.9737833, 33.8329156], [-83.9766588, 33.8315485], [-83.9780751, 33.830866], [-83.9796782, 33.830106], [-83.9823909, 33.8288475], [-83.9845489, 33.8278415], [-83.9871042, 33.8266294], [-83.9890701, 33.8257121], [-83.9918468, 33.8244313], [-83.9941647, 33.8233433], [-83.996536, 33.8221887], [-83.9985206, 33.8228048], [-84.0003157, 33.8233876], [-84.0022682, 33.8244135], [-84.0048956, 33.8258162], [-84.0071335, 33.8270106], [-84.0079177, 33.8274426], [-84.0094381, 33.8282625], [-84.0112039, 33.8291887], [-84.0172936, 33.8324259], [-84.018391, 33.8330098], [-84.0203438, 33.8339726], [-84.0218753, 33.834707], [-84.0248758, 33.8362134], [-84.0265883, 33.8370692], [-84.0292651, 33.8372542], [-84.0316216, 33.8374133], [-84.0336265, 33.8375781], [-84.0354853, 33.8377226], [-84.0372212, 33.8378364], [-84.0418151, 33.8381877], [-84.0445544, 33.8383952], [-84.0470434, 33.8386972], [-84.0491895, 33.8389159], [-84.0519115, 33.8392368], [-84.0538886, 33.8394825], [-84.0559112, 33.8387696], [-84.0576568, 33.8394327], [-84.0590506, 33.8410813], [-84.061082, 33.8418145], [-84.0632803, 33.8425579], [-84.0645193, 33.842995], [-84.0661013, 33.8422352], [-84.0680608, 33.8413193], [-84.0699561, 33.8404373], [-84.0713377, 33.8398063], [-84.0733489, 33.8398011], [-84.0753867, 33.8397972], [-84.077199, 33.8397998], [-84.0788437, 33.8398115], [-84.079995, 33.8398089], [-84.0821895, 33.8397946], [-84.0846252, 33.8398011], [-84.0860318, 33.8398167], [-84.0880492, 33.8398063], [-84.0905304, 33.8398076], [-84.0922706, 33.8398128], [-84.0957851, 33.839816], [-84.0967565, 33.8398334], [-84.0987669, 33.8389005], [-84.1010085, 33.8378552], [-84.1044993, 33.8362473], [-84.1065051, 33.8353163], [-84.1080368, 33.8346162], [-84.1099305, 33.8337453], [-84.1119923, 33.8327871], [-84.1139654, 33.8318619], [-84.1160249, 33.830927], [-84.1186657, 33.8296992], [-84.120027, 33.8290843], [-84.1221472, 33.828097], [-84.1239782, 33.8272358], [-84.1258256, 33.8263923], [-84.127345, 33.8257031], [-84.1287244, 33.825073], [-84.1300817, 33.8244674], [-84.1316698, 33.8245143], [-84.1333216, 33.8245877], [-84.1346569, 33.8246285], [-84.136294, 33.8246897], [-84.1376489, 33.8247488], [-84.1393351, 33.824812], [-84.1414681, 33.8248895], [-84.1437998, 33.8249874], [-84.1452504, 33.8250486], [-84.1465292, 33.8250873], [-84.1485836, 33.8251566], [-84.1502159, 33.8252178], [-84.1520862, 33.8253157], [-84.1545186, 33.8255033], [-84.1563398, 33.8259824], [-84.1572799, 33.8258152], [-84.1590618, 33.8256868], [-84.1607628, 33.8257602], [-84.1620416, 33.8253565], [-84.1642163, 33.8246448], [-84.1663639, 33.8240168], [-84.1687865, 33.8232786], [-84.1697585, 33.8229871], [-84.1720434, 33.8237222], [-84.1734164, 33.825385], [-84.1745324, 33.826838], [-84.1749129, 33.8277833], [-84.1754069, 33.8292331], [-84.177218, 33.8291997], [-84.178345, 33.8282513], [-84.1780523, 33.8271054], [-84.1792597, 33.8252513], [-84.1796805, 33.8233333], [-84.1798525, 33.8212815], [-84.180233, 33.8193451], [-84.1807818, 33.8174543], [-84.182966, 33.8173685], [-84.1850957, 33.8186156], [-84.1856994, 33.8192418], [-84.1870715, 33.8206127], [-84.1879204, 33.8214517], [-84.1887912, 33.8222572], [-84.1897535, 33.823002], [-84.1908219, 33.8236555], [-84.1931014, 33.824613], [-84.1955639, 33.8252057], [-84.1960802, 33.825268], [-84.1981462, 33.8258382], [-84.1996158, 33.8256228], [-84.2020631, 33.8249388], [-84.203258, 33.8241837], [-84.2051217, 33.8230993], [-84.206334, 33.8222982], [-84.2073913, 33.8215946], [-84.2084701, 33.820881], [-84.2102948, 33.8196934], [-84.2114019, 33.8189887], [-84.2131146, 33.8175266], [-84.214447, 33.8172644], [-84.2162797, 33.8170291], [-84.2188069, 33.8173193], [-84.2202687, 33.8174918], [-84.2216928, 33.8176498], [-84.2232221, 33.8178335], [-84.2246313, 33.8179814], [-84.2271518, 33.818312], [-84.2296102, 33.8185091], [-84.2309655, 33.8184038], [-84.2330693, 33.817568], [-84.2347496, 33.8162235], [-84.2358554, 33.8145787], [-84.2366632, 33.8126213], [-84.2374845, 33.8109002], [-84.237916, 33.810294], [-84.2390937, 33.8086107], [-84.2398008, 33.8075969], [-84.2408314, 33.8061146], [-84.2418358, 33.8046758], [-84.2440018, 33.80347], [-84.2461277, 33.8030117], [-84.2478623, 33.8030911], [-84.2496401, 33.8027403], [-84.250492, 33.8025765], [-84.2525015, 33.8021246], [-84.2542746, 33.8013168], [-84.2555748, 33.8002748], [-84.2570614, 33.7991239], [-84.2585742, 33.7979206], [-84.2599098, 33.7968516], [-84.261267, 33.795702], [-84.2619218, 33.795099], [-84.2628861, 33.7937099], [-84.2635131, 33.7923925], [-84.2637735, 33.79049], [-84.2633252, 33.7890792], [-84.2629077, 33.788206], [-84.2626335, 33.786571], [-84.2626365, 33.7846326], [-84.2626121, 33.7826526], [-84.2627991, 33.781654], [-84.2623966, 33.7800693], [-84.2624047, 33.7787666], [-84.2623763, 33.7774318], [-84.2623682, 33.7763893], [-84.2613172, 33.7747875], [-84.2601219, 33.7744294], [-84.2587255, 33.7739038], [-84.2567588, 33.7733933], [-84.2553074, 33.772393], [-84.2535105, 33.7710328], [-84.2520896, 33.7696911], [-84.2512277, 33.7680706], [-84.2516366, 33.7660854], [-84.2514341, 33.7641624], [-84.2514606, 33.7629852], [-84.2505774, 33.761496], [-84.2485399, 33.7615892], [-84.2461376, 33.7613664], [-84.2437865, 33.7606983], [-84.2429212, 33.7604698], [-84.241126, 33.7592675], [-84.2400853, 33.7582293], [-84.2387937, 33.7569653], [-84.2380173, 33.7561973], [-84.2365617, 33.7551478], [-84.2357885, 33.7546882], [-84.2339807, 33.7535901], [-84.2340288, 33.7519515], [-84.2340727, 33.7506144], [-84.2341197, 33.7486951], [-84.234126, 33.747901], [-84.234127, 33.7458687], [-84.2342075, 33.7438676], [-84.2342514, 33.7425947], [-84.23429, 33.7416172], [-84.2342096, 33.7394648], [-84.2342127, 33.7387062], [-84.2358816, 33.7375141], [-84.2385749, 33.7375881], [-84.2400105, 33.7376474], [-84.2424855, 33.7376046], [-84.2437379, 33.7376474], [-84.2451414, 33.7362523], [-84.2451539, 33.7346123], [-84.2451757, 33.7329839], [-84.2476945, 33.7327183], [-84.2501697, 33.7330383], [-84.2520499, 33.7318737], [-84.2520826, 33.7304785], [-84.2518396, 33.7284083], [-84.2515919, 33.7275986], [-84.251176, 33.7260543], [-84.2513582, 33.724019], [-84.2514501, 33.7226392], [-84.2520094, 33.7210896], [-84.2523677, 33.7193734], [-84.2525351, 33.7176965], [-84.2525579, 33.7171426], [-84.2525781, 33.715318], [-84.2525753, 33.713393], [-84.2534772, 33.7117938], [-84.2556987, 33.711765], [-84.2576623, 33.7113559], [-84.2592368, 33.7107144], [-84.2601082, 33.7103043], [-84.2625063, 33.7096202], [-84.2651013, 33.7096182], [-84.2672333, 33.7096549], [-84.2691956, 33.7096923], [-84.2701472, 33.709714], [-84.2720077, 33.7082234], [-84.2722688, 33.7071911], [-84.2725668, 33.7051138], [-84.2722588, 33.7030622], [-84.2723786, 33.7008913], [-84.2723817, 33.699628], [-84.2751019, 33.6995846], [-84.2778497, 33.6993263], [-84.2806744, 33.6986896], [-84.2807125, 33.6969096], [-84.2807654, 33.6941872], [-84.2808278, 33.6914101], [-84.282254, 33.6910648], [-84.282297, 33.6890035], [-84.2822724, 33.6869499], [-84.2811044, 33.686932], [-84.2811816, 33.6849489], [-84.2813077, 33.6827928], [-84.2813507, 33.6810101], [-84.2813691, 33.6792964], [-84.2814183, 33.6764087], [-84.2813204, 33.6746252], [-84.2814098, 33.6741461], [-84.2814152, 33.6707487], [-84.2862166, 33.6707347], [-84.28627, 33.6682842], [-84.2863281, 33.662972], [-84.2853296, 33.6613509], [-84.2844015, 33.6603497], [-84.2844748, 33.6583142], [-84.2844748, 33.655903], [-84.2874252, 33.6559164], [-84.2881011, 33.654224], [-84.2912447, 33.6515046], [-84.2913841, 33.643319], [-84.2981433, 33.6433592], [-84.3010615, 33.6433994], [-84.301201, 33.6387682], [-84.3012232, 33.6345134], [-84.3012385, 33.6322588], [-84.3012904, 33.6294469], [-84.3013065, 33.6268651], [-84.3013869, 33.6244039], [-84.3014352, 33.6224161], [-84.3014513, 33.6201067], [-84.3014942, 33.618905], [-84.3015211, 33.6176051], [-84.3014996, 33.6150587], [-84.3017701, 33.6129765], [-84.3018839, 33.611558], [-84.3019104, 33.6103732], [-84.3020727, 33.6087504], [-84.3031013, 33.6070202], [-84.3049547, 33.607038], [-84.3076008, 33.6071246], [-84.3096465, 33.6071402], [-84.311622, 33.6071909], [-84.313003, 33.6071948], [-84.3143933, 33.6072377], [-84.3162798, 33.6072649], [-84.3178727, 33.6084159], [-84.3204127, 33.6083734], [-84.3220167, 33.6076251], [-84.3242805, 33.6077502], [-84.3252568, 33.607777], [-84.3271853, 33.607777], [-84.3290333, 33.607777], [-84.3307285, 33.6078083], [-84.3329538, 33.6069147], [-84.3335027, 33.6048073], [-84.3341356, 33.6028308], [-84.3355899, 33.6013522], [-84.3360566, 33.5994436], [-84.3360582, 33.598615], [-84.3361094, 33.5971188], [-84.3361359, 33.5960865], [-84.3378321, 33.5950029], [-84.3400101, 33.5948861], [-84.3428051, 33.5947011], [-84.3458828, 33.594742], [-84.3483179, 33.594777], [-84.3509587, 33.5948082], [-84.3528482, 33.594832], [-84.3560328, 33.5948629], [-84.3579929, 33.5948921], [-84.3616268, 33.5949289], [-84.3653956, 33.5949361], [-84.366364, 33.5949394], [-84.3709875, 33.5951248], [-84.374605, 33.5952694], [-84.3773206, 33.595137], [-84.3800469, 33.5950222], [-84.383272, 33.5948781], [-84.3851364, 33.5948144], [-84.3865687, 33.5944307], [-84.3885959, 33.5939134], [-84.3909853, 33.5933065], [-84.3930425, 33.5927878], [-84.3949247, 33.5923203], [-84.4010716, 33.5907484], [-84.4032293, 33.5902143], [-84.4053895, 33.5896588], [-84.4084417, 33.5888916], [-84.4108377, 33.5883014], [-84.4128844, 33.5873849], [-84.4160747, 33.5860064], [-84.4178727, 33.5852409], [-84.4193681, 33.5845586], [-84.4219266, 33.583444], [-84.4247645, 33.5822087], [-84.4278955, 33.5808444], [-84.4298343, 33.5800057], [-84.4317396, 33.5791755], [-84.4338973, 33.578236], [-84.4362867, 33.5771956], [-84.439088, 33.5759921], [-84.4416963, 33.5748509], [-84.4434626, 33.5741001], [-84.4458726, 33.5730489], [-84.4480226, 33.57212], [-84.4496807, 33.5713949], [-84.4521139, 33.570363], [-84.4536279, 33.5692946], [-84.4548766, 33.5684493], [-84.4562696, 33.5675075], [-84.4583198, 33.5663063], [-84.4607866, 33.5646325], [-84.4638173, 33.5625623], [-84.4661159, 33.5619578], [-84.4668669, 33.5617772], [-84.4700814, 33.5609881], [-84.4742394, 33.5599439], [-84.4781196, 33.5589857], [-84.482007, 33.5580186], [-84.486439, 33.5569151], [-84.4912306, 33.5557463], [-84.4937795, 33.5551322], [-84.4983374, 33.5540346], [-84.5027633, 33.5529646], [-84.5049579, 33.5524285], [-84.5081699, 33.5516587], [-84.5109227, 33.5510304], [-84.515612, 33.5499719], [-84.5208974, 33.5487706], [-84.5231308, 33.5480932], [-84.5258699, 33.5474852], [-84.5289118, 33.5467937], [-84.5315877, 33.5461967], [-84.5341188, 33.5456128], [-84.5365899, 33.545058], [-84.5391134, 33.5444837], [-84.54153, 33.5437876], [-84.5428971, 33.5434065], [-84.5449778, 33.5427589], [-84.5474798, 33.5419247], [-84.5500636, 33.541062], [-84.5525841, 33.540241], [-84.5566224, 33.5388844], [-84.5578319, 33.5384919], [-84.5594971, 33.5379513], [-84.5611107, 33.5374107], [-84.5639314, 33.5364754], [-84.5654601, 33.5359756], [-84.5677507, 33.535214], [-84.5695805, 33.5346369], [-84.5721798, 33.5337617], [-84.5753994, 33.5327255], [-84.5770054, 33.5322106], [-84.5812673, 33.5308376], [-84.5838975, 33.5299902], [-84.5865818, 33.5291342], [-84.5878902, 33.5287616], [-84.5898029, 33.5282306], [-84.5918236, 33.5276347], [-84.594683, 33.5268155], [-84.5980157, 33.5258819], [-84.6013125, 33.524955], [-84.6026637, 33.5245753], [-84.6046994, 33.5238844], [-84.6069204, 33.5231163], [-84.6089613, 33.5224255], [-84.6126004, 33.5211767], [-84.614492, 33.5205288], [-84.6182032, 33.5192575], [-84.6202204, 33.5185853], [-84.6222113, 33.5179025], [-84.6244693, 33.517124], [-84.6265988, 33.5164019], [-84.6284321, 33.5157808], [-84.6299557, 33.5152532], [-84.6309678, 33.5149108], [-84.6327604, 33.5141873], [-84.6341884, 33.513637], [-84.6356687, 33.5130655], [-84.6374392, 33.5123714], [-84.6419551, 33.5106318], [-84.644235, 33.5097057], [-84.6474894, 33.5084198], [-84.6502836, 33.5079765], [-84.6520846, 33.5076789], [-84.6538529, 33.5074114], [-84.6557041, 33.5070895], [-84.6575448, 33.5067872], [-84.6595929, 33.5064515], [-84.6616397, 33.5061194], [-84.6633391, 33.5058449], [-84.6649529, 33.5055783], [-84.6664825, 33.5053124], [-84.6681965, 33.5053203], [-84.6700228, 33.5052945], [-84.6723587, 33.5052758], [-84.6739401, 33.5052627], [-84.6779853, 33.5052694], [-84.6806598, 33.5053594], [-84.6831053, 33.5053852], [-84.6860404, 33.5054339], [-84.6908515, 33.5043636], [-84.6944956, 33.5036058], [-84.6976843, 33.5029491], [-84.7000764, 33.5024626], [-84.7031551, 33.5018376], [-84.7047438, 33.501512], [-84.707266, 33.501018], [-84.7089131, 33.5006849], [-84.7106162, 33.5003369], [-84.7130621, 33.4998167], [-84.7155103, 33.4992778], [-84.7183467, 33.4986678], [-84.7207163, 33.4981738], [-84.7222242, 33.4978463], [-84.724062, 33.4974889], [-84.7273921, 33.4968283], [-84.7291356, 33.4964822], [-84.7320528, 33.4959152], [-84.7334126, 33.4956513], [-84.7372158, 33.4949153], [-84.7417886, 33.4940461], [-84.7444122, 33.4935321], [-84.7467788, 33.4930584], [-84.7493017, 33.4925688], [-84.7534385, 33.4917647], [-84.755494, 33.4913642], [-84.7600561, 33.4904627], [-84.763792, 33.4897434], [-84.7660106, 33.4893295], [-84.767743, 33.4889998], [-84.7704277, 33.4885181], [-84.7721255, 33.4879464], [-84.7751815, 33.4869512], [-84.7765524, 33.4865066], [-84.7782153, 33.4859746], [-84.7806113, 33.4852018], [-84.7820996, 33.4846962], [-84.7850541, 33.4837408], [-84.787907, 33.4828197], [-84.7909376, 33.4818324], [-84.7938191, 33.4809034], [-84.7960215, 33.480194], [-84.7976336, 33.4796593], [-84.7990825, 33.4791963], [-84.8008945, 33.4786072], [-84.803595, 33.4777278], [-84.8056281, 33.4770719], [-84.8082885, 33.4762031], [-84.8108178, 33.4754408], [-84.8140515, 33.4744879], [-84.8160857, 33.4739029], [-84.8198284, 33.4727697], [-84.8226535, 33.4718357], [-84.8252273, 33.4709859], [-84.8279669, 33.470075], [-84.8296125, 33.4695361], [-84.8327797, 33.4684758], [-84.8346359, 33.4681497], [-84.8370049, 33.4677142], [-84.8398115, 33.4672084], [-84.8419674, 33.466812], [-84.8449286, 33.4662653], [-84.8466959, 33.4659411], [-84.8487582, 33.4655603], [-84.8513097, 33.4650917], [-84.8563356, 33.464166], [-84.8589971, 33.4636778], [-84.8607409, 33.4633541], [-84.8628165, 33.4629702], [-84.8645736, 33.4626457], [-84.8667178, 33.4622552], [-84.8692773, 33.4617748], [-84.8709617, 33.461462], [-84.8736194, 33.4610666], [-84.8766725, 33.4606039], [-84.8788218, 33.4602942], [-84.8822807, 33.4597679], [-84.8852297, 33.4593374], [-84.8876576, 33.4586157], [-84.8896986, 33.4580146], [-84.8916372, 33.4575925], [-84.8944662, 33.4569697], [-84.8976123, 33.4562754], [-84.900371, 33.4556733], [-84.9043025, 33.4571902], [-84.9055007, 33.4567856], [-84.9037519, 33.4543329], [-84.9025823, 33.4526919], [-84.9001944, 33.449787], [-84.8991455, 33.4482189], [-84.896916, 33.4454983], [-84.8960374, 33.4444285], [-84.8950726, 33.4429718], [-84.8940535, 33.4417274], [-84.893133, 33.4405952], [-84.8920213, 33.4392335], [-84.891029, 33.4380065], [-84.8894215, 33.436095], [-84.8884045, 33.4345478], [-84.8874601, 33.4328095], [-84.8861661, 33.4304126], [-84.8849318, 33.4285216], [-84.8834733, 33.4258328], [-84.8823148, 33.4237109], [-84.8814392, 33.422085], [-84.8805219, 33.4203973], [-84.8795155, 33.4185317], [-84.8787756, 33.4171597], [-84.8780613, 33.4158501], [-84.8772873, 33.4144007], [-84.8764953, 33.4129289], [-84.87553, 33.4111178], [-84.873689, 33.4093515], [-84.872395, 33.4080991], [-84.8713819, 33.4071112], [-84.869251, 33.405028], [-84.8678733, 33.4036783], [-84.8665463, 33.4024683], [-84.8645679, 33.4006669], [-84.8629003, 33.3991374], [-84.8607455, 33.3971763], [-84.8596457, 33.3961808], [-84.858525, 33.3950729], [-84.8565638, 33.3931434], [-84.8548595, 33.3914734], [-84.8535295, 33.3901559], [-84.8519443, 33.3885906], [-84.849687, 33.3863553], [-84.8488174, 33.3855118], [-84.8474815, 33.3842117], [-84.8455329, 33.3824773], [-84.844295, 33.3813824], [-84.8420471, 33.3793787], [-84.8408261, 33.3780456], [-84.8384053, 33.3759268], [-84.8367803, 33.3742501], [-84.8348706, 33.372553], [-84.8336184, 33.3714498], [-84.832408, 33.3703716], [-84.8309018, 33.3690663], [-84.828765, 33.3666602], [-84.8266072, 33.3642815], [-84.8251069, 33.3625343], [-84.8241347, 33.3605276], [-84.823261, 33.3591995], [-84.8221511, 33.3573424], [-84.8207037, 33.3559939], [-84.8185564, 33.3542916], [-84.8161436, 33.3523691], [-84.8121202, 33.3523463], [-84.810951, 33.3510515], [-84.8090231, 33.348906], [-84.8087525, 33.3484069], [-84.8082367, 33.346562], [-84.8073713, 33.3458622], [-84.8060851, 33.344625], [-84.8053763, 33.3438492], [-84.8032028, 33.3421142], [-84.8028663, 33.3400682], [-84.804353, 33.3378389], [-84.8058075, 33.3358364], [-84.8068863, 33.3343402], [-84.8085438, 33.3320338], [-84.8095044, 33.3306844], [-84.8104317, 33.3294007], [-84.8113589, 33.3280664], [-84.8124377, 33.3266258], [-84.8135013, 33.325175], [-84.8145437, 33.3237014], [-84.8156285, 33.3222025], [-84.8167951, 33.3208605], [-84.8175315, 33.3199666], [-84.818986, 33.3182119], [-84.820492, 33.3163988], [-84.821747, 33.3148799], [-84.8231566, 33.3132055], [-84.8245205, 33.3115955], [-84.8255265, 33.3103632], [-84.8265773, 33.3091229], [-84.8276025, 33.3078858], [-84.8289206, 33.306334], [-84.8300814, 33.3049065], [-84.8316548, 33.3030396], [-84.8327555, 33.3016722], [-84.8339525, 33.3002843], [-84.8351494, 33.2988306], [-84.8367706, 33.2968905], [-84.8381675, 33.2952442], [-84.839449, 33.2937026], [-84.8408969, 33.2919573], [-84.8421057, 33.2905204], [-84.843464, 33.2888438], [-84.8450911, 33.2866696], [-84.8463972, 33.2849408], [-84.8476528, 33.2832326], [-84.8485283, 33.2820823], [-84.8496062, 33.2806357], [-84.8505213, 33.2794218], [-84.8514759, 33.2781412], [-84.8527574, 33.276391], [-84.8538165, 33.2749765], [-84.8547995, 33.2735799], [-84.8555903, 33.2725533], [-84.8564318, 33.2715197], [-84.858007, 33.2695247], [-84.858961, 33.2683168], [-84.8604623, 33.2664161], [-84.8614871, 33.2651185], [-84.863571, 33.2624911], [-84.8645094, 33.2612976], [-84.8657236, 33.2597498], [-84.8668562, 33.2583257], [-84.8678202, 33.2571137], [-84.868975, 33.2556617], [-84.8700825, 33.2542691], [-84.871998, 33.2518281], [-84.8739002, 33.2494406], [-84.8750863, 33.2479158], [-84.8761241, 33.2466289], [-84.8769326, 33.2455701], [-84.8787502, 33.2432825], [-84.8799171, 33.2418138], [-84.8809676, 33.2404936], [-84.8819712, 33.2392171], [-84.8828904, 33.2380452], [-84.8836698, 33.2370794], [-84.8848962, 33.235521], [-84.8860242, 33.2340967], [-84.8883074, 33.2311922], [-84.8891577, 33.2301008], [-84.8901319, 33.2289026], [-84.8911496, 33.2275906], [-84.8928681, 33.2253585], [-84.8940398, 33.2238576], [-84.8950833, 33.2225735], [-84.8993395, 33.2171923], [-84.9015068, 33.21442], [-84.9034374, 33.2119906], [-84.9051912, 33.2097746], [-84.9068796, 33.2076215], [-84.9080268, 33.2062541], [-84.9096698, 33.2042752], [-84.9106352, 33.2030661], [-84.9117446, 33.2017439], [-84.9135626, 33.1995129], [-84.9148224, 33.1979669], [-84.9155501, 33.1970737], [-84.9174814, 33.1947036], [-84.9188873, 33.1930566], [-84.9201727, 33.1916964], [-84.9213891, 33.1902012], [-84.9225126, 33.1888404], [-84.9240761, 33.1869262], [-84.9248302, 33.1859447], [-84.925673, 33.1847592], [-84.926622, 33.183606], [-84.9280496, 33.1818668], [-84.9289535, 33.1807219], [-84.9298894, 33.1796406], [-84.9304912, 33.1784859], [-84.9317828, 33.1761802], [-84.9326916, 33.1745626], [-84.9334232, 33.1731947], [-84.9343212, 33.1715723], [-84.9357053, 33.1690409], [-84.9367604, 33.167139], [-84.9377001, 33.165474], [-84.9383273, 33.1643539], [-84.9390799, 33.1629519], [-84.9396459, 33.1619511], [-84.9406755, 33.1601052], [-84.9415274, 33.1585679], [-84.9427616, 33.1566793], [-84.9434797, 33.1553671], [-84.9442901, 33.1539738], [-84.9448746, 33.1524594], [-84.9461852, 33.1501565], [-84.9468843, 33.1488669], [-84.9479146, 33.1469962], [-84.9495903, 33.1440254], [-84.9504165, 33.1424863], [-84.9512667, 33.1409593], [-84.9521534, 33.1393694], [-84.9531545, 33.1375697], [-84.953954, 33.1361237], [-84.9549238, 33.1343765], [-84.9557777, 33.1328364], [-84.9567749, 33.1310463], [-84.9579775, 33.1288581], [-84.958939, 33.1271085], [-84.9599807, 33.125213], [-84.9612097, 33.1229941], [-84.9620708, 33.1214395], [-84.9636814, 33.1185315], [-84.9646843, 33.1169938], [-84.9653752, 33.1158649], [-84.9669438, 33.1133932], [-84.9677149, 33.1121782], [-84.9686371, 33.1107251], [-84.969825, 33.1088532], [-84.971359, 33.1064182], [-84.9725241, 33.1045714], [-84.9736164, 33.102862], [-84.9747842, 33.1010023], [-84.9757079, 33.0995236], [-84.977194, 33.0972009], [-84.9780472, 33.0958578], [-84.9791075, 33.0941889], [-84.9807464, 33.0915848], [-84.9818271, 33.0898676], [-84.9828035, 33.0883161], [-84.9837599, 33.0867963], [-84.9845764, 33.0854989], [-84.9856315, 33.0838142], [-84.9868453, 33.0819132], [-84.9887519, 33.0788742], [-84.989979, 33.0769413], [-84.9915563, 33.0744523], [-84.9925191, 33.0729191], [-84.9934879, 33.0713487], [-84.9945257, 33.0697202], [-84.9956793, 33.0679021], [-84.996506, 33.0666111], [-84.9969331, 33.0652153], [-84.9974867, 33.0634298], [-84.9980548, 33.0615823], [-84.9991478, 33.0581218], [-84.9996524, 33.056475], [-85.0004073, 33.0540706], [-85.0008806, 33.0522862], [-85.0019797, 33.0487125], [-85.0023707, 33.0474983], [-85.0031846, 33.0441999], [-85.003864, 33.0431704], [-85.0056266, 33.0403423], [-85.0058869, 33.0399095], [-85.0071546, 33.0379431], [-85.0110821, 33.0316236], [-85.0121072, 33.0300057], [-85.0128906, 33.0287453], [-85.013894, 33.0271347], [-85.0151199, 33.025178], [-85.0155625, 33.0245541], [-85.0164902, 33.0230801], [-85.0170265, 33.0222394], [-85.0178252, 33.0209734], [-85.0183878, 33.0200544], [-85.019483, 33.018411], [-85.0197363, 33.01808], [-85.0207915, 33.0163006], [-85.0215154, 33.0151745], [-85.0230023, 33.0136978], [-85.0264497, 33.0099983], [-85.0276185, 33.008828], [-85.029805, 33.0065682], [-85.0312175, 33.0050766], [-85.032134, 33.0041245], [-85.0338943, 33.0022957], [-85.0346473, 33.0015414], [-85.0360538, 33.0001325], [-85.0378184, 32.998126], [-85.0388688, 32.9970512], [-85.0399193, 32.9959764], [-85.0413912, 32.9944703], [-85.0428281, 32.9930001], [-85.0445829, 32.9912046], [-85.0459333, 32.9898228], [-85.0476071, 32.98811], [-85.0493283, 32.9861529], [-85.0506336, 32.9849552], [-85.0521269, 32.9833576], [-85.052956, 32.9825004], [-85.0537801, 32.9816461], [-85.0559088, 32.9794089], [-85.0580715, 32.9772098], [-85.0588323, 32.9764245], [-85.0605105, 32.9746431], [-85.0625783, 32.9725429], [-85.0655244, 32.9694193], [-85.0671969, 32.9676887], [-85.0690157, 32.9658068], [-85.070986, 32.9637133], [-85.0726194, 32.9621198], [-85.0745438, 32.9600933], [-85.0756613, 32.9589305], [-85.0765879, 32.9579673], [-85.0786727, 32.955772], [-85.0808161, 32.9536042], [-85.081842, 32.9525528], [-85.0837138, 32.9505952], [-85.0846208, 32.9496422], [-85.0863584, 32.9478167], [-85.0890443, 32.9450209], [-85.0903206, 32.9437479], [-85.0914601, 32.9425039], [-85.0927506, 32.9412375], [-85.0939011, 32.9401289], [-85.0957757, 32.9383219], [-85.0976998, 32.9363857], [-85.0985043, 32.9356054], [-85.1006226, 32.9334669], [-85.101869, 32.9322917], [-85.103506, 32.9304934], [-85.1046327, 32.9292549], [-85.1061414, 32.9276658], [-85.1071058, 32.9266031], [-85.1079409, 32.9256322], [-85.1091848, 32.9242809], [-85.1107306, 32.9227642], [-85.1122769, 32.9236241], [-85.1139104, 32.9242216], [-85.1157906, 32.9248773], [-85.1162141, 32.9259389], [-85.1166288, 32.9270228], [-85.1197609, 32.9270471], [-85.1209357, 32.9280624], [-85.1229608, 32.9292117], [-85.1242107, 32.9277742], [-85.1252222, 32.9267037], [-85.1262796, 32.9257487], [-85.1272759, 32.9247396], [-85.1280359, 32.9238195], [-85.1288188, 32.9228673], [-85.1300026, 32.9215929], [-85.1311196, 32.9203506], [-85.1328065, 32.9197746], [-85.1344367, 32.9191773], [-85.1351852, 32.917854], [-85.1360244, 32.9164403], [-85.1369118, 32.9148767], [-85.137666, 32.9135914], [-85.1382018, 32.9114874], [-85.1386328, 32.9096166], [-85.1390212, 32.9079076], [-85.1393619, 32.9064525], [-85.1405234, 32.9049705], [-85.1414981, 32.9037513], [-85.1424827, 32.9025209], [-85.1435069, 32.9012187], [-85.1445178, 32.8999137], [-85.1460063, 32.9001266], [-85.1480184, 32.8994879], [-85.147801, 32.8976409], [-85.1470436, 32.8966925], [-85.1481567, 32.8953432], [-85.1491084, 32.8941099], [-85.1485617, 32.8920444], [-85.1487132, 32.8900313], [-85.1488482, 32.8878827], [-85.1489569, 32.8867351], [-85.1490622, 32.8855765], [-85.1491413, 32.8844012], [-85.1492335, 32.8831706], [-85.1502686, 32.8815247], [-85.1518591, 32.8798675], [-85.1541074, 32.8792651], [-85.1546489, 32.8772746], [-85.1559928, 32.8761602], [-85.1574841, 32.8749125], [-85.1590377, 32.873622], [-85.1603674, 32.8724814], [-85.1615213, 32.8715194], [-85.1632945, 32.8700324], [-85.1645262, 32.8689927], [-85.1662218, 32.8675696], [-85.1682925, 32.8658509], [-85.1692112, 32.8650708], [-85.1711348, 32.8634036], [-85.1723564, 32.8623408], [-85.1737283, 32.8611691], [-85.1756058, 32.8595853], [-85.176485, 32.8588497], [-85.1784822, 32.8571975], [-85.1804351, 32.8555454], [-85.1819367, 32.8542816], [-85.1833605, 32.8530973], [-85.1848275, 32.851846], [-85.1866322, 32.8503066], [-85.1881676, 32.848929], [-85.1884101, 32.8487073], [-85.1900897, 32.8472647], [-85.1902706, 32.846605], [-85.190414, 32.8448067], [-85.1906291, 32.8425322], [-85.1907656, 32.8404613], [-85.1908647, 32.83829], [-85.1894615, 32.8346184], [-85.1883486, 32.8317269], [-85.1873347, 32.8291107], [-85.1864675, 32.8268559], [-85.1851703, 32.823508], [-85.1839515, 32.8203695], [-85.1827327, 32.8171217], [-85.1811897, 32.8131882], [-85.1794964, 32.8087724], [-85.1783947, 32.8058802], [-85.1776952, 32.8039145], [-85.175783, 32.7991196], [-85.1744755, 32.7957333], [-85.1728573, 32.7915721], [-85.1715737, 32.7883004], [-85.1707373, 32.7864664], [-85.1702013, 32.784951], [-85.1690713, 32.7823134], [-85.1672005, 32.7780166], [-85.1661114, 32.7754735], [-85.1650122, 32.772824], [-85.1646332, 32.7720117], [-85.1636637, 32.7697554], [-85.1620284, 32.7660236], [-85.1609121, 32.7635289], [-85.1595499, 32.7595356], [-85.1583619, 32.7561019], [-85.1571534, 32.7526767], [-85.1559585, 32.7492513], [-85.1544875, 32.7450325], [-85.1531192, 32.7410841], [-85.1522008, 32.7384593], [-85.1519436, 32.7377243], [-85.1506027, 32.7338613], [-85.1494919, 32.7306879], [-85.1484016, 32.7275561], [-85.1470905, 32.7237579], [-85.1456215, 32.7208366], [-85.1441791, 32.7179375], [-85.1425263, 32.7146592], [-85.1403912, 32.7103553], [-85.1384858, 32.7065781], [-85.136717, 32.7030401], [-85.1349786, 32.6995599], [-85.1338176, 32.6965844], [-85.1338128, 32.6965739], [-85.1325108, 32.6923023], [-85.131023, 32.6901167], [-85.1285785, 32.6866421], [-85.1261641, 32.6831279], [-85.1251213, 32.6801744], [-85.1244441, 32.6783577], [-85.1228201, 32.6752673], [-85.1207668, 32.6710512], [-85.1200077, 32.6694933], [-85.1192039, 32.6679511], [-85.1175857, 32.6646681], [-85.1153548, 32.6601413], [-85.1140988, 32.6575686], [-85.1124749, 32.6543676], [-85.1118296, 32.6528647], [-85.1107997, 32.6507464], [-85.1096785, 32.6484609], [-85.1086244, 32.6463651], [-85.1075113, 32.6441405], [-85.1067775, 32.6425986], [-85.1063869, 32.6417895], [-85.1052812, 32.639556], [-85.1044968, 32.6380121], [-85.1034509, 32.6359244], [-85.1026981, 32.6343699], [-85.1017152, 32.6324359], [-85.1009529, 32.6308972], [-85.0999007, 32.6287616], [-85.0992329, 32.6274484], [-85.0983603, 32.6265835], [-85.0968844, 32.6248484], [-85.095731, 32.6236963], [-85.0939795, 32.6219523], [-85.0920028, 32.6200117], [-85.0908092, 32.6188279], [-85.0889316, 32.6169618], [-85.0879151, 32.6159407], [-85.0869039, 32.6149376], [-85.0859946, 32.6140474], [-85.0830603, 32.6111691], [-85.0823066, 32.6100145], [-85.0818549, 32.6079581], [-85.0824563, 32.6060727], [-85.0835685, 32.6033264], [-85.0837983, 32.6018009], [-85.0841323, 32.5997462], [-85.0844264, 32.5979238], [-85.0848554, 32.5952959], [-85.085076, 32.5939613], [-85.0852476, 32.5927842], [-85.084212, 32.5916612], [-85.0826585, 32.5900245], [-85.0810285, 32.5882174], [-85.0801583, 32.5873267], [-85.0785834, 32.5856512], [-85.0775814, 32.584585], [-85.0752191, 32.5820781], [-85.0741283, 32.5809318], [-85.072915, 32.5796254], [-85.0719314, 32.5785745], [-85.0701819, 32.5767181], [-85.0691095, 32.5755537], [-85.0679696, 32.574384], [-85.0665663, 32.5728993], [-85.065497, 32.5717477], [-85.0643081, 32.5704902], [-85.0633093, 32.569429], [-85.0619826, 32.5680088], [-85.0611369, 32.5671153], [-85.0601717, 32.5660824], [-85.0589645, 32.5648119], [-85.0577879, 32.5635802], [-85.0560445, 32.5616847], [-85.0544053, 32.5599235], [-85.05109, 32.5563933], [-85.0501371, 32.5553757], [-85.048841, 32.554007], [-85.0463959, 32.5513339], [-85.0446862, 32.5495751], [-85.0435018, 32.5483015], [-85.0422626, 32.5469691], [-85.0414384, 32.5461038], [-85.0394713, 32.5440143], [-85.0378259, 32.5422372], [-85.0366125, 32.5409458], [-85.0342226, 32.5383886], [-85.0325926, 32.5366321], [-85.0315722, 32.5355497], [-85.0306622, 32.5345759], [-85.0292436, 32.5330854], [-85.0285055, 32.5323026], [-85.0275451, 32.5312574], [-85.0267844, 32.5304596], [-85.0247745, 32.5283117], [-85.0235348, 32.5269814], [-85.0228069, 32.526241], [-85.0214521, 32.5247919], [-85.0202593, 32.5234714], [-85.018442, 32.5215114], [-85.0169534, 32.5199335], [-85.0163241, 32.5192722], [-85.015237, 32.518112], [-85.0133373, 32.5160743], [-85.0120433, 32.514685], [-85.0106264, 32.5132011], [-85.0089546, 32.5114023], [-85.0077463, 32.5101204], [-85.0062723, 32.5085345], [-85.0048377, 32.5069839], [-85.003267, 32.5052961], [-85.0028628, 32.50487], [-85.0012046, 32.5031046], [-85.0002927, 32.5021294], [-84.9995941, 32.5013722], [-84.9984045, 32.50008], [-84.996026, 32.4979282], [-84.994636, 32.4957122], [-84.9943135, 32.4930895], [-84.9940567, 32.4909778], [-84.9937843, 32.4889031], [-84.9933629, 32.4877544], [-84.9927666, 32.4862358], [-84.9926605, 32.4846132], [-84.9925946, 32.4829664], [-84.9925789, 32.4813783], [-84.9954003, 32.481936], [-84.9955496, 32.4799634], [-84.9957141, 32.4791559], [-84.9958617, 32.4774831], [-84.996036, 32.475967], [-84.9961942, 32.4748673], [-84.9967721, 32.4738741], [-84.9977553, 32.4712626], [-84.9994665, 32.4696356], [-84.9998474, 32.4686874], [-84.9995554, 32.4670226], [-84.9992922, 32.4650554], [-84.9991769, 32.4634554], [-84.9985946, 32.4613384], [-84.9982569, 32.4603436], [-84.9991203, 32.4592085], [-84.9999551, 32.4580838], [-85.0008827, 32.4566501], [-85.0017411, 32.4559134], [-85.0030523, 32.4544869], [-85.0037205, 32.4536716], [-85.0047532, 32.4523385], [-85.0055578, 32.4513381], [-85.0066066, 32.4500072], [-85.0066372, 32.4487535], [-85.0072812, 32.4467229], [-85.0082092, 32.44528], [-85.0087185, 32.4437366], [-85.0091486, 32.4424607], [-85.0095478, 32.4412136], [-85.010075, 32.4396734], [-85.0104773, 32.4384393], [-85.0110117, 32.4368577], [-85.0113943, 32.4356119], [-85.0117711, 32.4337978], [-85.0122454, 32.4314642], [-85.0124913, 32.4302659], [-85.0128609, 32.4285092], [-85.0132062, 32.4269016], [-85.0134847, 32.4255167], [-85.0137815, 32.4240444], [-85.0142988, 32.4228949], [-85.0152915, 32.4206549], [-85.015407, 32.420489], [-85.0164564, 32.4180525], [-85.0173774, 32.4159691], [-85.0183064, 32.4138669], [-85.019118, 32.4126467], [-85.0206184, 32.4104398], [-85.022237, 32.408035], [-85.0230834, 32.406802], [-85.0243465, 32.4049267], [-85.0254531, 32.4033157], [-85.0255333, 32.401362], [-85.0256449, 32.3992145], [-85.0279704, 32.3985338], [-85.0278789, 32.3973126], [-85.0277943, 32.3958396], [-85.0276417, 32.3938629], [-85.0275947, 32.3931532], [-85.027428, 32.3908275], [-85.0272449, 32.3883353], [-85.0291491, 32.3883472], [-85.0305931, 32.3873697], [-85.0312881, 32.3864576], [-85.0320794, 32.3853691], [-85.0328566, 32.3843202], [-85.0336244, 32.3832594], [-85.0346199, 32.3826586], [-85.0359888, 32.3823988], [-85.0365241, 32.3811377], [-85.0368622, 32.3799856], [-85.0370289, 32.3788911], [-85.0370407, 32.3777172], [-85.036989, 32.3765254], [-85.0369068, 32.3752027], [-85.0367566, 32.3731325], [-85.0366932, 32.372129], [-85.0364959, 32.3701677], [-85.0359747, 32.3681965], [-85.0353877, 32.3670284], [-85.0348218, 32.3660943], [-85.0337112, 32.3643808], [-85.032866, 32.3629529], [-85.0319925, 32.3621278], [-85.0309829, 32.3612175], [-85.0296187, 32.3597954], [-85.0288908, 32.3586332], [-85.0292477, 32.3566121], [-85.0286373, 32.3555926], [-85.0277662, 32.3540177], [-85.0270195, 32.3527939], [-85.0263409, 32.3513678], [-85.0257751, 32.3502173], [-85.0249134, 32.348448], [-85.024486, 32.3475891], [-85.0246081, 32.3461291], [-85.0247795, 32.3442486], [-85.0248406, 32.3422946], [-85.0248781, 32.3408524], [-85.024904, 32.3397435], [-85.0244508, 32.3370991], [-85.0241432, 32.3352005], [-85.023845, 32.3334368], [-85.0236032, 32.331939], [-85.0233496, 32.3303795], [-85.0220911, 32.3286753], [-85.0209593, 32.3271753], [-85.0194707, 32.3251873], [-85.0182404, 32.3235047], [-85.0172448, 32.3221615], [-85.0173364, 32.3201118], [-85.0173118, 32.318408], [-85.0173734, 32.3170445], [-85.0173488, 32.3151094], [-85.0172863, 32.3142919], [-85.0170675, 32.3122508], [-85.0169265, 32.3113571], [-85.0166445, 32.3092124], [-85.0164887, 32.3080083], [-85.0163477, 32.3068356], [-85.0162067, 32.3057161], [-85.0160769, 32.3046374], [-85.0158951, 32.3033549], [-85.015717, 32.3018591], [-85.0155797, 32.3007521], [-85.0154499, 32.2996671], [-85.01532, 32.2985632], [-85.0151308, 32.2972085], [-85.0149416, 32.2956279], [-85.014771, 32.2943735], [-85.0145335, 32.2924792], [-85.0143406, 32.2908578], [-85.0141328, 32.2891831], [-85.0140327, 32.2884398], [-85.0140104, 32.2868559], [-85.0140809, 32.2862098], [-85.0142664, 32.2844816], [-85.0144074, 32.2830137], [-85.0145966, 32.2811287], [-85.0148044, 32.2791118], [-85.0149824, 32.2773302], [-85.0151642, 32.275514], [-85.015346, 32.2737543], [-85.0154313, 32.2729262], [-85.0156317, 32.2707962], [-85.0158394, 32.2687666], [-85.0160435, 32.2668875], [-85.0162327, 32.2651025], [-85.0164472, 32.2629195], [-85.0165345, 32.262082], [-85.0166936, 32.2603202], [-85.0168424, 32.2589229], [-85.0170323, 32.2569484], [-85.0172529, 32.2548653], [-85.0174325, 32.2533681], [-85.0175654, 32.2517582], [-85.0177587, 32.2499249], [-85.017933, 32.2481615], [-85.0181445, 32.246031], [-85.0182039, 32.2453658], [-85.0183708, 32.2436682], [-85.0184636, 32.2428555], [-85.0186157, 32.2412081], [-85.0190737, 32.2399396], [-85.0199085, 32.2380568], [-85.0207544, 32.2361582], [-85.0216262, 32.2342157], [-85.0221159, 32.2331299], [-85.0227615, 32.2316737], [-85.0233848, 32.2302552], [-85.0241416, 32.2285605], [-85.0247612, 32.227211], [-85.0254141, 32.2257547], [-85.0258927, 32.2246406], [-85.0264529, 32.2233726], [-85.0269427, 32.2222521], [-85.0276253, 32.2207456], [-85.0282708, 32.21933], [-85.0289572, 32.217792], [-85.0298699, 32.2157675], [-85.0305748, 32.2141981], [-85.0314911, 32.2120981], [-85.0323778, 32.210108], [-85.0332756, 32.2081367], [-85.0338433, 32.2068779], [-85.0345853, 32.2052173], [-85.0350416, 32.2041813], [-85.0359468, 32.202122], [-85.03647, 32.2009447], [-85.0371007, 32.1991144], [-85.0373158, 32.1981758], [-85.0377944, 32.1961037], [-85.0382582, 32.1940285], [-85.0387294, 32.1919343], [-85.0389965, 32.1908668], [-85.0392636, 32.189724], [-85.0396977, 32.1877365], [-85.0401948, 32.1855104], [-85.040755, 32.1832276], [-85.0411928, 32.1811741], [-85.0425393, 32.1798311], [-85.0450769, 32.1798342], [-85.0467946, 32.1791214], [-85.0476145, 32.1770772], [-85.0477221, 32.176245], [-85.0478705, 32.1749167], [-85.0479967, 32.1737297], [-85.0482081, 32.1724767], [-85.0487313, 32.1710793], [-85.0493249, 32.1699864], [-85.0499481, 32.1688559], [-85.0506085, 32.1676373], [-85.0517549, 32.1658064], [-85.0527863, 32.1640603], [-85.0538208, 32.162256], [-85.0518769, 32.1614904], [-85.0517278, 32.1591289], [-85.0515042, 32.1555985], [-85.0537295, 32.1535433], [-85.056047, 32.151425], [-85.0582269, 32.1494033], [-85.0607715, 32.1470806], [-85.0619569, 32.1460018], [-85.0632665, 32.1444452], [-85.0640686, 32.1427955], [-85.064718, 32.1413801], [-85.0654775, 32.1398174], [-85.0661093, 32.1384831], [-85.0665103, 32.1375455], [-85.0674472, 32.1363434], [-85.0683629, 32.134384], [-85.0688243, 32.1333531], [-85.0693353, 32.1323373], [-85.0698109, 32.1313185], [-85.0704284, 32.1300201], [-85.0710052, 32.1287573], [-85.0719433, 32.12698], [-85.0731039, 32.1254441], [-85.0738101, 32.1242028], [-85.0744951, 32.1230336], [-85.0750381, 32.1220958], [-85.0757692, 32.1208274], [-85.0764612, 32.1196672], [-85.0772366, 32.1183014], [-85.0776867, 32.117358], [-85.0780287, 32.1162362], [-85.0782949, 32.115112], [-85.0785291, 32.1139787], [-85.0787492, 32.1129086], [-85.0789657, 32.1118024], [-85.0791999, 32.1107021], [-85.0793951, 32.1096319], [-85.0795974, 32.1085227], [-85.0798423, 32.107209], [-85.08008, 32.1059463], [-85.0803462, 32.1047138], [-85.0807261, 32.10323], [-85.0811342, 32.1017358], [-85.0815246, 32.100416], [-85.0817873, 32.099051], [-85.081915, 32.0976681], [-85.0818511, 32.09627], [-85.0817482, 32.0948779], [-85.0816488, 32.0936512], [-85.0815353, 32.0922321], [-85.0814253, 32.0910474], [-85.0813294, 32.0896553], [-85.0812052, 32.0882962], [-85.0810952, 32.0869251], [-85.0810029, 32.085569], [-85.0808929, 32.0842399], [-85.0811236, 32.0823695], [-85.0816488, 32.0805653], [-85.082025, 32.0784934], [-85.0827668, 32.0775281], [-85.0847791, 32.074996], [-85.0869866, 32.0722353], [-85.0888747, 32.0698745], [-85.0905569, 32.0677752], [-85.0920688, 32.0658564], [-85.0936942, 32.0638564], [-85.0953019, 32.0618111], [-85.0968529, 32.0598742], [-85.0987551, 32.0574859], [-85.1006432, 32.0551458], [-85.1021515, 32.0550676], [-85.1051398, 32.0542946], [-85.107649, 32.0536148], [-85.1105876, 32.0524687], [-85.1132884, 32.0514039], [-85.1132671, 32.0482604], [-85.1132387, 32.0457816], [-85.1132422, 32.0429388], [-85.1132387, 32.0399334], [-85.1131997, 32.0372378], [-85.1132103, 32.0347137], [-85.1132742, 32.0324361], [-85.1140621, 32.0298667], [-85.1152084, 32.0262711], [-85.1160566, 32.0234879], [-85.1170468, 32.0202923], [-85.1179234, 32.0173644], [-85.1185161, 32.0155017], [-85.1193962, 32.0126098], [-85.1202125, 32.0099254], [-85.1209401, 32.0075239], [-85.1219469, 32.0041426], [-85.1226, 32.0021171], [-85.1250133, 32.0019305], [-85.129265, 32.0024362], [-85.1315009, 32.00271], [-85.1343969, 32.0030531], [-85.1373178, 32.0034263], [-85.1392555, 32.005202], [-85.1409413, 32.006773], [-85.1431204, 32.0087713], [-85.1465168, 32.0087231], [-85.1491963, 32.0083319], [-85.1517268, 32.0079708], [-85.1542892, 32.0075705], [-85.156809, 32.0072154], [-85.1593536, 32.0068302], [-85.1609826, 32.0052953], [-85.1599818, 32.0033872], [-85.1592436, 32.0018583], [-85.1606277, 32.0003294], [-85.1600031, 31.9971872], [-85.1593359, 31.9939455], [-85.1587006, 31.9909716], [-85.1580511, 31.9877207], [-85.1573662, 31.9843523], [-85.1569368, 31.9824017], [-85.1563263, 31.9793311], [-85.1558756, 31.9772358], [-85.1554533, 31.9751616], [-85.1550948, 31.9734636], [-85.1528021, 31.9719131], [-85.1512335, 31.9708865], [-85.1515245, 31.9684177], [-85.15189, 31.9652202], [-85.1521385, 31.962965], [-85.1525431, 31.9597011], [-85.1529228, 31.9565123], [-85.1532067, 31.9539708], [-85.1535865, 31.9506825], [-85.1539165, 31.9479421], [-85.154275, 31.9449667], [-85.154566, 31.9423527], [-85.1548925, 31.939338], [-85.1551871, 31.9364647], [-85.1554604, 31.9335041], [-85.1556946, 31.9307993], [-85.1557301, 31.9279559], [-85.1557526, 31.9256261], [-85.1550906, 31.9246701], [-85.1545826, 31.9234179], [-85.1540977, 31.9222092], [-85.1536332, 31.9210811], [-85.1531457, 31.9198267], [-85.1526942, 31.9187312], [-85.1530427, 31.9166923], [-85.1526112, 31.914937], [-85.1533317, 31.9135422], [-85.1547193, 31.9133615], [-85.1568168, 31.911337], [-85.1590349, 31.9091829], [-85.1607278, 31.9075681], [-85.1630311, 31.9052964], [-85.1645395, 31.9038954], [-85.1669067, 31.9024432], [-85.1679288, 31.9018195], [-85.1689828, 31.900771], [-85.1710484, 31.8987402], [-85.1730962, 31.8967094], [-85.1744945, 31.8953234], [-85.1748636, 31.8946183], [-85.1754243, 31.892738], [-85.1754953, 31.8916382], [-85.1736782, 31.8909783], [-85.172067, 31.8903877], [-85.1702877, 31.8897132], [-85.1684742, 31.8890473], [-85.1673385, 31.8873628], [-85.1662063, 31.8856632], [-85.1655853, 31.884726], [-85.1647158, 31.8834061], [-85.1638604, 31.8821193], [-85.1630364, 31.8808287], [-85.1622244, 31.8795979], [-85.1614251, 31.8783908], [-85.160566, 31.8771867], [-85.159853, 31.8760743], [-85.1614908, 31.8744522], [-85.1630806, 31.8742398], [-85.1646183, 31.8740526], [-85.1654309, 31.8729936], [-85.1672221, 31.8708917], [-85.1693048, 31.868445], [-85.1704376, 31.8670877], [-85.1715811, 31.8657609], [-85.1731969, 31.8638679], [-85.1733371, 31.8614777], [-85.173488, 31.8584113], [-85.1735578, 31.8572584], [-85.1736654, 31.8550053], [-85.1737841, 31.8530988], [-85.1738769, 31.8513404], [-85.1742219, 31.8499128], [-85.1742739, 31.8484411], [-85.1743293, 31.8470543], [-85.1743895, 31.845653], [-85.1744822, 31.8433587], [-85.1745972, 31.8408689], [-85.17469, 31.8382907], [-85.1747642, 31.8366644], [-85.1748198, 31.8354036], [-85.1749682, 31.8323967], [-85.1750143, 31.8306486], [-85.1750773, 31.8283854], [-85.1751256, 31.8264847], [-85.1751738, 31.8244263], [-85.1752257, 31.8229132], [-85.1752888, 31.8201548], [-85.175389, 31.8169897], [-85.1754632, 31.8146978], [-85.1755708, 31.8116366], [-85.1756932, 31.8085942], [-85.1757526, 31.8072763], [-85.1758379, 31.804776], [-85.1759566, 31.8020582], [-85.1756895, 31.8006803], [-85.175107, 31.7974199], [-85.174736, 31.7952505], [-85.1742315, 31.7925607], [-85.1737677, 31.7900538], [-85.1733448, 31.7875972], [-85.1730048, 31.7857178], [-85.1727378, 31.7845442], [-85.1732387, 31.782488], [-85.1737692, 31.7801196], [-85.174155, 31.7784228], [-85.1745965, 31.7762529], [-85.1751642, 31.7740767], [-85.1758097, 31.7711624], [-85.1764849, 31.7683583], [-85.1770822, 31.7665194], [-85.1777871, 31.764507], [-85.1783473, 31.7628888], [-85.1788705, 31.7612801], [-85.1794975, 31.7594789], [-85.1803953, 31.7568291], [-85.1809703, 31.7551887], [-85.1817197, 31.7528511], [-85.1826547, 31.7499487], [-85.1831147, 31.7484911], [-85.1843056, 31.7447967], [-85.1846135, 31.7438471], [-85.1853875, 31.7414806], [-85.1863531, 31.7384194], [-85.18675, 31.7372309], [-85.1872221, 31.7357687], [-85.1881207, 31.7329971], [-85.1887966, 31.7308572], [-85.1894486, 31.7288634], [-85.1901837, 31.7266268], [-85.1905857, 31.725311], [-85.1912735, 31.7231811], [-85.1917808, 31.7217045], [-85.1924849, 31.7194797], [-85.19298, 31.717886], [-85.1938297, 31.7152413], [-85.1943299, 31.7137205], [-85.1939844, 31.7126037], [-85.1933533, 31.7104738], [-85.192984, 31.7092046], [-85.1924552, 31.7074853], [-85.1918357, 31.7053923], [-85.1914631, 31.7043153], [-85.1929121, 31.7029542], [-85.1942014, 31.7016195], [-85.1970621, 31.6996007], [-85.1994408, 31.6978861], [-85.1999831, 31.6961968], [-85.2006818, 31.6940807], [-85.201456, 31.6916859], [-85.2016961, 31.6909018], [-85.202271, 31.6891628], [-85.2036075, 31.6850464], [-85.2038959, 31.6841502], [-85.2043513, 31.6827079], [-85.2049503, 31.6808336], [-85.2055955, 31.6789118], [-85.206517, 31.6759685], [-85.2071319, 31.6742168], [-85.2075669, 31.6728426], [-85.2081292, 31.6710663], [-85.2086352, 31.6694678], [-85.2096485, 31.6664233], [-85.2098704, 31.6649223], [-85.2100924, 31.6634213], [-85.2104567, 31.6612258], [-85.2109508, 31.6579581], [-85.2114648, 31.6548373], [-85.2119993, 31.6513146], [-85.2122053, 31.6499036], [-85.2126577, 31.6472475], [-85.2130516, 31.6446802], [-85.2134305, 31.6423462], [-85.213303, 31.6414863], [-85.2107307, 31.6402075], [-85.2083074, 31.6389973], [-85.2059416, 31.6378258], [-85.2038603, 31.6367891], [-85.2027485, 31.6362387], [-85.201225, 31.6354805], [-85.1986608, 31.6342063], [-85.1966357, 31.6331934], [-85.1941372, 31.6319477], [-85.1927559, 31.6312614], [-85.1905257, 31.6301527], [-85.1887447, 31.6292791], [-85.1874961, 31.6281703], [-85.186206, 31.6270353], [-85.1842412, 31.6253155], [-85.182424, 31.6237236], [-85.1812144, 31.6226604], [-85.1790874, 31.620791], [-85.1779883, 31.6203411], [-85.1746362, 31.6200253], [-85.1719695, 31.6197689], [-85.1693617, 31.619523], [-85.1663949, 31.6192419], [-85.162749, 31.6188949], [-85.1597822, 31.6186155], [-85.157167, 31.6183677], [-85.1540376, 31.6180742], [-85.1516464, 31.6178455], [-85.1494114, 31.6176305], [-85.1454386, 31.6172566], [-85.1422402, 31.6169553], [-85.1379483, 31.6165421], [-85.1349349, 31.6162572], [-85.1311778, 31.6159014], [-85.1283098, 31.6156285], [-85.1259863, 31.6154006], [-85.1238499, 31.6151829], [-85.1198649, 31.614813], [-85.1165798, 31.6145149], [-85.1125807, 31.6141312], [-85.1086172, 31.613757], [-85.1054413, 31.6134511], [-85.1010358, 31.6130331], [-85.097042, 31.6126491], [-85.0939634, 31.6123733], [-85.0913355, 31.610304], [-85.0895881, 31.6092812], [-85.0885119, 31.6084549], [-85.0867617, 31.6084343], [-85.0851772, 31.60842], [-85.0835646, 31.6086657], [-85.0824708, 31.6095656], [-85.0805914, 31.611091], [-85.0775691, 31.6135248], [-85.0762166, 31.6146137], [-85.0744745, 31.6158466], [-85.0730429, 31.6169932], [-85.0716367, 31.6181295], [-85.0702018, 31.6192847], [-85.0687614, 31.6204267], [-85.06725, 31.6216566], [-85.0649151, 31.6210537], [-85.0635204, 31.6197124], [-85.0625414, 31.6186771], [-85.0598799, 31.6193159], [-85.056612, 31.6201003], [-85.0534956, 31.6191498], [-85.0511728, 31.6184464], [-85.0494026, 31.6179073], [-85.048276, 31.6153034], [-85.0464253, 31.6152075], [-85.0443776, 31.6151468], [-85.0413492, 31.6150569], [-85.0383722, 31.6149286], [-85.037941, 31.61491], [-85.032396, 31.6130331], [-85.0293732, 31.612028], [-85.0256047, 31.6107808], [-85.0242689, 31.6103263], [-85.0205568, 31.609127], [-85.0188321, 31.6086017], [-85.0155705, 31.6075691], [-85.0130788, 31.6067468], [-85.0111905, 31.6061369], [-85.0086504, 31.6053419], [-85.0056969, 31.6043449], [-85.00279, 31.6034449], [-85.001837, 31.6022653], [-85.0002223, 31.6003133], [-84.99839, 31.5981133], [-84.9974616, 31.5969754], [-84.9964536, 31.5957801], [-84.995179, 31.5941908], [-84.9927706, 31.5912363], [-84.9911161, 31.5892606], [-84.9897802, 31.5876319], [-84.988769, 31.5863948], [-84.9874454, 31.5847869], [-84.9860482, 31.5830799], [-84.9844856, 31.5811745], [-84.9831803, 31.5795979], [-84.9817494, 31.5778907], [-84.9795985, 31.5757215], [-84.9776896, 31.5737846], [-84.9764548, 31.5725394], [-84.9750545, 31.5711454], [-84.9729005, 31.5690126], [-84.9707312, 31.5667362], [-84.9692758, 31.5653055], [-84.9679031, 31.5639088], [-84.96627, 31.5622745], [-84.9644959, 31.5604835], [-84.9631325, 31.5591285], [-84.9617445, 31.5575254], [-84.9602063, 31.5558414], [-84.958708, 31.5540711], [-84.9562966, 31.5513478], [-84.9546114, 31.5493921], [-84.9520898, 31.5465616], [-84.9518985, 31.5463443], [-84.94983, 31.5440082], [-84.9480331, 31.5419005], [-84.9466206, 31.5401901], [-84.9454961, 31.5388165], [-84.9438998, 31.5369023], [-84.9428519, 31.5356853], [-84.9417458, 31.5343639], [-84.9402628, 31.5325541], [-84.9390096, 31.5310394], [-84.9373213, 31.529031], [-84.9365676, 31.5281613], [-84.9349804, 31.5262756], [-84.9335618, 31.5245701], [-84.9322443, 31.52299], [-84.9307827, 31.5212583], [-84.9287482, 31.5187169], [-84.9267229, 31.5162119], [-84.9255402, 31.5147622], [-84.9238029, 31.5126726], [-84.9226386, 31.5112855], [-84.9217255, 31.5101596], [-84.9205152, 31.5086576], [-84.9198503, 31.5078138], [-84.9184501, 31.5061028], [-84.9170468, 31.5043394], [-84.9154688, 31.5024481], [-84.9139728, 31.5005463], [-84.9122681, 31.4983973], [-84.910976, 31.4967617], [-84.9093369, 31.4947929], [-84.9078208, 31.4928797], [-84.9064443, 31.4911426], [-84.9050165, 31.4893409], [-84.9037607, 31.4877562], [-84.9011434, 31.4845161], [-84.9014156, 31.482161], [-84.9016609, 31.4799202], [-84.9018938, 31.477793], [-84.902121, 31.4756752], [-84.902378, 31.4734149], [-84.9026009, 31.4712514], [-84.9028324, 31.4692782], [-84.9030684, 31.4670856], [-84.9033539, 31.4646441], [-84.9035827, 31.4626088], [-84.9037907, 31.4608196], [-84.9041184, 31.4575534], [-84.9043332, 31.4554133], [-84.9044881, 31.4532931], [-84.9046394, 31.4513228], [-84.9047864, 31.4491548], [-84.9049494, 31.4470579], [-84.905121, 31.4447816], [-84.9052667, 31.4427992], [-84.9054059, 31.4406939], [-84.905573, 31.4386178], [-84.9057375, 31.4364062], [-84.9058925, 31.4344408], [-84.9060956, 31.4317787], [-84.9062104, 31.4300998], [-84.9063495, 31.4281049], [-84.9064465, 31.4266547], [-84.9070564, 31.4244538], [-84.9076639, 31.4222096], [-84.9082158, 31.4202043], [-84.9088578, 31.4178656], [-84.9092665, 31.4162699], [-84.9099122, 31.4138882], [-84.9104244, 31.4119034], [-84.9109888, 31.409832], [-84.9115446, 31.407779], [-84.9120891, 31.4057095], [-84.9124686, 31.4042794], [-84.912839, 31.4028488], [-84.9134533, 31.4006486], [-84.9139671, 31.3986374], [-84.9143156, 31.3973221], [-84.9146212, 31.3961899], [-84.9150693, 31.3945776], [-84.9154838, 31.3928901], [-84.9156714, 31.3922017], [-84.9160805, 31.3907005], [-84.9166256, 31.3886465], [-84.917198, 31.3864667], [-84.9178185, 31.3843119], [-84.9172698, 31.3837868], [-84.9156703, 31.3821712], [-84.9140709, 31.38054], [-84.9127538, 31.37919], [-84.9117333, 31.3781365], [-84.9107201, 31.3770985], [-84.9094102, 31.3757423], [-84.9077037, 31.3740144], [-84.90614, 31.3724376], [-84.9043752, 31.3721415], [-84.9029429, 31.3720178], [-84.9007859, 31.3718149], [-84.8985193, 31.3716003], [-84.8963747, 31.371396], [-84.8944926, 31.3707989], [-84.8930938, 31.3684842], [-84.8922529, 31.3672284], [-84.8906542, 31.3645115], [-84.8896935, 31.3629704], [-84.8886592, 31.3612407], [-84.8876004, 31.3594589], [-84.8862529, 31.3572937], [-84.8851619, 31.3555051], [-84.8839488, 31.3535286], [-84.8828424, 31.3517049], [-84.8817488, 31.3498735], [-84.8804821, 31.3477994], [-84.8794465, 31.3458241], [-84.8785348, 31.3440523], [-84.877562, 31.3422178], [-84.8764353, 31.3400103], [-84.8753296, 31.3378873], [-84.8743332, 31.3362656], [-84.8736423, 31.335124], [-84.8726397, 31.333471], [-84.8714905, 31.3315569], [-84.8701133, 31.3292994], [-84.869066, 31.3275848], [-84.8679088, 31.3257188], [-84.8667149, 31.3237067], [-84.865681, 31.322059], [-84.8646066, 31.3203124], [-84.8635396, 31.3186007], [-84.8624604, 31.3168682], [-84.8612187, 31.3148649], [-84.8601579, 31.3131682], [-84.8591928, 31.3115914], [-84.8580295, 31.3097484], [-84.8567344, 31.3076965], [-84.855898, 31.3063327], [-84.8545948, 31.304252], [-84.8533772, 31.3022913], [-84.8534526, 31.3002221], [-84.8534966, 31.2978185], [-84.8535284, 31.2955559], [-84.8536924, 31.29376], [-84.8537272, 31.2924862], [-84.8537615, 31.2912324], [-84.853788, 31.2899612], [-84.8538281, 31.2887001], [-84.8524479, 31.2872579], [-84.8508821, 31.2856076], [-84.8493329, 31.2839808], [-84.8477754, 31.2823331], [-84.8462932, 31.2807772], [-84.8448711, 31.27928], [-84.8432713, 31.2775767], [-84.8416553, 31.2758909], [-84.8404775, 31.2746408], [-84.8391796, 31.2732842], [-84.8376823, 31.2717962], [-84.8363192, 31.270266], [-84.8346944, 31.2685451], [-84.8334194, 31.2672005], [-84.8321488, 31.2658523], [-84.830599, 31.2642172], [-84.8291295, 31.2626669], [-84.8277295, 31.2612069], [-84.8262132, 31.259597], [-84.824663, 31.257974], [-84.8231954, 31.2564083], [-84.8218513, 31.2550071], [-84.8203216, 31.2533661], [-84.8189123, 31.2518961], [-84.8172016, 31.2501088], [-84.8157299, 31.2485758], [-84.8142546, 31.2469407], [-84.8115335, 31.2439427], [-84.810205, 31.2425078], [-84.8088226, 31.2410048], [-84.8071009, 31.2391207], [-84.8062327, 31.238164], [-84.804722, 31.2365095], [-84.8031049, 31.234743], [-84.8016082, 31.23308], [-84.7999166, 31.2312571], [-84.7983505, 31.2296531], [-84.7968793, 31.2281697], [-84.7955615, 31.2268173], [-84.7946409, 31.2258586], [-84.7935199, 31.2247243], [-84.79212, 31.2233078], [-84.7907558, 31.2219378], [-84.7892265, 31.2203907], [-84.7879962, 31.2184514], [-84.7868917, 31.216742], [-84.7856749, 31.2148589], [-84.7847088, 31.2133637], [-84.7836809, 31.2117729], [-84.7826273, 31.2101421], [-84.7818455, 31.2076652], [-84.7810918, 31.2053894], [-84.780477, 31.203454], [-84.7798804, 31.2015418], [-84.7792052, 31.1994768], [-84.7785416, 31.1973382], [-84.7780204, 31.19573], [-84.7774011, 31.1938676], [-84.7767429, 31.1918197], [-84.7759642, 31.1899197], [-84.7751931, 31.1880879], [-84.7743185, 31.1860305], [-84.773587, 31.1841634], [-84.7727568, 31.1821252], [-84.7719087, 31.1800753], [-84.7709476, 31.1777483], [-84.7699926, 31.1754581], [-84.7691081, 31.1732239], [-84.7682019, 31.1710287], [-84.7673779, 31.1689759], [-84.7665476, 31.1669585], [-84.765791, 31.1651572], [-84.7650523, 31.1633584], [-84.7643059, 31.1615409], [-84.7635448, 31.1596876], [-84.7628381, 31.1579665], [-84.7620253, 31.1559872], [-84.7611013, 31.1537665], [-84.7602982, 31.1518044], [-84.759427, 31.1497028], [-84.7585954, 31.1476967], [-84.7578778, 31.1459353], [-84.7570768, 31.1439733], [-84.7563616, 31.1422362], [-84.7555535, 31.1402956], [-84.7548926, 31.1386593], [-84.7541012, 31.1366982], [-84.7532242, 31.1346021], [-84.7524415, 31.1326988], [-84.7515247, 31.1304648], [-84.7506567, 31.1283021], [-84.7496832, 31.1259436], [-84.7487777, 31.1237365], [-84.7480814, 31.1220484], [-84.7471287, 31.1197284], [-84.7462941, 31.1176815], [-84.7454485, 31.1155903], [-84.7442815, 31.1136778], [-84.7431135, 31.1116723], [-84.7421601, 31.1099976], [-84.7408414, 31.1077308], [-84.7395907, 31.1055787], [-84.7383509, 31.1037835], [-84.7371624, 31.1019731], [-84.7361417, 31.1004661], [-84.7350995, 31.0989592], [-84.7337847, 31.0969656], [-84.7323063, 31.0948307], [-84.7314394, 31.0935135], [-84.7299348, 31.0913201], [-84.7289757, 31.089865], [-84.7276797, 31.0879748], [-84.7263852, 31.0860253], [-84.7249974, 31.0839713], [-84.7237599, 31.0821562], [-84.7224059, 31.0801708], [-84.7208137, 31.0778262], [-84.7195155, 31.0759074], [-84.7179691, 31.073587], [-84.7156662, 31.0701961], [-84.7138888, 31.068705], [-84.7117834, 31.066925], [-84.7098647, 31.0653483], [-84.7084647, 31.0642125], [-84.7070022, 31.0630166], [-84.7046779, 31.0610422], [-84.7028489, 31.0595055], [-84.7009535, 31.0579487], [-84.6989412, 31.0562683], [-84.6969055, 31.054531], [-84.6945695, 31.0525866], [-84.6926429, 31.0509528], [-84.6906384, 31.049299], [-84.6886573, 31.0476184], [-84.6868399, 31.0461449], [-84.684695, 31.044364], [-84.6826983, 31.0426967], [-84.6804949, 31.0408322], [-84.6795516, 31.0400361], [-84.6776718, 31.0384681], [-84.6751487, 31.0364344], [-84.6729971, 31.0346102], [-84.6713891, 31.0332362], [-84.6696089, 31.0317418], [-84.6680808, 31.0305012], [-84.6661464, 31.0288704], [-84.6646606, 31.0275972], [-84.6627419, 31.0260165], [-84.6609596, 31.0245393], [-84.6591384, 31.0230254], [-84.656818, 31.0210737], [-84.6552073, 31.0197168], [-84.6529103, 31.017795], [-84.6513114, 31.0164615], [-84.6495408, 31.0149975], [-84.647626, 31.0133832], [-84.6456098, 31.0117087], [-84.6442526, 31.0105756], [-84.6422754, 31.0089244], [-84.6405361, 31.0074804], [-84.6387772, 31.0059929], [-84.6379037, 31.0052642], [-84.6367532, 31.0043049], [-84.6349749, 31.0027873], [-84.6331614, 31.0013366], [-84.6312856, 30.9997487], [-84.6298232, 30.9985286], [-84.6276782, 30.9967], [-84.6254328, 30.9966637], [-84.6230018, 30.9965819], [-84.6213512, 30.9965177], [-84.619281, 30.9963632], [-84.6172563, 30.996311], [-84.6153182, 30.9962611], [-84.6132943, 30.996209], [-84.6116404, 30.9961664], [-84.6100027, 30.9961243], [-84.6082529, 30.9960792], [-84.6069922, 30.9949571], [-84.6053803, 30.9935224], [-84.6031809, 30.9915844], [-84.6015012, 30.9901043], [-84.5995736, 30.9884056], [-84.5978335, 30.9868723], [-84.5963659, 30.985579], [-84.5947733, 30.9841755], [-84.5934578, 30.9830162], [-84.5917891, 30.9815457], [-84.5903939, 30.9803161], [-84.5889987, 30.9790866], [-84.587008, 30.977338], [-84.5850233, 30.9755946], [-84.5836397, 30.9743792], [-84.5818439, 30.9727855], [-84.5807999, 30.9718523], [-84.5797753, 30.9709365], [-84.5782295, 30.9695548], [-84.5769411, 30.9684031], [-84.5753707, 30.9669993], [-84.573825, 30.9656177], [-84.5724589, 30.9643964], [-84.5710416, 30.9631295], [-84.5696072, 30.9618472], [-84.5681727, 30.9605649], [-84.5668181, 30.9593439], [-84.5654024, 30.9580678], [-84.5638933, 30.9567475], [-84.5612091, 30.9543402], [-84.559739, 30.9530231], [-84.5582794, 30.9517153], [-84.5568392, 30.950425], [-84.5556209, 30.9493334], [-84.5542097, 30.948069], [-84.5528739, 30.9468721], [-84.5514827, 30.9456256], [-84.5501753, 30.9444541], [-84.5489788, 30.943382], [-84.548998, 30.9416892], [-84.5490177, 30.9399603], [-84.5490352, 30.9384256], [-84.5490548, 30.9367006], [-84.5490728, 30.9351153], [-84.5490903, 30.9335728], [-84.5491075, 30.9320614], [-84.5491299, 30.9300953], [-84.5491521, 30.928137], [-84.5491731, 30.926295], [-84.5491941, 30.9244455], [-84.5493735, 30.9222904], [-84.5493896, 30.9204634], [-84.5494057, 30.9191886], [-84.5494218, 30.9174697], [-84.5494433, 30.9159763], [-84.5494728, 30.9138201], [-84.551173, 30.9123844], [-84.552344, 30.9123707], [-84.5545986, 30.9123554], [-84.5565927, 30.9123315], [-84.5586902, 30.912323], [-84.5593417, 30.9123195], [-84.5614121, 30.9123024], [-84.563583, 30.9122837], [-84.5642311, 30.9122769], [-84.5667148, 30.9124045], [-84.5668198, 30.9124198], [-84.5669923, 30.9125521]]}}, {"type": "Feature", "properties": {"project_id": "GPC_20482", "route_mi": 126.58}, "geometry": {"type": "LineString", "coordinates": [[-83.7399508, 32.56338], [-83.7399151, 32.563366], [-83.7411151, 32.5631013], [-83.7432709, 32.5630978], [-83.7454344, 32.5630918], [-83.7497301, 32.5630831], [-83.7522928, 32.5630711], [-83.7539362, 32.5630692], [-83.7563187, 32.563058], [-83.7586761, 32.56304], [-83.7610531, 32.5630519], [-83.7629085, 32.5630373], [-83.7649854, 32.5630328], [-83.7674515, 32.5630283], [-83.770312, 32.5629415], [-83.7728824, 32.5628671], [-83.7759262, 32.5627724], [-83.7781167, 32.5627082], [-83.7803982, 32.5626417], [-83.7826743, 32.5625695], [-83.7851177, 32.5624985], [-83.7871464, 32.5624388], [-83.789468, 32.5623667], [-83.7934479, 32.5622449], [-83.7960678, 32.5621705], [-83.7984206, 32.5621022], [-83.8009938, 32.5620235], [-83.803211, 32.5619534], [-83.8046433, 32.5619129], [-83.8060756, 32.5618724], [-83.8081863, 32.5618001], [-83.8103646, 32.5617453], [-83.8128158, 32.5617606], [-83.8153786, 32.5617747], [-83.8155614, 32.5617757], [-83.8182366, 32.5617904], [-83.8208245, 32.5618012], [-83.8246594, 32.5618276], [-83.8267861, 32.5618492], [-83.8290711, 32.5618501], [-83.8315672, 32.5618676], [-83.833971, 32.5618765], [-83.8356229, 32.5620344], [-83.8355777, 32.5641967], [-83.8355401, 32.5665174], [-83.8355251, 32.5682801], [-83.8355138, 32.5711681], [-83.8355175, 32.572601], [-83.8355476, 32.5746933], [-83.8355326, 32.5764843], [-83.8354047, 32.5784941], [-83.8352392, 32.5810204], [-83.835115, 32.5830522], [-83.8349984, 32.5847892], [-83.8349156, 32.5866752], [-83.8329821, 32.5866308], [-83.8307288, 32.5865991], [-83.8275613, 32.5865547], [-83.8243074, 32.5865801], [-83.8242133, 32.5896482], [-83.8242021, 32.5922725], [-83.8241682, 32.5941013], [-83.8241531, 32.5959933], [-83.8241231, 32.5987632], [-83.8241118, 32.6005792], [-83.8241268, 32.6029465], [-83.8240817, 32.6057066], [-83.8240666, 32.6080136], [-83.8240704, 32.6097406], [-83.8240177, 32.6115373], [-83.8239011, 32.6132959], [-83.8238108, 32.6148866], [-83.8220014, 32.6163029], [-83.8200415, 32.6178745], [-83.8181004, 32.6193732], [-83.8155462, 32.6213978], [-83.8145681, 32.6221582], [-83.8147599, 32.6236949], [-83.8149807, 32.6253071], [-83.815374, 32.6283173], [-83.8155881, 32.6300394], [-83.8158852, 32.6322435], [-83.815457, 32.6330199], [-83.8141418, 32.6353197], [-83.8141462, 32.6365118], [-83.8141637, 32.6382522], [-83.814168, 32.6400109], [-83.8141855, 32.6421449], [-83.8141721, 32.6438585], [-83.814188, 32.6444988], [-83.8141654, 32.6469061], [-83.8141903, 32.6493557], [-83.8142106, 32.6514538], [-83.8142411, 32.6536202], [-83.8142665, 32.6552055], [-83.8142715, 32.6577948], [-83.8143071, 32.6597217], [-83.8143223, 32.661811], [-83.8143775, 32.6642243], [-83.8144371, 32.6661534], [-83.812855, 32.6672499], [-83.8109622, 32.66861], [-83.8089451, 32.6700683], [-83.8073138, 32.6712104], [-83.8055478, 32.673353], [-83.8034556, 32.6759293], [-83.8020859, 32.6771825], [-83.8008533, 32.6783508], [-83.7987974, 32.6802992], [-83.7972645, 32.6817594], [-83.7946363, 32.6842374], [-83.7929687, 32.6858218], [-83.7910578, 32.6876502], [-83.7889112, 32.688511], [-83.7866067, 32.6894524], [-83.7829712, 32.6909343], [-83.7806201, 32.691891], [-83.7781707, 32.6928839], [-83.7756147, 32.6939179], [-83.773337, 32.6947176], [-83.7718975, 32.6960101], [-83.7708222, 32.6968084], [-83.7696987, 32.6976352], [-83.7696589, 32.699109], [-83.7696152, 32.7018319], [-83.7696043, 32.7032067], [-83.7695669, 32.7048507], [-83.7695269, 32.706909], [-83.7694628, 32.709835], [-83.7693922, 32.7139682], [-83.7693434, 32.71625], [-83.7692999, 32.7184543], [-83.7692565, 32.7209385], [-83.7692258, 32.7223084], [-83.7691986, 32.7238047], [-83.7691534, 32.7261533], [-83.7671921, 32.7276115], [-83.7658207, 32.7286267], [-83.7643262, 32.7297393], [-83.76281, 32.7308534], [-83.7614223, 32.731896], [-83.7595859, 32.7332734], [-83.7590214, 32.734182], [-83.7572772, 32.7369777], [-83.7565879, 32.7380766], [-83.7554444, 32.7398982], [-83.7546411, 32.7411903], [-83.7539356, 32.7422956], [-83.7532924, 32.7433394], [-83.7518797, 32.7456023], [-83.7509643, 32.7470619], [-83.7494221, 32.7494734], [-83.7485953, 32.7508202], [-83.7476087, 32.7524487], [-83.7468164, 32.7537082], [-83.7458186, 32.7553188], [-83.745765, 32.75637], [-83.7456952, 32.7579985], [-83.7456899, 32.7593564], [-83.7457006, 32.7633082], [-83.745765, 32.7674041], [-83.7457006, 32.7694703], [-83.7456824, 32.7708873], [-83.7457007, 32.7738505], [-83.7456577, 32.7767004], [-83.7456845, 32.7806423], [-83.7457328, 32.7838985], [-83.7457743, 32.7908867], [-83.7458481, 32.7934137], [-83.745888, 32.7965685], [-83.7458942, 32.7986432], [-83.745596, 32.8000823], [-83.7451268, 32.8023877], [-83.7447272, 32.8042892], [-83.7443738, 32.806219], [-83.7440234, 32.8079732], [-83.746229, 32.8083732], [-83.7479418, 32.8087175], [-83.7502742, 32.8091513], [-83.7524925, 32.8095932], [-83.7546776, 32.810007], [-83.7571636, 32.8104808], [-83.7589021, 32.8108162], [-83.7616446, 32.8113192], [-83.7641385, 32.8118036], [-83.766759, 32.812304], [-83.7687921, 32.8126966], [-83.7722977, 32.8133606], [-83.7741725, 32.8137212], [-83.7771604, 32.8142895], [-83.7796241, 32.8147459], [-83.7817665, 32.8151638], [-83.7841004, 32.8156282], [-83.7865721, 32.8161046], [-83.7891689, 32.8166049], [-83.7920364, 32.8171519], [-83.7946554, 32.8176442], [-83.7972728, 32.8181459], [-83.7986824, 32.8184995], [-83.8030871, 32.8192657], [-83.8060241, 32.8198265], [-83.8080028, 32.8202102], [-83.8092629, 32.8204538], [-83.8122415, 32.8210259], [-83.8148289, 32.8215229], [-83.8167109, 32.821906], [-83.8186946, 32.8222968], [-83.8205612, 32.8226514], [-83.8213804, 32.8227059], [-83.8240503, 32.8233505], [-83.8251631, 32.8235524], [-83.8290182, 32.8243077], [-83.831563, 32.8247974], [-83.8337227, 32.8252151], [-83.8354017, 32.8255443], [-83.8379926, 32.8260506], [-83.8406888, 32.8265734], [-83.8441851, 32.8272595], [-83.8461867, 32.827669], [-83.8478526, 32.8279871], [-83.8505752, 32.8285127], [-83.8531035, 32.8290107], [-83.8542887, 32.8292403], [-83.8557041, 32.8295248], [-83.8582953, 32.8300273], [-83.860598, 32.8304681], [-83.8638396, 32.831116], [-83.8663783, 32.8316096], [-83.8700238, 32.8323192], [-83.8730031, 32.8329142], [-83.875652, 32.8334255], [-83.8780314, 32.8338788], [-83.8810912, 32.8344917], [-83.8854258, 32.8352972], [-83.8874965, 32.8354632], [-83.8892611, 32.8356121], [-83.8916648, 32.8357911], [-83.8949247, 32.8360984], [-83.8980157, 32.8363517], [-83.9006646, 32.8365577], [-83.9035747, 32.8368076], [-83.906304, 32.837044], [-83.9092664, 32.8372805], [-83.9128598, 32.8375979], [-83.9160755, 32.8378613], [-83.9180048, 32.8380167], [-83.921936, 32.8383645], [-83.923596, 32.8384963], [-83.9264057, 32.838736], [-83.9285923, 32.8389117], [-83.9313577, 32.8391481], [-83.9342398, 32.8393946], [-83.9370534, 32.8396445], [-83.9411775, 32.8399856], [-83.9439309, 32.8402389], [-83.9474118, 32.8405057], [-83.950125, 32.8407421], [-83.9536019, 32.8410562], [-83.9554589, 32.8412115], [-83.9593337, 32.8415492], [-83.9620951, 32.8417687], [-83.9653309, 32.8420828], [-83.9683817, 32.8423496], [-83.9705, 32.8425353], [-83.9734905, 32.8428089], [-83.9759224, 32.8430149], [-83.9788044, 32.8432783], [-83.9812844, 32.8434944], [-83.984697, 32.8437983], [-83.9874021, 32.8440381], [-83.9908107, 32.8443589], [-83.9935762, 32.8446021], [-83.9964863, 32.8448722], [-83.9989784, 32.845085], [-84.0022503, 32.8453855], [-84.0057232, 32.8456962], [-84.0080425, 32.8459123], [-84.0102492, 32.8461082], [-84.0131232, 32.8463952], [-84.0156153, 32.8466181], [-84.018847, 32.8469153], [-84.0220305, 32.8472293], [-84.0250009, 32.8474894], [-84.0279593, 32.8477696], [-84.0306001, 32.848006], [-84.0334178, 32.8482897], [-84.0349372, 32.8484247], [-84.0371158, 32.8486307], [-84.0389808, 32.8488063], [-84.040858, 32.8489785], [-84.0430888, 32.8491845], [-84.0455206, 32.8494108], [-84.0488448, 32.8497282], [-84.0522011, 32.8500456], [-84.0543998, 32.8502482], [-84.0561081, 32.85039], [-84.0585158, 32.8506129], [-84.0606984, 32.8508324], [-84.0636849, 32.8511059], [-84.0664061, 32.8513457], [-84.0691314, 32.8516192], [-84.072146, 32.8519163], [-84.0749235, 32.8521527], [-84.077496, 32.8523992], [-84.0836741, 32.8529766], [-84.085708, 32.8531556], [-84.0877861, 32.8533481], [-84.0904068, 32.8536013], [-84.0935621, 32.8538917], [-84.0960221, 32.8541213], [-84.099085, 32.8544151], [-84.1021237, 32.854692], [-84.1043666, 32.8549013], [-84.1066497, 32.8551208], [-84.1095398, 32.855401], [-84.1115114, 32.8555738], [-84.1141239, 32.8558187], [-84.1167364, 32.8560824], [-84.1207336, 32.8564592], [-84.123817, 32.8567418], [-84.1267154, 32.857029], [-84.128089, 32.8571797], [-84.1321367, 32.85758], [-84.135198, 32.8578328], [-84.1380657, 32.8581047], [-84.140597, 32.8583632], [-84.1436686, 32.8586524], [-84.1457415, 32.8588605], [-84.1484938, 32.8591142], [-84.1515702, 32.8594249], [-84.1546413, 32.8597214], [-84.1579953, 32.8600515], [-84.1609649, 32.8603449], [-84.1640009, 32.8606446], [-84.1662539, 32.8610529], [-84.1684706, 32.8614693], [-84.1711251, 32.8619679], [-84.1742871, 32.8625618], [-84.1767911, 32.8630359], [-84.179968, 32.8636375], [-84.1826572, 32.8641466], [-84.1838273, 32.8643682], [-84.1856951, 32.8647178], [-84.1877957, 32.8651109], [-84.1894991, 32.8654301], [-84.1931485, 32.8661348], [-84.1964251, 32.8667484], [-84.1994763, 32.8673221], [-84.2023261, 32.8678553], [-84.2049453, 32.8683561], [-84.2077674, 32.8688963], [-84.2105963, 32.869434], [-84.2134741, 32.8699701], [-84.2163745, 32.870518], [-84.2190478, 32.8710472], [-84.2245552, 32.8720749], [-84.2278707, 32.8726936], [-84.2305595, 32.8732093], [-84.2337701, 32.873813], [-84.2360473, 32.8742485], [-84.2391246, 32.8748271], [-84.2416985, 32.8753056], [-84.2447446, 32.8758652], [-84.2472493, 32.8763283], [-84.2494289, 32.8767477], [-84.2520802, 32.8772826], [-84.2542878, 32.8776858], [-84.2551213, 32.8778436], [-84.2570118, 32.8782114], [-84.2593779, 32.8781074], [-84.2639284, 32.8779137], [-84.2678651, 32.8777492], [-84.2702975, 32.8776596], [-84.2730785, 32.8775604], [-84.2770757, 32.8773764], [-84.2826177, 32.8771586], [-84.2855687, 32.8770352], [-84.2886668, 32.8769214], [-84.2919003, 32.876798], [-84.2946237, 32.8766745], [-84.2973529, 32.8765559], [-84.300304, 32.8764325], [-84.3025721, 32.8763429], [-84.305111, 32.8763333], [-84.3072588, 32.8762379], [-84.3116583, 32.875993], [-84.313777, 32.8758895], [-84.3162949, 32.8757811], [-84.3189653, 32.8757022], [-84.3204443, 32.8756382], [-84.3231851, 32.8755051], [-84.3257558, 32.8753868], [-84.3276398, 32.8753079], [-84.3301048, 32.8752142], [-84.3321546, 32.8751604], [-84.3348845, 32.8750351], [-84.3363187, 32.8749715], [-84.3380881, 32.8748988], [-84.3398467, 32.874828], [-84.343046, 32.8746972], [-84.3453628, 32.8746045], [-84.3486356, 32.874461], [-84.3515169, 32.8743393], [-84.3542122, 32.8742484], [-84.3576018, 32.873767], [-84.3595038, 32.8734833], [-84.3614483, 32.8732097], [-84.3633186, 32.8729254], [-84.366985, 32.8724162], [-84.3694131, 32.8720668], [-84.3719896, 32.8716985], [-84.3739308, 32.8714141], [-84.3784969, 32.8707641], [-84.3796352, 32.8706016], [-84.3813539, 32.8703606], [-84.3832822, 32.8700708], [-84.3847462, 32.8698568], [-84.3871066, 32.8695156], [-84.3888511, 32.8692691], [-84.3902667, 32.8690606], [-84.3937945, 32.8685541], [-84.3967643, 32.8681126], [-84.3990699, 32.867793], [-84.4013078, 32.867468], [-84.4033071, 32.8671944], [-84.4057256, 32.8668423], [-84.4077442, 32.8665471], [-84.4101723, 32.8662059], [-84.4126972, 32.8658456], [-84.4153478, 32.8654529], [-84.4178921, 32.8650791], [-84.4202718, 32.8647541], [-84.4225162, 32.8644155], [-84.4249959, 32.8640688], [-84.4276111, 32.8636896], [-84.4299909, 32.8633456], [-84.4336186, 32.8628229], [-84.4357178, 32.8625331], [-84.437917, 32.862208], [-84.4410964, 32.8617638], [-84.4437793, 32.8613738], [-84.4468685, 32.8609323], [-84.4489871, 32.8606235], [-84.4510412, 32.8603255], [-84.4539111, 32.8599165], [-84.4569229, 32.8594831], [-84.4598799, 32.8590552], [-84.4629142, 32.8586109], [-84.4653005, 32.8582913], [-84.4676964, 32.8579554], [-84.469012, 32.8571238], [-84.4702825, 32.856322], [-84.4719142, 32.8553089], [-84.474697, 32.8535942], [-84.4765673, 32.8524511], [-84.4786472, 32.8511535], [-84.4799822, 32.85033], [-84.4806529, 32.849436], [-84.4816461, 32.8481655], [-84.4825425, 32.8470385], [-84.4832971, 32.8459738], [-84.4852028, 32.8449444], [-84.4879502, 32.8434814], [-84.4900075, 32.8423869], [-84.4914715, 32.8416283], [-84.4938706, 32.8403387], [-84.4957538, 32.8393552], [-84.4986205, 32.8378353], [-84.4998749, 32.8371688], [-84.5017613, 32.8370469], [-84.5056792, 32.8368003], [-84.5073592, 32.8367109], [-84.5107483, 32.836505], [-84.5127218, 32.8363831], [-84.5144179, 32.8362828], [-84.5179876, 32.8360607], [-84.5199449, 32.8359279], [-84.5223666, 32.8366676], [-84.524124, 32.8372013], [-84.5263909, 32.8378841], [-84.527942, 32.838342], [-84.5302992, 32.8377757], [-84.5323726, 32.8372636], [-84.534317, 32.8367949], [-84.5373901, 32.8360309], [-84.5390347, 32.835638], [-84.5422141, 32.834855], [-84.5437607, 32.8344779], [-84.5453262, 32.8340786], [-84.5473706, 32.8335927], [-84.5490393, 32.8331717], [-84.5512642, 32.8326115], [-84.5529734, 32.832206], [-84.5551726, 32.8316551], [-84.5570439, 32.8312032], [-84.5591509, 32.830677], [-84.5613353, 32.8301384], [-84.5634902, 32.829606], [-84.5653284, 32.8291541], [-84.5684226, 32.8283988], [-84.5709754, 32.8277581], [-84.572843, 32.8272969], [-84.574519, 32.8268821], [-84.575753, 32.8265818], [-84.5774217, 32.826167], [-84.580015, 32.8255294], [-84.5823983, 32.8249227], [-84.5839307, 32.8245512], [-84.5856473, 32.8241271], [-84.5876843, 32.8236226], [-84.5900161, 32.8230437], [-84.5922557, 32.8224958], [-84.5937881, 32.8221212], [-84.5951732, 32.8217652], [-84.5969818, 32.8213133], [-84.5988936, 32.8208396], [-84.6007355, 32.8203846], [-84.6034171, 32.8197283], [-84.6055794, 32.8192051], [-84.6080109, 32.8185383], [-84.6102007, 32.8179733], [-84.6123415, 32.817463], [-84.614136, 32.8169754], [-84.6163398, 32.816348], [-84.6186156, 32.8156941], [-84.620509, 32.8151574], [-84.6222496, 32.8146736], [-84.6244803, 32.8140423], [-84.626981, 32.8133166], [-84.628807, 32.8128176], [-84.630471, 32.8123187], [-84.6327333, 32.8116723], [-84.6345188, 32.8111847], [-84.6370284, 32.8104741], [-84.6392232, 32.8098541], [-84.6413281, 32.8092455], [-84.6434329, 32.8086634], [-84.6450835, 32.8081871], [-84.6470894, 32.8076314], [-84.649617, 32.8068943], [-84.6523335, 32.8061345], [-84.654137, 32.8056053], [-84.6560619, 32.8050722], [-84.6574427, 32.8046715], [-84.6594756, 32.8040516], [-84.6604193, 32.8037783], [-84.6624619, 32.803114], [-84.6648385, 32.8022962], [-84.6667314, 32.8016918], [-84.6684662, 32.8010792], [-84.6702946, 32.8004775], [-84.6726453, 32.7996779], [-84.6739578, 32.7992279], [-84.6753669, 32.7987509], [-84.6769954, 32.7982088], [-84.6789269, 32.7975691], [-84.6808198, 32.796886], [-84.6831899, 32.7960945], [-84.6845829, 32.7956066], [-84.6870304, 32.7948069], [-84.6887491, 32.7942485], [-84.6908548, 32.7935546], [-84.6929895, 32.7929311], [-84.6953725, 32.7922453], [-84.6969009, 32.7918062], [-84.7000675, 32.7909008], [-84.7020894, 32.7903397], [-84.7036984, 32.7898517], [-84.7053301, 32.78938], [-84.7072713, 32.7888297], [-84.7096575, 32.7881385], [-84.7118954, 32.787496], [-84.7134271, 32.7870595], [-84.7155812, 32.7864469], [-84.7173837, 32.7859236], [-84.7195346, 32.7853137], [-84.7212565, 32.7848067], [-84.7236879, 32.7841181], [-84.7256291, 32.7835597], [-84.7268674, 32.7832072], [-84.7293342, 32.7824997], [-84.7319203, 32.7817568], [-84.7338196, 32.7812065], [-84.7355158, 32.7807212], [-84.7365477, 32.7804284], [-84.7381664, 32.7799594], [-84.7392499, 32.779653], [-84.7418232, 32.7789129], [-84.743745, 32.7783761], [-84.7453348, 32.7778908], [-84.7476984, 32.7772347], [-84.7499331, 32.7765867], [-84.7512068, 32.7762017], [-84.7536672, 32.7755049], [-84.7548506, 32.7751579], [-84.7571433, 32.7744936], [-84.7591136, 32.7739351], [-84.7611451, 32.7733223], [-84.7635894, 32.7726255], [-84.7650275, 32.7722215], [-84.7675814, 32.771484], [-84.7696516, 32.7708794], [-84.7717057, 32.7703073], [-84.7730472, 32.7699033], [-84.7746047, 32.7694559], [-84.7761493, 32.7690329], [-84.7782485, 32.7684282], [-84.7802574, 32.7678426], [-84.782089, 32.7673274], [-84.783524, 32.766899], [-84.7856941, 32.7662021], [-84.7881191, 32.7654022], [-84.790631, 32.7645941], [-84.7929076, 32.7638647], [-84.7939073, 32.7635285], [-84.7961742, 32.7628018], [-84.7982315, 32.7621591], [-84.8008241, 32.7612642], [-84.8033497, 32.7604387], [-84.8052336, 32.7598119], [-84.8067948, 32.7593134], [-84.8084734, 32.7587458], [-84.8104336, 32.7580992], [-84.8122765, 32.7575119], [-84.81436, 32.7568209], [-84.8161266, 32.7562582], [-84.8186268, 32.755424], [-84.8210919, 32.7546244], [-84.8236273, 32.7538248], [-84.8247483, 32.7534349], [-84.8275478, 32.7525119], [-84.829602, 32.7518406], [-84.8309108, 32.7514062], [-84.8333523, 32.7505918], [-84.8350426, 32.7500784], [-84.8365803, 32.749565], [-84.8384115, 32.7489776], [-84.8408941, 32.748178], [-84.8422968, 32.7476745], [-84.8449672, 32.7468057], [-84.8470038, 32.7461146], [-84.8487469, 32.7455815], [-84.8506015, 32.7449793], [-84.8522859, 32.7444313], [-84.854657, 32.7436365], [-84.8565879, 32.7430195], [-84.8579202, 32.74259], [-84.8600272, 32.7419137], [-84.862011, 32.7412325], [-84.8644701, 32.7404377], [-84.8660547, 32.7399144], [-84.867029, 32.7395886], [-84.8692064, 32.7388777], [-84.8713134, 32.7381717], [-84.8737608, 32.7373769], [-84.8761554, 32.7366067], [-84.8781274, 32.7359501], [-84.880833, 32.7350615], [-84.8822005, 32.7346024], [-84.8840434, 32.7340198], [-84.8868723, 32.7330768], [-84.8884041, 32.7325782], [-84.8896836, 32.7321585], [-84.8914443, 32.7315661], [-84.89334, 32.7309292], [-84.8952944, 32.7302824], [-84.8979766, 32.7294233], [-84.9002655, 32.7286334], [-84.9015508, 32.7282186], [-84.9037341, 32.7275225], [-84.9062813, 32.7266732], [-84.9075373, 32.7262832], [-84.9098321, 32.7255278], [-84.9121328, 32.7247526], [-84.9135531, 32.7243082], [-84.9152492, 32.7237354], [-84.9178023, 32.7228911], [-84.9198975, 32.7222048], [-84.9218343, 32.7215728], [-84.9232957, 32.7210987], [-84.9247923, 32.7205753], [-84.9265706, 32.7200174], [-84.9281025, 32.7194989], [-84.9303327, 32.718773], [-84.9318763, 32.7182645], [-84.9344821, 32.7174151], [-84.9357381, 32.7169806], [-84.9377277, 32.7163288], [-84.940228, 32.7155239], [-84.9420532, 32.7149363], [-84.9444595, 32.7141758], [-84.9461733, 32.7135931], [-84.9482803, 32.712882], [-84.9499119, 32.7123289], [-84.9529227, 32.7113709], [-84.954795, 32.7107092], [-84.9564148, 32.7101956], [-84.9581051, 32.7096475], [-84.959502, 32.7091734], [-84.9609634, 32.7086993], [-84.9632229, 32.7079437], [-84.96479, 32.7074054], [-84.9667855, 32.706714], [-84.9682234, 32.7062399], [-84.9696906, 32.7057708], [-84.9715277, 32.7051979], [-84.973218, 32.7046448], [-84.9748965, 32.7040916], [-84.9763168, 32.7035978], [-84.9781597, 32.7029804], [-84.9801963, 32.7023186], [-84.9822504, 32.701647], [-84.9844044, 32.700916], [-84.985948, 32.7004172], [-84.9877674, 32.6998344], [-84.9900739, 32.6990985], [-84.9924333, 32.6983083], [-84.994464, 32.6976366], [-84.9964066, 32.6969896], [-84.9974807, 32.6966438], [-85.0019177, 32.6951621], [-85.003966, 32.6945003], [-85.0062138, 32.6937693], [-85.0082152, 32.6930975], [-85.0097059, 32.6926036], [-85.0108856, 32.6922085], [-85.012482, 32.6916602], [-85.0143718, 32.6909094], [-85.0168955, 32.6899215], [-85.0188147, 32.6892053], [-85.0212973, 32.6882421], [-85.0233221, 32.6874221], [-85.0251826, 32.6867207], [-85.0270799, 32.6859552], [-85.0292959, 32.6851015], [-85.0310168, 32.684442], [-85.0326848, 32.6837704], [-85.0346749, 32.6830179], [-85.0368813, 32.6821561], [-85.0384003, 32.6815492], [-85.0404913, 32.68074], [-85.042616, 32.6799146], [-85.0440389, 32.6793806], [-85.0453704, 32.6788303], [-85.0475816, 32.6779644], [-85.0495477, 32.6771916], [-85.0522011, 32.6761517], [-85.0540518, 32.6754356], [-85.0558544, 32.674776], [-85.0583108, 32.6738211], [-85.0597048, 32.6732668], [-85.0616853, 32.6725141], [-85.0634014, 32.6718303], [-85.0653915, 32.6710372], [-85.0673287, 32.6702846], [-85.0691313, 32.6695886], [-85.0710493, 32.6688359], [-85.0727366, 32.6681844], [-85.0751929, 32.6672618], [-85.0768273, 32.6666103], [-85.0783799, 32.6660195], [-85.079625, 32.6655298], [-85.0812257, 32.6649633], [-85.0823986, 32.6645182], [-85.0847636, 32.6636481], [-85.0882823, 32.662256], [-85.0917385, 32.6610419], [-85.0924688, 32.6607476], [-85.0946152, 32.6599329], [-85.0967556, 32.6593661], [-85.1012886, 32.657476], [-85.1032144, 32.6567399], [-85.1068702, 32.6558163], [-85.1100943, 32.6549649], [-85.1124749, 32.6543676], [-85.1140988, 32.6575686], [-85.1153548, 32.6601413], [-85.1175857, 32.6646681], [-85.1192039, 32.6679511], [-85.1200077, 32.6694933], [-85.1207668, 32.6710512], [-85.1228201, 32.6752673], [-85.1244441, 32.6783577], [-85.1251213, 32.6801744], [-85.1261641, 32.6831279], [-85.1285785, 32.6866421], [-85.131023, 32.6901167], [-85.1325108, 32.6923023], [-85.1338128, 32.6965739], [-85.1338176, 32.6965844], [-85.1349786, 32.6995599], [-85.136717, 32.7030401], [-85.1384858, 32.7065781], [-85.1403912, 32.7103553], [-85.1425263, 32.7146592], [-85.1441791, 32.7179375], [-85.1456215, 32.7208366], [-85.1470905, 32.7237579], [-85.1484016, 32.7275561], [-85.1494919, 32.7306879], [-85.1506027, 32.7338613], [-85.1519436, 32.7377243], [-85.1522008, 32.7384593], [-85.1531192, 32.7410841], [-85.1544875, 32.7450325], [-85.1559585, 32.7492513], [-85.1571534, 32.7526767], [-85.1583619, 32.7561019], [-85.1595499, 32.7595356], [-85.1609121, 32.7635289], [-85.1620284, 32.7660236], [-85.1636637, 32.7697554], [-85.1646332, 32.7720117], [-85.1650122, 32.772824], [-85.1661114, 32.7754735], [-85.1672005, 32.7780166], [-85.1690713, 32.7823134], [-85.1702013, 32.784951], [-85.1707373, 32.7864664], [-85.1715737, 32.7883004], [-85.1728573, 32.7915721], [-85.1744755, 32.7957333], [-85.175783, 32.7991196], [-85.1776952, 32.8039145], [-85.1783947, 32.8058802], [-85.1794964, 32.8087724], [-85.1811897, 32.8131882], [-85.1827327, 32.8171217], [-85.1839515, 32.8203695], [-85.1851703, 32.823508], [-85.1864675, 32.8268559], [-85.1873347, 32.8291107], [-85.1883486, 32.8317269], [-85.1894615, 32.8346184], [-85.1908647, 32.83829], [-85.1907656, 32.8404613], [-85.1906291, 32.8425322], [-85.190414, 32.8448067], [-85.1902706, 32.846605], [-85.1900897, 32.8472647], [-85.1884101, 32.8487073], [-85.1881676, 32.848929], [-85.1866322, 32.8503066], [-85.1848275, 32.851846], [-85.1833605, 32.8530973], [-85.1819367, 32.8542816], [-85.1804351, 32.8555454], [-85.1784822, 32.8571975], [-85.176485, 32.8588497], [-85.1756058, 32.8595853], [-85.1737283, 32.8611691], [-85.1723564, 32.8623408], [-85.1711348, 32.8634036], [-85.1692112, 32.8650708], [-85.1682925, 32.8658509], [-85.1662218, 32.8675696], [-85.1645262, 32.8689927], [-85.1632945, 32.8700324], [-85.1615213, 32.8715194], [-85.1603674, 32.8724814], [-85.1590377, 32.873622], [-85.1574841, 32.8749125], [-85.1559928, 32.8761602], [-85.1546489, 32.8772746], [-85.1541074, 32.8792651], [-85.1518591, 32.8798675], [-85.1502686, 32.8815247], [-85.1510208, 32.8833428], [-85.1537596, 32.8834213], [-85.1552197, 32.8834666], [-85.1571929, 32.8835118], [-85.1591917, 32.883569], [-85.1611054, 32.8835999], [-85.1632233, 32.8836475], [-85.1657948, 32.8834904], [-85.1659077, 32.8834421]]}}, {"type": "Feature", "properties": {"project_id": "GPC_20783", "route_mi": 6.14}, "geometry": {"type": "LineString", "coordinates": [[-81.226912, 32.1077199], [-81.2270451, 32.1077345], [-81.227063, 32.1058023], [-81.2285919, 32.1046481], [-81.2302549, 32.1033439], [-81.2319071, 32.1020761], [-81.2338329, 32.1015671], [-81.2357212, 32.1010491], [-81.2358017, 32.0988405], [-81.2358499, 32.0966092], [-81.2358818, 32.0947895], [-81.2362702, 32.0927036], [-81.2365996, 32.0906095], [-81.2374499, 32.0887766], [-81.2360216, 32.0883515], [-81.2331959, 32.0875118], [-81.2301949, 32.0866114], [-81.2275471, 32.0858333], [-81.2245724, 32.0849493], [-81.2216171, 32.0840711], [-81.2186576, 32.0831916], [-81.2157024, 32.0823134], [-81.2140784, 32.0818308], [-81.2127678, 32.0814413], [-81.2098095, 32.0805622], [-81.2068469, 32.0796818], [-81.2037668, 32.0787664], [-81.200789, 32.0778815], [-81.1978281, 32.0770015], [-81.1948823, 32.076144], [-81.1919191, 32.0752675], [-81.1881972, 32.0741674], [-81.1856777, 32.0734057], [-81.18324, 32.0726874], [-81.1802862, 32.0718149], [-81.1799328, 32.0738831], [-81.1816962, 32.0754783], [-81.1834595, 32.0770736], [-81.1851859, 32.0786226], [-81.1866666, 32.0799585], [-81.1880339, 32.0816549], [-81.1887371, 32.0833508], [-81.1887223, 32.0835097]]}}, {"type": "Feature", "properties": {"project_id": "GPC_20274", "route_mi": 90.06}, "geometry": {"type": "LineString", "coordinates": [[-84.5090666, 33.5531702], [-84.5092184, 33.5530377], [-84.5081825, 33.5520785], [-84.5037032, 33.5531556], [-84.4990661, 33.5542671], [-84.494228, 33.5554365], [-84.4903813, 33.5563721], [-84.4852781, 33.5576294], [-84.4805242, 33.5588019], [-84.4755102, 33.5600521], [-84.4705151, 33.5612922], [-84.4675283, 33.562026], [-84.4640945, 33.5629573], [-84.4613435, 33.5647596], [-84.4590352, 33.5663401], [-84.4560231, 33.5684072], [-84.4525149, 33.5708174], [-84.4496784, 33.5720127], [-84.4469753, 33.5732032], [-84.4441819, 33.5744218], [-84.4409223, 33.5758376], [-84.4359838, 33.5779828], [-84.4313183, 33.5800056], [-84.4296088, 33.580293], [-84.4249433, 33.5823094], [-84.4216115, 33.5837809], [-84.4190007, 33.5849091], [-84.4169814, 33.5857956], [-84.4132913, 33.5873935], [-84.4108418, 33.5884533], [-84.4080302, 33.5891676], [-84.4043925, 33.5900866], [-84.4002997, 33.591124], [-84.3965346, 33.5920795], [-84.3930827, 33.5929439], [-84.3886767, 33.5940632], [-84.385141, 33.594967], [-84.3808042, 33.595149], [-84.376715, 33.5953371], [-84.3749665, 33.5950406], [-84.3708939, 33.5933209], [-84.3661009, 33.593144], [-84.3610244, 33.5929488], [-84.3572756, 33.5946793], [-84.3530716, 33.594645], [-84.3505657, 33.5946192], [-84.3469738, 33.5945647], [-84.3428129, 33.5945116], [-84.3382389, 33.5947979], [-84.3359155, 33.5949217], [-84.3356296, 33.5967769], [-84.3355724, 33.5986012], [-84.3355899, 33.6013522], [-84.335476, 33.6026653], [-84.3323065, 33.6025993], [-84.3328202, 33.6044867], [-84.3330738, 33.60584], [-84.3330958, 33.6071479], [-84.3326146, 33.6084764], [-84.331934, 33.6103369], [-84.3312094, 33.6122903], [-84.3306708, 33.6137354], [-84.3301356, 33.6151715], [-84.329663, 33.6164626], [-84.3292176, 33.6176712], [-84.3288501, 33.6186646], [-84.3283486, 33.6200211], [-84.3279562, 33.6210534], [-84.3273239, 33.6227807], [-84.3267789, 33.6242357], [-84.3263023, 33.6255298], [-84.3258258, 33.6268291], [-84.325376, 33.6280226], [-84.3247754, 33.629638], [-84.3243821, 33.6309102], [-84.3239859, 33.6321824], [-84.3235296, 33.6336445], [-84.3230733, 33.6351715], [-84.322569, 33.6367835], [-84.3222058, 33.6379781], [-84.3218154, 33.6391882], [-84.3212216, 33.6411593], [-84.3212026, 33.6429337], [-84.3211643, 33.6442466], [-84.3211601, 33.6455383], [-84.321135, 33.6464298], [-84.3210884, 33.6491053], [-84.3210529, 33.6512454], [-84.3210412, 33.6535052], [-84.321013, 33.6554066], [-84.3209797, 33.6575101], [-84.3209452, 33.6596585], [-84.3209292, 33.6607653], [-84.320915, 33.662264], [-84.3208845, 33.6637094], [-84.3208595, 33.6657088], [-84.3202592, 33.6669871], [-84.3182298, 33.6668701], [-84.3161007, 33.666502], [-84.3139896, 33.6661526], [-84.3121501, 33.665836], [-84.3099648, 33.6654694], [-84.3071917, 33.6650021], [-84.3056914, 33.6647481], [-84.3032535, 33.6643313], [-84.2999394, 33.6637684], [-84.2984391, 33.6635202], [-84.2964217, 33.6631867], [-84.2941483, 33.6626595], [-84.2910251, 33.6620453], [-84.2897741, 33.6618443], [-84.2876426, 33.6615208], [-84.2851486, 33.6608901], [-84.283461, 33.6604858], [-84.2798851, 33.6596152], [-84.2785543, 33.6592998], [-84.2753619, 33.65851], [-84.273774, 33.6581316], [-84.2709506, 33.6574542], [-84.2687067, 33.656913], [-84.2663769, 33.6563549], [-84.2640009, 33.6557899], [-84.2620356, 33.6553085], [-84.2591023, 33.6546074], [-84.2566342, 33.6540284], [-84.2545558, 33.6535157], [-84.2530974, 33.6531699], [-84.2516988, 33.6528295], [-84.2490854, 33.6522154], [-84.2466201, 33.6516875], [-84.244826, 33.651393], [-84.24318, 33.6510783], [-84.2421548, 33.6508884], [-84.2399599, 33.6507128], [-84.2383094, 33.6505402], [-84.2368398, 33.6504095], [-84.2347904, 33.6502145], [-84.2332504, 33.6500418], [-84.2316266, 33.6498564], [-84.229031, 33.6495752], [-84.2264265, 33.6492842], [-84.2243197, 33.6490548], [-84.22221, 33.6488279], [-84.2199245, 33.6485563], [-84.2173295, 33.6482712], [-84.2145616, 33.6479656], [-84.212053, 33.6476727], [-84.2101862, 33.6474595], [-84.2082268, 33.6472463], [-84.2051504, 33.6469072], [-84.2020987, 33.6465656], [-84.1996055, 33.6462933], [-84.1972172, 33.6460236], [-84.1950387, 33.645777], [-84.192709, 33.645515], [-84.190978, 33.6453275], [-84.1879386, 33.6449807], [-84.1852973, 33.6446853], [-84.1833163, 33.6444746], [-84.1803208, 33.6441406], [-84.1776429, 33.6438308], [-84.1754097, 33.6435856], [-84.173249, 33.6433395], [-84.1706359, 33.6430545], [-84.1684608, 33.6427995], [-84.1667798, 33.6426127], [-84.1644347, 33.6423438], [-84.1623798, 33.6421023], [-84.1601125, 33.6418483], [-84.1578303, 33.6415893], [-84.1552938, 33.641293], [-84.1527034, 33.6409941], [-84.1500264, 33.6406829], [-84.1476006, 33.6404164], [-84.1453333, 33.6401574], [-84.1431931, 33.6399109], [-84.1399343, 33.6395343], [-84.1367155, 33.6391491], [-84.1339532, 33.6388458], [-84.1318064, 33.6385922], [-84.129837, 33.6383719], [-84.1284017, 33.6382624], [-84.1266142, 33.6383458], [-84.1248226, 33.6384334], [-84.1222676, 33.6391593], [-84.1202705, 33.6394027], [-84.117058, 33.6397422], [-84.114441, 33.6400273], [-84.1124446, 33.6402501], [-84.1097115, 33.6405327], [-84.1063651, 33.6408846], [-84.1035069, 33.6411994], [-84.1012412, 33.6414299], [-84.0992405, 33.641653], [-84.0975524, 33.6433855], [-84.0958495, 33.6451279], [-84.0948372, 33.6461689], [-84.0932474, 33.6477873], [-84.0919791, 33.6490711], [-84.0901242, 33.6509671], [-84.0891507, 33.651946], [-84.087933, 33.6531827], [-84.0860097, 33.6551579], [-84.0845032, 33.6566621], [-84.0832617, 33.6579309], [-84.081782, 33.6594351], [-84.080478, 33.6607064], [-84.0793688, 33.6621239], [-84.078544, 33.66314], [-84.0768307, 33.6652159], [-84.0749801, 33.6674842], [-84.0731276, 33.6697416], [-84.0711594, 33.672158], [-84.0692521, 33.6744856], [-84.0682192, 33.6757534], [-84.0671681, 33.6770389], [-84.0660835, 33.6783674], [-84.0648282, 33.6799521], [-84.0632652, 33.6811209], [-84.0620191, 33.6820893], [-84.0604378, 33.6832936], [-84.0590698, 33.6843533], [-84.0577467, 33.685358], [-84.0560737, 33.6866427], [-84.0554261, 33.6871421], [-84.0537989, 33.6883998], [-84.0513645, 33.6902885], [-84.0497132, 33.6915636], [-84.0482659, 33.6926815], [-84.0456518, 33.6946842], [-84.0439091, 33.6960378], [-84.0425398, 33.697308], [-84.0409717, 33.6982775], [-84.0396831, 33.699344], [-84.0351777, 33.7021143], [-84.0310485, 33.7046805], [-84.0276554, 33.7068154], [-84.0233137, 33.7095148], [-84.0216574, 33.7105446], [-84.0200349, 33.7139292], [-84.0184785, 33.7171244], [-84.016798, 33.720623], [-84.0150205, 33.7242635], [-84.0132913, 33.7279197], [-84.0119446, 33.7301333], [-84.0104321, 33.732702], [-84.0085208, 33.7360137], [-84.0066518, 33.7392377], [-84.0044114, 33.7430663], [-84.0024873, 33.7463749], [-84.0012842, 33.7484471], [-84.0009141, 33.7491563], [-83.9992816, 33.7523935], [-83.9975951, 33.7557378], [-83.9952203, 33.7603994], [-83.9937966, 33.7632118], [-83.991765, 33.7672554], [-83.9889633, 33.7702142], [-83.9866318, 33.7727385], [-83.9840097, 33.7755506], [-83.9819362, 33.7777436], [-83.9786545, 33.7812802], [-83.97663, 33.7834242], [-83.9738087, 33.7864774], [-83.9706119, 33.7897178], [-83.968104, 33.792203], [-83.9650444, 33.7953202], [-83.9628998, 33.7974792], [-83.9602506, 33.8001306], [-83.958028, 33.8029077], [-83.9558332, 33.8056147], [-83.9534269, 33.8085786], [-83.9503829, 33.8123279], [-83.9475431, 33.8158435], [-83.9453231, 33.8185629], [-83.9432335, 33.8212053], [-83.9401475, 33.8244454], [-83.9376317, 33.8271211], [-83.9353475, 33.8295484], [-83.9321052, 33.8329796], [-83.9296937, 33.8355544], [-83.9274168, 33.8379799], [-83.924736, 33.8408353], [-83.9219834, 33.8437528], [-83.9189316, 33.8469981], [-83.9159273, 33.8502045], [-83.913842, 33.8524927], [-83.9094593, 33.8544597], [-83.9058991, 33.8561313], [-83.9013932, 33.8582184], [-83.8982726, 33.859657], [-83.8946045, 33.8613564], [-83.8912325, 33.8629191], [-83.8858979, 33.865406], [-83.8834116, 33.8665687], [-83.8815932, 33.867399], [-83.8776066, 33.8692528], [-83.8736983, 33.8710608], [-83.8704413, 33.8725519], [-83.8661081, 33.8745787], [-83.863639, 33.875699], [-83.8611575, 33.8784211], [-83.8576462, 33.8821653], [-83.854349, 33.8857138], [-83.851812, 33.8884394], [-83.8484248, 33.892088], [-83.8460612, 33.894619], [-83.8423359, 33.8986097], [-83.8399009, 33.9012204], [-83.8361353, 33.9052649], [-83.8343662, 33.9071868], [-83.8334976, 33.9080698], [-83.8305212, 33.911279], [-83.8278262, 33.914165], [-83.8258653, 33.9162692], [-83.8233099, 33.9189907], [-83.8204665, 33.9219824], [-83.8178826, 33.9246824], [-83.8151681, 33.9275171], [-83.8140964, 33.9286419], [-83.8101331, 33.9327977], [-83.8080096, 33.9350145], [-83.8049281, 33.9382383], [-83.8034067, 33.939825], [-83.799843, 33.9401985], [-83.7944054, 33.940776], [-83.7901209, 33.9413205], [-83.7851143, 33.9419589], [-83.7814513, 33.9454951], [-83.7780109, 33.9488129], [-83.7747413, 33.9519781], [-83.7710753, 33.9555249], [-83.7688664, 33.9576391], [-83.7655297, 33.9608623], [-83.7626219, 33.9636821], [-83.7603453, 33.9658386], [-83.7575445, 33.9697615], [-83.755196, 33.9730159], [-83.7529583, 33.9760813], [-83.7510701, 33.9787223], [-83.7521356, 33.9810468], [-83.7538012, 33.9846708], [-83.7535645, 33.9868715], [-83.7531901, 33.9901948], [-83.7533047, 33.9922425], [-83.7536638, 33.9943567], [-83.7534281, 33.995251], [-83.7526879, 33.9971341], [-83.752067, 33.997646], [-83.7489211, 34.0002399], [-83.7458152, 34.0028007], [-83.7426544, 34.0054164], [-83.7389583, 34.008475], [-83.7356374, 34.0112231], [-83.7330112, 34.0134072], [-83.7288139, 34.0168886], [-83.7257753, 34.0193676], [-83.7236963, 34.0210992], [-83.7176756, 34.0226067], [-83.7131566, 34.0237559], [-83.708893, 34.0248539], [-83.7038969, 34.0261194], [-83.6998298, 34.0271476], [-83.6933684, 34.0287806], [-83.6879339, 34.0301571], [-83.6846695, 34.0309976], [-83.6798172, 34.0312612], [-83.6759649, 34.0314509], [-83.6707629, 34.0317538], [-83.6670713, 34.0319702], [-83.662982, 34.0321999], [-83.6588846, 34.0324396], [-83.6544258, 34.0326726], [-83.6484659, 34.0330056], [-83.6438218, 34.0332551], [-83.6394731, 34.0334552], [-83.6346926, 34.0336577], [-83.6302303, 34.0338624], [-83.6269354, 34.0340013], [-83.6218424, 34.0341543], [-83.6163945, 34.0343167], [-83.6112192, 34.0344674], [-83.6070238, 34.0345921], [-83.6032852, 34.0346984], [-83.5991393, 34.0347836], [-83.5968102, 34.0351588], [-83.591343, 34.0359444], [-83.5868601, 34.0365936], [-83.5840723, 34.0369897], [-83.5796014, 34.0376288], [-83.5750461, 34.0382779], [-83.5711429, 34.0388393], [-83.5669203, 34.0394941], [-83.5629948, 34.0397813], [-83.5570469, 34.0402615], [-83.5538031, 34.0405274], [-83.5486733, 34.0409511], [-83.5449154, 34.04125], [-83.5412228, 34.0415489], [-83.5357834, 34.0419797], [-83.533173, 34.0421585], [-83.5272445, 34.0433315], [-83.525339, 34.0436978], [-83.5213564, 34.0444752], [-83.5174409, 34.0452408], [-83.5135751, 34.0460181], [-83.5077834, 34.0471093], [-83.5028891, 34.0480598], [-83.4985704, 34.0488828], [-83.4939114, 34.0498141], [-83.4881914, 34.0509321], [-83.4831978, 34.051903], [-83.4792069, 34.052681], [-83.4785637, 34.0528064], [-83.473126, 34.0538535], [-83.4684813, 34.054751], [-83.464311, 34.0555694], [-83.4590751, 34.05659], [-83.454218, 34.0575256], [-83.4478822, 34.0587573], [-83.441036, 34.0600975], [-83.435937, 34.0610854], [-83.4311537, 34.0619842], [-83.4270087, 34.0627467], [-83.4227192, 34.0635425], [-83.4197599, 34.0641547], [-83.4159406, 34.0649088], [-83.4107744, 34.0659439], [-83.4078823, 34.0665032], [-83.4032175, 34.0674332], [-83.401498, 34.0677773], [-83.4008373, 34.0648907], [-83.3999656, 34.0609547], [-83.3992436, 34.057691], [-83.398465, 34.0541512], [-83.3978582, 34.0526698], [-83.3976045, 34.0507382], [-83.3970906, 34.0483792], [-83.3966021, 34.0462103], [-83.3960501, 34.0437348], [-83.395737, 34.0418988], [-83.3953194, 34.0399849], [-83.3949428, 34.038336], [-83.3943991, 34.0359009], [-83.3938022, 34.0331742], [-83.3932123, 34.030521], [-83.3926616, 34.0280091], [-83.3921358, 34.0258186], [-83.392755, 34.0234], [-83.3931885, 34.0215858], [-83.3936042, 34.0198806], [-83.3941159, 34.0177277], [-83.3947377, 34.0152684], [-83.3952778, 34.0125705], [-83.3954886, 34.0111577], [-83.3959887, 34.0080521], [-83.3962626, 34.0063158], [-83.396475, 34.0049677], [-83.3968971, 34.0024942], [-83.3971423, 34.0002763], [-83.3963314, 33.9987291], [-83.3954132, 33.996871], [-83.3943865, 33.9948329], [-83.3934808, 33.9929365], [-83.391757, 33.9909433], [-83.3900708, 33.9889881], [-83.3897021, 33.9874573], [-83.3890698, 33.9849996], [-83.3883013, 33.9821093], [-83.3864439, 33.9805699], [-83.3853505, 33.9788682], [-83.386829, 33.978125], [-83.3887534, 33.9771971], [-83.3902336, 33.9764765], [-83.3926248, 33.9753051], [-83.394312, 33.9745088], [-83.3928106, 33.9714399], [-83.3929946, 33.9711849]]}}, {"type": "Feature", "properties": {"project_id": "GPC_21047", "route_mi": 11.51}, "geometry": {"type": "LineString", "coordinates": [[-83.6563782, 32.7748249], [-83.6563129, 32.774838], [-83.6552354, 32.7746971], [-83.6540503, 32.7728376], [-83.6524354, 32.7727718], [-83.6507339, 32.77272], [-83.6480002, 32.7726892], [-83.6460872, 32.772678], [-83.6438635, 32.7724934], [-83.6420493, 32.7724746], [-83.6396742, 32.7724475], [-83.6383091, 32.7724267], [-83.6369664, 32.7707217], [-83.6368275, 32.769455], [-83.6353855, 32.7685931], [-83.6337227, 32.768518], [-83.6318414, 32.7684574], [-83.6300743, 32.7670905], [-83.6300843, 32.7655858], [-83.6301264, 32.763695], [-83.6301835, 32.7604204], [-83.6302282, 32.757081], [-83.6302654, 32.7540712], [-83.6302481, 32.7524661], [-83.630253, 32.7509549], [-83.6302406, 32.7493727], [-83.6297351, 32.7474914], [-83.6293918, 32.7459598], [-83.6288235, 32.743887], [-83.6282626, 32.7416429], [-83.6277488, 32.7396263], [-83.6274436, 32.7382965], [-83.6269199, 32.7362819], [-83.6264161, 32.7343258], [-83.6260115, 32.7328059], [-83.6256194, 32.7311983], [-83.6250684, 32.7290312], [-83.6247234, 32.7276177], [-83.6243958, 32.7256572], [-83.6240558, 32.7236904], [-83.623619, 32.7211827], [-83.6233162, 32.7192721], [-83.623001, 32.7173866], [-83.6252418, 32.7164501], [-83.627028, 32.7164512], [-83.6288458, 32.7164523], [-83.63044, 32.7164533], [-83.6328845, 32.7164818], [-83.6345195, 32.7164864], [-83.6369231, 32.7164931], [-83.6385083, 32.7164976], [-83.6403115, 32.7165026], [-83.6426316, 32.7165091], [-83.645092, 32.7165191], [-83.6474489, 32.7165507], [-83.6486197, 32.7165552], [-83.6511925, 32.7164572], [-83.6535978, 32.7163195], [-83.6561549, 32.7163367], [-83.6574413, 32.7163367], [-83.6591603, 32.7147322], [-83.659183, 32.7134974], [-83.6591875, 32.7124054], [-83.6594729, 32.710294], [-83.6602158, 32.7082739], [-83.6612531, 32.706614], [-83.6625893, 32.7051713], [-83.6643491, 32.7037229], [-83.6657624, 32.7025947], [-83.6672028, 32.7014435], [-83.6688517, 32.7001628], [-83.6698006, 32.6993813], [-83.6713362, 32.6981768], [-83.6722741, 32.6974239], [-83.6736604, 32.6962528], [-83.6754493, 32.6948515], [-83.6764068, 32.6940966], [-83.6781966, 32.6926805], [-83.6799881, 32.6912702], [-83.6808878, 32.6905329], [-83.6818638, 32.6897536], [-83.6835179, 32.6886307], [-83.6845906, 32.6880161], [-83.6867177, 32.6870524], [-83.6877098, 32.6866215], [-83.6890092, 32.686038], [-83.6903019, 32.6854756], [-83.6914754, 32.6849867], [-83.692627, 32.6844851], [-83.6938156, 32.683975], [-83.6961088, 32.6829831], [-83.6969633, 32.6826143], [-83.6991407, 32.6814755], [-83.6998827, 32.6809809], [-83.70112, 32.6800794], [-83.7024916, 32.6789617], [-83.703765, 32.6779345], [-83.7057419, 32.6770395], [-83.7064172, 32.6764942], [-83.7081407, 32.6761115], [-83.7079876, 32.6760008]]}}, {"type": "Feature", "properties": {"project_id": "GPC_21036", "route_mi": 2.85}, "geometry": {"type": "LineString", "coordinates": [[-82.5980022, 34.0241996], [-82.5980449, 34.0242567], [-82.5995693, 34.0229884], [-82.6017092, 34.0218125], [-82.6014607, 34.0205789], [-82.6021272, 34.0195358], [-82.6036387, 34.0163175], [-82.6047838, 34.0148409], [-82.607042, 34.013834], [-82.6091005, 34.0126773], [-82.6126587, 34.0112317], [-82.6156602, 34.0100985], [-82.6194019, 34.0098072], [-82.6220044, 34.0096738], [-82.6246441, 34.0083509], [-82.6291039, 34.0061627], [-82.631779, 34.0048331], [-82.6347742, 34.0033553], [-82.6364068, 34.002018], [-82.6362788, 34.0018324]]}}, {"type": "Feature", "properties": {"project_id": "GPC_21138", "route_mi": 49.22}, "geometry": {"type": "LineString", "coordinates": [[-83.8151927, 33.9279706], [-83.8152972, 33.9278333], [-83.8151681, 33.9275171], [-83.8178826, 33.9246824], [-83.8204665, 33.9219824], [-83.8233099, 33.9189907], [-83.8258653, 33.9162692], [-83.8278262, 33.914165], [-83.8305212, 33.911279], [-83.8334976, 33.9080698], [-83.8343662, 33.9071868], [-83.8361353, 33.9052649], [-83.8399009, 33.9012204], [-83.8423359, 33.8986097], [-83.8460612, 33.894619], [-83.8484248, 33.892088], [-83.851812, 33.8884394], [-83.854349, 33.8857138], [-83.8576462, 33.8821653], [-83.8611575, 33.8784211], [-83.863639, 33.875699], [-83.8661081, 33.8745787], [-83.8704413, 33.8725519], [-83.8736983, 33.8710608], [-83.8776066, 33.8692528], [-83.8815932, 33.867399], [-83.8834116, 33.8665687], [-83.8858979, 33.865406], [-83.8912325, 33.8629191], [-83.8946045, 33.8613564], [-83.8982726, 33.859657], [-83.9013932, 33.8582184], [-83.9058991, 33.8561313], [-83.9094593, 33.8544597], [-83.913842, 33.8524927], [-83.9159273, 33.8502045], [-83.9189316, 33.8469981], [-83.9219834, 33.8437528], [-83.924736, 33.8408353], [-83.9274168, 33.8379799], [-83.9296937, 33.8355544], [-83.9321052, 33.8329796], [-83.9353475, 33.8295484], [-83.9376317, 33.8271211], [-83.9401475, 33.8244454], [-83.9432335, 33.8212053], [-83.9453231, 33.8185629], [-83.9475431, 33.8158435], [-83.9503829, 33.8123279], [-83.9534269, 33.8085786], [-83.9558332, 33.8056147], [-83.958028, 33.8029077], [-83.9602506, 33.8001306], [-83.9628998, 33.7974792], [-83.9650444, 33.7953202], [-83.968104, 33.792203], [-83.9706119, 33.7897178], [-83.9738087, 33.7864774], [-83.97663, 33.7834242], [-83.9786545, 33.7812802], [-83.9819362, 33.7777436], [-83.9840097, 33.7755506], [-83.9866318, 33.7727385], [-83.9889633, 33.7702142], [-83.991765, 33.7672554], [-83.9937966, 33.7632118], [-83.9952203, 33.7603994], [-83.9975951, 33.7557378], [-83.9992816, 33.7523935], [-84.0009141, 33.7491563], [-84.0012842, 33.7484471], [-84.0024873, 33.7463749], [-84.0044114, 33.7430663], [-84.0066518, 33.7392377], [-84.0085208, 33.7360137], [-84.0104321, 33.732702], [-84.0119446, 33.7301333], [-84.0132913, 33.7279197], [-84.0150205, 33.7242635], [-84.016798, 33.720623], [-84.0184785, 33.7171244], [-84.0200349, 33.7139292], [-84.0216574, 33.7105446], [-84.0233137, 33.7095148], [-84.0276554, 33.7068154], [-84.0310485, 33.7046805], [-84.0351777, 33.7021143], [-84.0396831, 33.699344], [-84.0409717, 33.6982775], [-84.0425398, 33.697308], [-84.0439091, 33.6960378], [-84.0456518, 33.6946842], [-84.0482659, 33.6926815], [-84.0497132, 33.6915636], [-84.0513645, 33.6902885], [-84.0537989, 33.6883998], [-84.0554261, 33.6871421], [-84.0560737, 33.6866427], [-84.0577467, 33.685358], [-84.0590698, 33.6843533], [-84.0604378, 33.6832936], [-84.0620191, 33.6820893], [-84.0632652, 33.6811209], [-84.0648282, 33.6799521], [-84.0660835, 33.6783674], [-84.0671681, 33.6770389], [-84.0682192, 33.6757534], [-84.0692521, 33.6744856], [-84.0711594, 33.672158], [-84.0731276, 33.6697416], [-84.0749801, 33.6674842], [-84.0768307, 33.6652159], [-84.078544, 33.66314], [-84.0793688, 33.6621239], [-84.080478, 33.6607064], [-84.081782, 33.6594351], [-84.0832617, 33.6579309], [-84.0845032, 33.6566621], [-84.0860097, 33.6551579], [-84.087933, 33.6531827], [-84.0891507, 33.651946], [-84.0901242, 33.6509671], [-84.0919791, 33.6490711], [-84.0932474, 33.6477873], [-84.0948372, 33.6461689], [-84.0958495, 33.6451279], [-84.0975524, 33.6433855], [-84.0992405, 33.641653], [-84.1012412, 33.6414299], [-84.1035069, 33.6411994], [-84.1063651, 33.6408846], [-84.1097115, 33.6405327], [-84.1124446, 33.6402501], [-84.114441, 33.6400273], [-84.117058, 33.6397422], [-84.1202705, 33.6394027], [-84.1222676, 33.6391593], [-84.1248226, 33.6384334], [-84.1266142, 33.6383458], [-84.1284017, 33.6382624], [-84.129837, 33.6383719], [-84.1318064, 33.6385922], [-84.1339532, 33.6388458], [-84.1367155, 33.6391491], [-84.1399343, 33.6395343], [-84.1431931, 33.6399109], [-84.1453333, 33.6401574], [-84.1476006, 33.6404164], [-84.1500264, 33.6406829], [-84.1527034, 33.6409941], [-84.1552938, 33.641293], [-84.1578303, 33.6415893], [-84.1601125, 33.6418483], [-84.1623798, 33.6421023], [-84.1644347, 33.6423438], [-84.1667798, 33.6426127], [-84.1684608, 33.6427995], [-84.1706359, 33.6430545], [-84.173249, 33.6433395], [-84.1754097, 33.6435856], [-84.1776429, 33.6438308], [-84.1803208, 33.6441406], [-84.1833163, 33.6444746], [-84.1852973, 33.6446853], [-84.1879386, 33.6449807], [-84.190978, 33.6453275], [-84.192709, 33.645515], [-84.1950387, 33.645777], [-84.1972172, 33.6460236], [-84.1996055, 33.6462933], [-84.2020987, 33.6465656], [-84.2051504, 33.6469072], [-84.2082268, 33.6472463], [-84.2101862, 33.6474595], [-84.212053, 33.6476727], [-84.2145616, 33.6479656], [-84.2173295, 33.6482712], [-84.2199245, 33.6485563], [-84.22221, 33.6488279], [-84.2243197, 33.6490548], [-84.2264265, 33.6492842], [-84.229031, 33.6495752], [-84.2316266, 33.6498564], [-84.2332504, 33.6500418], [-84.2347904, 33.6502145], [-84.2368398, 33.6504095], [-84.2383094, 33.6505402], [-84.2399599, 33.6507128], [-84.2421548, 33.6508884], [-84.24318, 33.6510783], [-84.244826, 33.651393], [-84.2466201, 33.6516875], [-84.2490854, 33.6522154], [-84.2516988, 33.6528295], [-84.2530974, 33.6531699], [-84.2545558, 33.6535157], [-84.2566342, 33.6540284], [-84.2591023, 33.6546074], [-84.2620356, 33.6553085], [-84.2640009, 33.6557899], [-84.2663769, 33.6563549], [-84.2687067, 33.656913], [-84.2709506, 33.6574542], [-84.273774, 33.6581316], [-84.2753619, 33.65851], [-84.2785543, 33.6592998], [-84.2798851, 33.6596152], [-84.283461, 33.6604858], [-84.2851486, 33.6608901], [-84.2876426, 33.6615208], [-84.2897741, 33.6618443], [-84.2910251, 33.6620453], [-84.2941483, 33.6626595], [-84.2964217, 33.6631867], [-84.2984391, 33.6635202], [-84.2999394, 33.6637684], [-84.3032535, 33.6643313], [-84.3056914, 33.6647481], [-84.3071917, 33.6650021], [-84.3099648, 33.6654694], [-84.3121501, 33.665836], [-84.3139896, 33.6661526], [-84.3161007, 33.666502], [-84.3182298, 33.6668701], [-84.3202592, 33.6669871], [-84.3208595, 33.6657088], [-84.3208845, 33.6637094], [-84.320915, 33.662264], [-84.3209292, 33.6607653], [-84.3209452, 33.6596585], [-84.3209797, 33.6575101], [-84.321013, 33.6554066], [-84.3210412, 33.6535052], [-84.3210529, 33.6512454], [-84.3210884, 33.6491053], [-84.321135, 33.6464298], [-84.3211601, 33.6455383], [-84.3211643, 33.6442466], [-84.3212026, 33.6429337], [-84.3212216, 33.6411593], [-84.3218154, 33.6391882], [-84.3222058, 33.6379781], [-84.322569, 33.6367835], [-84.3230733, 33.6351715], [-84.3235296, 33.6336445], [-84.3239859, 33.6321824], [-84.3243821, 33.6309102], [-84.3247754, 33.629638], [-84.325376, 33.6280226], [-84.3258258, 33.6268291], [-84.3263023, 33.6255298], [-84.3267789, 33.6242357], [-84.3273239, 33.6227807], [-84.3279562, 33.6210534], [-84.3283486, 33.6200211], [-84.3288501, 33.6186646], [-84.3292176, 33.6176712], [-84.329663, 33.6164626], [-84.3301356, 33.6151715], [-84.3306708, 33.6137354], [-84.3312094, 33.6122903], [-84.331934, 33.6103369], [-84.3326146, 33.6084764], [-84.3330958, 33.6071479], [-84.3330738, 33.60584], [-84.3328202, 33.6044867], [-84.3323065, 33.6025993], [-84.335476, 33.6026653], [-84.3355899, 33.6013522], [-84.3355724, 33.5986012], [-84.3356296, 33.5967769], [-84.3359155, 33.5949217], [-84.3382389, 33.5947979], [-84.3428129, 33.5945116], [-84.3469738, 33.5945647], [-84.3505657, 33.5946192], [-84.3530716, 33.594645], [-84.3572756, 33.5946793], [-84.3610244, 33.5929488], [-84.3661009, 33.593144], [-84.3708939, 33.5933209], [-84.3749665, 33.5950406], [-84.376715, 33.5953371], [-84.3808042, 33.595149], [-84.385141, 33.594967], [-84.3886767, 33.5940632], [-84.3930827, 33.5929439], [-84.3965346, 33.5920795], [-84.4002997, 33.591124], [-84.4043925, 33.5900866], [-84.4080302, 33.5891676], [-84.4108418, 33.5884533], [-84.4132913, 33.5873935], [-84.4169814, 33.5857956], [-84.4181335, 33.585511], [-84.4178294, 33.5850471]]}}, {"type": "Feature", "properties": {"project_id": "GPC_21140", "route_mi": 41.51}, "geometry": {"type": "LineString", "coordinates": [[-83.5984235, 32.5631], [-83.5984978, 32.5629466], [-83.59786, 32.5625809], [-83.5954759, 32.5614279], [-83.5932923, 32.5604268], [-83.5907769, 32.5594345], [-83.5881525, 32.5582302], [-83.5853229, 32.5569212], [-83.5835547, 32.5560794], [-83.5813167, 32.5550412], [-83.5795014, 32.5541997], [-83.5770171, 32.5530477], [-83.5742955, 32.5517667], [-83.5717099, 32.5505765], [-83.5688461, 32.5492348], [-83.5658846, 32.5478555], [-83.5642949, 32.5471144], [-83.5606644, 32.5454225], [-83.5590981, 32.5447055], [-83.5572102, 32.5437961], [-83.5542149, 32.5437134], [-83.5512223, 32.5436347], [-83.5487587, 32.5435451], [-83.5461758, 32.5434708], [-83.5436448, 32.5433943], [-83.5409945, 32.543309], [-83.5374547, 32.5431472], [-83.535336, 32.5430663], [-83.5321204, 32.5430226], [-83.5296257, 32.5429439], [-83.5269027, 32.5428499], [-83.524128, 32.5427756], [-83.5206504, 32.5426663], [-83.5182127, 32.5425876], [-83.5153939, 32.5425067], [-83.5129173, 32.5424302], [-83.5104537, 32.542358], [-83.5082339, 32.542299], [-83.5060244, 32.5421504], [-83.5042066, 32.5420411], [-83.5017274, 32.5419667], [-83.4989004, 32.5418773], [-83.4959966, 32.5417938], [-83.4927386, 32.54169], [-83.4897358, 32.5416065], [-83.4877097, 32.541549], [-83.4843175, 32.541447], [-83.4810397, 32.5413451], [-83.4788244, 32.5412857], [-83.4765497, 32.5412227], [-83.4733687, 32.5411318], [-83.4700271, 32.5410353], [-83.4678668, 32.5409723], [-83.4642766, 32.5408629], [-83.4589564, 32.5407418], [-83.4564895, 32.5406335], [-83.4535546, 32.5418323], [-83.4502848, 32.5431286], [-83.4473417, 32.5443168], [-83.4451839, 32.545181], [-83.4425673, 32.5462089], [-83.4396985, 32.5473692], [-83.4376234, 32.5481985], [-83.4352838, 32.5491289], [-83.4330351, 32.5500627], [-83.4306582, 32.5510035], [-83.4282028, 32.5519373], [-83.4259996, 32.5528327], [-83.4231887, 32.5539686], [-83.4205018, 32.5550591], [-83.4182241, 32.5567489], [-83.4164136, 32.5581495], [-83.4135407, 32.5603026], [-83.4108001, 32.562386], [-83.4091425, 32.5636332], [-83.407401, 32.5647598], [-83.4057464, 32.5635332], [-83.4038835, 32.5622239], [-83.4013955, 32.5604524], [-83.3994652, 32.5590811], [-83.3971794, 32.5574412], [-83.394575, 32.5556025], [-83.3931472, 32.5545798], [-83.3913731, 32.5533091], [-83.3897247, 32.5521443], [-83.3863298, 32.5497295], [-83.3843351, 32.5483142], [-83.3812803, 32.5461653], [-83.3801496, 32.5453646], [-83.3796502, 32.5437684], [-83.3789792, 32.5417098], [-83.3782622, 32.5395039], [-83.3775851, 32.537329], [-83.3769845, 32.535482], [-83.3762706, 32.5332993], [-83.3755628, 32.5311035], [-83.3748275, 32.5287992], [-83.3741442, 32.5266989], [-83.3732985, 32.5239657], [-83.3725448, 32.5217878], [-83.3718738, 32.5196124], [-83.3712272, 32.5174628], [-83.3706175, 32.5153933], [-83.3699557, 32.5132669], [-83.369358, 32.5112212], [-83.3686503, 32.5088931], [-83.3677065, 32.5057795], [-83.3669068, 32.5032549], [-83.3661378, 32.5006217], [-83.3644464, 32.4991616], [-83.3623507, 32.4973294], [-83.3600741, 32.4953189], [-83.3579293, 32.4934375], [-83.3564157, 32.4920988], [-83.3542157, 32.4901786], [-83.352313, 32.4884831], [-83.3505879, 32.4869557], [-83.3486607, 32.4852731], [-83.3468713, 32.4836965], [-83.3449992, 32.4820605], [-83.3432067, 32.4804709], [-83.3409148, 32.4784496], [-83.3390642, 32.4768237], [-83.3368765, 32.474942], [-83.3368366, 32.4731093], [-83.3367386, 32.4706225], [-83.3366559, 32.4682934], [-83.3365578, 32.4656333], [-83.3364628, 32.4633093], [-83.3363586, 32.4608378], [-83.3362729, 32.4587669], [-83.3362024, 32.4569132], [-83.3361288, 32.4549302], [-83.3360369, 32.4525903], [-83.3359573, 32.450677], [-83.3358561, 32.4483887], [-83.3358133, 32.4467003], [-83.3357581, 32.4446498], [-83.3357121, 32.4425321], [-83.3356754, 32.4404039], [-83.3356355, 32.4387645], [-83.3355712, 32.4360777], [-83.3355069, 32.4333494], [-83.3354456, 32.4308667], [-83.3353996, 32.4286788], [-83.335323, 32.4261184], [-83.335274, 32.4238166], [-83.3352354, 32.4217551], [-83.3351802, 32.4193988], [-83.3351465, 32.4175986], [-83.3334, 32.4161191], [-83.3314268, 32.4144844], [-83.329999, 32.4132583], [-83.3283996, 32.4118951], [-83.3273915, 32.4110674], [-83.326267, 32.4100818], [-83.3250204, 32.4090352], [-83.3230073, 32.4073601], [-83.3214035, 32.4051196], [-83.3198616, 32.4029627], [-83.3185017, 32.4010781], [-83.3172368, 32.3993505], [-83.3159181, 32.3974971], [-83.3145829, 32.3956194], [-83.3130617, 32.3935321], [-83.3120002, 32.3920825], [-83.3108941, 32.3903878], [-83.309451, 32.3881808], [-83.3079588, 32.3859246], [-83.3064758, 32.3836269], [-83.3053299, 32.3818907], [-83.3040399, 32.3798957], [-83.3024681, 32.3774995], [-83.3010433, 32.3753232], [-83.2998723, 32.3735469], [-83.2986336, 32.3718559], [-83.2971548, 32.3698202], [-83.2956376, 32.3677763], [-83.2943124, 32.3659433], [-83.2928144, 32.3641305], [-83.2920366, 32.3631734], [-83.2906922, 32.3615107], [-83.2899288, 32.3605576], [-83.2881188, 32.3583554], [-83.2867696, 32.3567006], [-83.284754, 32.3542273], [-83.2836071, 32.352831], [-83.281543, 32.3502935], [-83.2791158, 32.347311], [-83.2777279, 32.3456243], [-83.2764431, 32.3440397], [-83.2761193, 32.3436429], [-83.2744181, 32.3415622], [-83.2723812, 32.3390741], [-83.2704012, 32.3366467], [-83.2689213, 32.3348515], [-83.2676275, 32.3332763], [-83.2656971, 32.3309221], [-83.264366, 32.329298], [-83.2629647, 32.3273594], [-83.2608524, 32.3243903], [-83.2594635, 32.3224062], [-83.257963, 32.3206037], [-83.2564129, 32.3187732], [-83.2547883, 32.3167995], [-83.253354, 32.3150912], [-83.2513987, 32.3127331], [-83.2494435, 32.3105077], [-83.2479554, 32.3088063], [-83.2464507, 32.3071048], [-83.2451528, 32.3056235], [-83.2432471, 32.3034678], [-83.2416929, 32.3016824], [-83.2401428, 32.2999074], [-83.2376915, 32.2971785], [-83.2364969, 32.2952637], [-83.2351328, 32.2932371], [-83.2332313, 32.2903507], [-83.2317349, 32.2880584], [-83.2301476, 32.2856716], [-83.2284941, 32.283145], [-83.2271796, 32.2811635], [-83.2258527, 32.2791645], [-83.2241785, 32.2766971], [-83.2229467, 32.2748657], [-83.2215495, 32.2727932], [-83.2202681, 32.2708883], [-83.2191768, 32.2692805], [-83.2181682, 32.267809], [-83.2172795, 32.2664424], [-83.216337, 32.2650617], [-83.215039, 32.2631567], [-83.2138899, 32.2614474], [-83.2126415, 32.2595878], [-83.2113931, 32.2577701], [-83.2100083, 32.2557041], [-83.2084913, 32.2534668], [-83.2071685, 32.2514986], [-83.2058788, 32.2496108], [-83.2049446, 32.2482404], [-83.2033035, 32.2458211], [-83.201956, 32.2438493], [-83.2013199, 32.2428993], [-83.2002816, 32.2413486], [-83.1993113, 32.2399146], [-83.1980453, 32.2380514], [-83.1969356, 32.2364146], [-83.1958091, 32.2347636], [-83.1940691, 32.2322021], [-83.1925132, 32.2298859], [-83.1913086, 32.2281263], [-83.1898977, 32.2260411], [-83.1887991, 32.2244182], [-83.1877061, 32.2228094], [-83.1862115, 32.2206156], [-83.1850627, 32.2189124], [-83.1841091, 32.2175631], [-83.1820733, 32.2174215], [-83.1783884, 32.2171372], [-83.176333, 32.2169861], [-83.1733606, 32.2167642], [-83.1713345, 32.2165977], [-83.168681, 32.2164038], [-83.1649557, 32.2161504], [-83.163745, 32.2153315], [-83.1621041, 32.2141756], [-83.161058, 32.2134973], [-83.1614216, 32.2132993]]}}, {"type": "Feature", "properties": {"project_id": "GPC_21123", "route_mi": 4.79}, "geometry": {"type": "LineString", "coordinates": [[-84.9980901, 33.3516272], [-84.9981064, 33.3518397], [-84.9980018, 33.3528234], [-84.9984386, 33.3567537], [-84.9986417, 33.3585654], [-84.9987361, 33.3591497], [-84.998968, 33.3609469], [-84.9995801, 33.364867], [-85.0003329, 33.3696665], [-85.0009295, 33.3735385], [-85.0015244, 33.3773488], [-85.0020445, 33.3807136], [-85.0024843, 33.3835843], [-85.0030249, 33.3869962], [-85.0033621, 33.3892482], [-85.0063071, 33.3914037], [-85.0106557, 33.3947009], [-85.0147097, 33.3977042], [-85.0173257, 33.3997238], [-85.0186919, 33.4012054], [-85.0211572, 33.4030572], [-85.0246905, 33.4058778], [-85.0286468, 33.4090637], [-85.0309545, 33.4108357], [-85.030769, 33.4109556]]}}, {"type": "Feature", "properties": {"project_id": "GPC_21141", "route_mi": 52.91}, "geometry": {"type": "LineString", "coordinates": [[-83.8431814, 33.3208384], [-83.8431458, 33.3207135], [-83.8444348, 33.3206101], [-83.8463851, 33.3195506], [-83.8475346, 33.3190039], [-83.8488431, 33.3184182], [-83.8504453, 33.3176867], [-83.8518535, 33.317002], [-83.8534205, 33.3162678], [-83.8548505, 33.315604], [-83.8562587, 33.3149479], [-83.857888, 33.3141669], [-83.8592526, 33.313529], [-83.8606639, 33.3128287], [-83.8616546, 33.3123757], [-83.8636048, 33.3114618], [-83.8657856, 33.3104647], [-83.8679041, 33.3094623], [-83.8690817, 33.3088895], [-83.8702874, 33.3083037], [-83.8717765, 33.3075851], [-83.8729822, 33.3070279], [-83.8744464, 33.3063457], [-83.875677, 33.3057469], [-83.8778142, 33.3047392], [-83.8791102, 33.30413], [-83.8806648, 33.3034191], [-83.8826618, 33.3024583], [-83.8837615, 33.3019402], [-83.8850045, 33.3013621], [-83.8866277, 33.3006278], [-83.8878956, 33.2999951], [-83.8888926, 33.2995264], [-83.8901948, 33.2989119], [-83.8914971, 33.2983052], [-83.8928367, 33.2976698], [-83.8942542, 33.2970006], [-83.8955689, 33.2963678], [-83.8969895, 33.2957142], [-83.8988743, 33.294821], [-83.9002077, 33.2941987], [-83.9012421, 33.2937195], [-83.9025225, 33.293105], [-83.9041456, 33.2923446], [-83.9055943, 33.2916597], [-83.9068623, 33.2910633], [-83.9081146, 33.2904696], [-83.9094605, 33.2898498], [-83.9107285, 33.2892534], [-83.9120463, 33.2886284], [-83.9132675, 33.2880503], [-83.9147162, 33.2873732], [-83.9160402, 33.2867429], [-83.9172241, 33.2861778], [-83.9187725, 33.2854278], [-83.9199532, 33.2848652], [-83.9211994, 33.284597], [-83.9225203, 33.2843027], [-83.9242779, 33.2840248], [-83.9271957, 33.2841628], [-83.928822, 33.2842115], [-83.9315796, 33.284244], [-83.9331137, 33.2842115], [-83.9357256, 33.2841668], [-83.9386628, 33.2841019], [-83.9400658, 33.2840776], [-83.9417505, 33.2840735], [-83.9434399, 33.2840613], [-83.9451828, 33.2840776], [-83.9468383, 33.2841263], [-83.9483336, 33.2841871], [-83.9499843, 33.2842521], [-83.9515669, 33.2843292], [-83.9534118, 33.2844225], [-83.9559508, 33.2844915], [-83.9578345, 33.2845078], [-83.9601211, 33.2845321], [-83.9619377, 33.2845477], [-83.9639628, 33.2845703], [-83.9660814, 33.2846799], [-83.9682218, 33.2846885], [-83.9697731, 33.2846636], [-83.971198, 33.2844739], [-83.9728238, 33.2842593], [-83.9743789, 33.2840354], [-83.9762427, 33.2837679], [-83.9778834, 33.2835564], [-83.9792971, 33.2833356], [-83.9806959, 33.283009], [-83.9822399, 33.2826514], [-83.9838024, 33.2822875], [-83.9852124, 33.2819641], [-83.9870651, 33.2815349], [-83.9885681, 33.2811803], [-83.9902869, 33.2807698], [-83.9917378, 33.2804339], [-83.9931367, 33.280098], [-83.9946248, 33.2797403], [-83.9961203, 33.2794044], [-83.9973815, 33.2791089], [-83.9990296, 33.2787015], [-84.0003168, 33.2783967], [-84.0019054, 33.2780141], [-84.0040334, 33.2774885], [-84.0054806, 33.2772055], [-84.0083787, 33.2768011], [-84.0098706, 33.2765896], [-84.0115447, 33.2763439], [-84.0136021, 33.2760547], [-84.0149079, 33.2758805], [-84.01621, 33.2756845], [-84.017832, 33.2754482], [-84.0190523, 33.2752709], [-84.0207264, 33.2750314], [-84.0220955, 33.2748354], [-84.0235055, 33.2746208], [-84.0257042, 33.2743129], [-84.0270324, 33.2741325], [-84.0287065, 33.2738805], [-84.0301686, 33.2736877], [-84.0317758, 33.2734482], [-84.0333048, 33.2732305], [-84.0344358, 33.2730687], [-84.0359909, 33.2728292], [-84.0377394, 33.2725959], [-84.0393615, 33.2723626], [-84.0408756, 33.2721449], [-84.0432838, 33.2717974], [-84.0448144, 33.2715768], [-84.0461887, 33.2713318], [-84.0475403, 33.2711494], [-84.0493413, 33.2709043], [-84.0508817, 33.2707001], [-84.0525198, 33.2704659], [-84.0555681, 33.2700466], [-84.0571444, 33.2698287], [-84.0598377, 33.2694611], [-84.061339, 33.2692814], [-84.0632051, 33.2690391], [-84.0647293, 33.2688512], [-84.0664879, 33.2686089], [-84.0680642, 33.2684101], [-84.0698, 33.2682413], [-84.0719117, 33.2680294], [-84.0739617, 33.2678272], [-84.077633, 33.2674683], [-84.080669, 33.2671715], [-84.0821715, 33.2670247], [-84.0835332, 33.2668915], [-84.0849705, 33.266751], [-84.0866299, 33.2665717], [-84.0893921, 33.266266], [-84.0907979, 33.2660787], [-84.0925684, 33.265822], [-84.0937731, 33.2656474], [-84.0958911, 33.2653368], [-84.0994788, 33.2648621], [-84.1014095, 33.2645596], [-84.1037596, 33.2642232], [-84.1064749, 33.2638162], [-84.107693, 33.2638292], [-84.1105851, 33.2637715], [-84.1134309, 33.2634719], [-84.1157462, 33.2631318], [-84.1180355, 33.2628054], [-84.1199001, 33.2625509], [-84.1222475, 33.2622055], [-84.1248561, 33.2618569], [-84.127224, 33.2614999], [-84.1291822, 33.2613651], [-84.1311732, 33.2612529], [-84.1331795, 33.2611078], [-84.1345482, 33.2610422], [-84.1371002, 33.2608585], [-84.1390417, 33.2606806], [-84.1411249, 33.2604547], [-84.1437229, 33.2601954], [-84.1467145, 33.2598932], [-84.1490997, 33.2596893], [-84.1522168, 33.259385], [-84.1534718, 33.2592614], [-84.1567389, 33.2589677], [-84.1592101, 33.2587246], [-84.1611796, 33.2585345], [-84.1640367, 33.2582304], [-84.1655945, 33.2580785], [-84.1672714, 33.2579101], [-84.1691473, 33.2577309], [-84.1705008, 33.2576079], [-84.1728253, 33.2573716], [-84.1749215, 33.2571367], [-84.1766385, 33.2569722], [-84.1793493, 33.256688], [-84.1810783, 33.2565337], [-84.1838633, 33.2562512], [-84.1866736, 33.2559526], [-84.1891536, 33.2556959], [-84.1917731, 33.255432], [-84.1947342, 33.2551445], [-84.1976311, 33.2548877], [-84.1993677, 33.2547169], [-84.2006766, 33.2545785], [-84.2021718, 33.2544394], [-84.2050353, 33.2541621], [-84.2078548, 33.2538833], [-84.2099093, 33.2536786], [-84.211269, 33.25355], [-84.2131253, 33.2533708], [-84.2155348, 33.2531141], [-84.2180779, 33.2528704], [-84.2211057, 33.2525757], [-84.223477, 33.2523558], [-84.2265008, 33.2520597], [-84.2294471, 33.2517593], [-84.2327838, 33.2514067], [-84.2345308, 33.2512495], [-84.2374248, 33.2509967], [-84.2384594, 33.2502427], [-84.2404647, 33.2501304], [-84.2408919, 33.2514921], [-84.2410673, 33.2530437], [-84.2421649, 33.2542953], [-84.244249, 33.2567327], [-84.2456917, 33.2578581], [-84.2468847, 33.2587924], [-84.2480414, 33.2597366], [-84.2492949, 33.2606931], [-84.2504267, 33.2618167], [-84.2511509, 33.2628842], [-84.2518698, 33.2640325], [-84.2524813, 33.2678765], [-84.2531411, 33.2719938], [-84.2537569, 33.2759543], [-84.2543207, 33.2795723], [-84.2547626, 33.2825404], [-84.2552845, 33.2850403], [-84.2556845, 33.2869383], [-84.256454, 33.2906003], [-84.2569225, 33.2928134], [-84.2573343, 33.2947611], [-84.2575256, 33.2960197], [-84.2577766, 33.2985848], [-84.2582035, 33.3033386], [-84.2585758, 33.3074271], [-84.2587954, 33.3098208], [-84.2592193, 33.3145946], [-84.2594815, 33.317625], [-84.2597026, 33.319987], [-84.259728, 33.3203803], [-84.260369, 33.3230469], [-84.2614669, 33.3278548], [-84.2621547, 33.3308341], [-84.2628932, 33.3339444], [-84.263334, 33.3358708], [-84.2638854, 33.3383194], [-84.2644367, 33.3416587], [-84.2649078, 33.3444709], [-84.2656673, 33.3491353], [-84.266178, 33.3522706], [-84.2666956, 33.3555397], [-84.2671026, 33.3580159], [-84.2675486, 33.3606346], [-84.2681715, 33.3644772], [-84.2686857, 33.3676496], [-84.269262, 33.3712046], [-84.2697308, 33.3740763], [-84.2700862, 33.3762531], [-84.2704379, 33.3784074], [-84.2707718, 33.3804468], [-84.2710631, 33.3822369], [-84.2712303, 33.3833959], [-84.2715726, 33.3853888], [-84.2719082, 33.3874752], [-84.272234, 33.3895222], [-84.2728409, 33.3932734], [-84.2733245, 33.3961911], [-84.2737709, 33.3988331], [-84.2742929, 33.4021817], [-84.2747445, 33.404831], [-84.2753661, 33.4086789], [-84.2758919, 33.4119585], [-84.2764892, 33.4155314], [-84.2769956, 33.4186562], [-84.277497, 33.4216472], [-84.2779571, 33.4244866], [-84.2789165, 33.4275308], [-84.2795896, 33.4296393], [-84.2806858, 33.4332605], [-84.2817746, 33.4367885], [-84.2824516, 33.4389945], [-84.2832748, 33.4417227], [-84.2844605, 33.445585], [-84.2852969, 33.4483317], [-84.2863214, 33.4516669], [-84.2872778, 33.454805], [-84.2882676, 33.4578866], [-84.2889413, 33.4611324], [-84.2896791, 33.4646267], [-84.2911959, 33.4672568], [-84.2917979, 33.4694847], [-84.2931332, 33.4738852], [-84.2937691, 33.4759233], [-84.2949343, 33.4765817], [-84.2975787, 33.4766234], [-84.3006237, 33.4766809], [-84.3032885, 33.476727], [-84.306194, 33.4767718], [-84.3083102, 33.4768082], [-84.3114105, 33.4768447], [-84.3135895, 33.4769135], [-84.3169092, 33.4763331], [-84.3189614, 33.4759825], [-84.3203812, 33.4757359], [-84.3227244, 33.4765443], [-84.324254, 33.4770713], [-84.3263275, 33.4771268], [-84.3290637, 33.477208], [-84.3311895, 33.4772793], [-84.3327766, 33.4777946], [-84.3326437, 33.4793313], [-84.3326009, 33.4814818], [-84.3325772, 33.4823293], [-84.3318619, 33.4843237], [-84.3316468, 33.4849992], [-84.3317234, 33.4865717], [-84.331686, 33.4882393], [-84.331658, 33.4896184], [-84.3316075, 33.4916245], [-84.3315944, 33.4925994], [-84.3315794, 33.4944339], [-84.3315719, 33.4963416], [-84.3315719, 33.4969699], [-84.3315676, 33.4990917], [-84.3315308, 33.501021], [-84.3302626, 33.5027741], [-84.3295518, 33.5043136], [-84.329535, 33.5054007], [-84.3295144, 33.5074111], [-84.3295032, 33.5105849], [-84.3295013, 33.5110653], [-84.3308537, 33.5128619], [-84.3324324, 33.5133298], [-84.3338184, 33.5137384], [-84.3361827, 33.5141282], [-84.3374808, 33.5141844], [-84.3387939, 33.5142296], [-84.3401687, 33.5142779], [-84.3421402, 33.5152994], [-84.3421141, 33.5173486], [-84.3421103, 33.5181548], [-84.3421448, 33.5199624], [-84.3421162, 33.5217633], [-84.3436215, 33.5233771], [-84.344772, 33.5233793], [-84.3468799, 33.5234032], [-84.3490088, 33.5234184], [-84.3515219, 33.5229444], [-84.3539916, 33.5225509], [-84.3551972, 33.522533], [-84.3569621, 33.5225028], [-84.3590382, 33.5224603], [-84.361597, 33.5223854], [-84.3630642, 33.5239719], [-84.3629877, 33.5257674], [-84.3629448, 33.5266417], [-84.3635376, 33.5284618], [-84.3637937, 33.5301499], [-84.3641112, 33.5318296], [-84.3644315, 33.5335087], [-84.36468, 33.5348246], [-84.3650808, 33.5366582], [-84.3655305, 33.5378952], [-84.3664493, 33.5399053], [-84.3673856, 33.5417331], [-84.3683394, 33.5435535], [-84.3690884, 33.5450092], [-84.3698147, 33.5470526], [-84.3699635, 33.5478053], [-84.3708759, 33.5496906], [-84.3726239, 33.5512087], [-84.3729227, 33.5520399], [-84.3737024, 33.5537366], [-84.3742907, 33.5550504], [-84.3756067, 33.5563756], [-84.3777485, 33.5566654], [-84.378732, 33.5567726], [-84.3809167, 33.5570063], [-84.3825835, 33.5573331], [-84.3845674, 33.5578489], [-84.3867414, 33.5584093], [-84.388571, 33.5591736], [-84.3897696, 33.5609761], [-84.3905081, 33.5623624], [-84.391335, 33.5640965], [-84.3925565, 33.565787], [-84.395065, 33.5662837], [-84.3971134, 33.5669549], [-84.397996, 33.5675457], [-84.3995335, 33.5685403], [-84.4016982, 33.5694462], [-84.4019831, 33.5695595], [-84.4043082, 33.5702935], [-84.4059604, 33.5712607], [-84.4069609, 33.5718733], [-84.4082282, 33.5726564], [-84.4093892, 33.5733194], [-84.4111379, 33.5743808], [-84.4129993, 33.5754286], [-84.414426, 33.5765002], [-84.4150521, 33.5776662], [-84.4160157, 33.5795484], [-84.416311, 33.5801335], [-84.4171555, 33.5821723], [-84.417554, 33.5836555], [-84.4178284, 33.5850863], [-84.4178294, 33.5850471]]}}, {"type": "Feature", "properties": {"project_id": "GPC_19621", "route_mi": 21.26}, "geometry": {"type": "LineString", "coordinates": [[-83.8738012, 34.2728832], [-83.8738826, 34.2728493], [-83.8757523, 34.2732565], [-83.8763223, 34.2740706], [-83.877087, 34.2751393], [-83.8779259, 34.2763308], [-83.8787386, 34.277432], [-83.8808789, 34.2763719], [-83.8819104, 34.274699], [-83.8827894, 34.2732731], [-83.8833951, 34.2723203], [-83.8843473, 34.27076], [-83.885144, 34.2694967], [-83.8865625, 34.2672324], [-83.8877155, 34.2653829], [-83.8892474, 34.2628936], [-83.8898595, 34.26193], [-83.8906401, 34.26068], [-83.8918319, 34.2587848], [-83.8929428, 34.2570074], [-83.8941314, 34.2550934], [-83.8954301, 34.253], [-83.8958609, 34.2523254], [-83.8968584, 34.2507486], [-83.8983676, 34.2483152], [-83.8990024, 34.2473166], [-83.8998283, 34.2459887], [-83.9011983, 34.2438014], [-83.9021699, 34.2426501], [-83.9030184, 34.2416327], [-83.9041326, 34.2403128], [-83.905373, 34.2388081], [-83.9068077, 34.2372471], [-83.9079838, 34.235948], [-83.9094056, 34.2345369], [-83.9103934, 34.2335569], [-83.9116079, 34.2324404], [-83.9136224, 34.2305928], [-83.9151673, 34.2291709], [-83.917104, 34.2272804], [-83.918108, 34.2262949], [-83.919397, 34.2248891], [-83.9202229, 34.2239866], [-83.9220463, 34.2220076], [-83.9238697, 34.2200205], [-83.9253433, 34.2184137], [-83.9268558, 34.216772], [-83.9278069, 34.2157112], [-83.9293505, 34.2140694], [-83.9306771, 34.2126289], [-83.9320427, 34.2111699], [-83.9329906, 34.2101308], [-83.934849, 34.2080682], [-83.9362822, 34.2065158], [-83.9372415, 34.2054736], [-83.9383625, 34.2042634], [-83.9397844, 34.2027171], [-83.9420039, 34.2003184], [-83.9441632, 34.1979724], [-83.9447763, 34.1972972], [-83.9459801, 34.1959842], [-83.9474585, 34.1943756], [-83.9485908, 34.1931278], [-83.9501482, 34.1914476], [-83.9519237, 34.1904768], [-83.9539852, 34.1877665], [-83.9562348, 34.1848165], [-83.9570548, 34.1839233], [-83.9585784, 34.1822491], [-83.961396, 34.1791713], [-83.9621746, 34.1783186], [-83.9633107, 34.1770893], [-83.96509, 34.1751473], [-83.9663969, 34.173734], [-83.9679753, 34.1719745], [-83.9680366, 34.1719257], [-83.9696659, 34.1701439], [-83.9708331, 34.1688786], [-83.9716948, 34.1679312], [-83.9731793, 34.1663125], [-83.9752702, 34.1640278], [-83.9768475, 34.162319], [-83.9777874, 34.1612829], [-83.9796282, 34.1592619], [-83.9805843, 34.1582285], [-83.9817974, 34.156899], [-83.9831211, 34.1554377], [-83.9851927, 34.1534757], [-83.9867465, 34.1518912], [-83.9873332, 34.1511832], [-83.9883236, 34.1500083], [-83.9890716, 34.1491066], [-83.9898531, 34.1481803], [-83.9907727, 34.1470954], [-83.9918394, 34.1459156], [-83.9930705, 34.1445749], [-83.9944088, 34.1431105], [-83.9952063, 34.1422421], [-83.9962257, 34.1411365], [-83.9977524, 34.1394744], [-83.9992437, 34.137851], [-84.0001889, 34.1367176], [-84.0010857, 34.1356784], [-84.0023896, 34.1341113], [-84.0040807, 34.1321413], [-84.0053369, 34.1306463], [-84.00616, 34.1296818], [-84.006991, 34.1286943], [-84.0079939, 34.1275114], [-84.00907, 34.1262303], [-84.0097999, 34.1253571], [-84.0107588, 34.1242369], [-84.0119654, 34.1228213], [-84.0142665, 34.1223382], [-84.0157562, 34.1230998], [-84.0185607, 34.1242109], [-84.0229965, 34.1259684], [-84.024259, 34.1264686], [-84.0267038, 34.1278044], [-84.0291392, 34.1291021], [-84.0307472, 34.1299646], [-84.0317195, 34.1304858], [-84.0348439, 34.1321607], [-84.0364105, 34.1318672], [-84.0383802, 34.1314981], [-84.0407444, 34.1310343], [-84.0427449, 34.1307893], [-84.0438062, 34.1323699], [-84.0446088, 34.1335702], [-84.0460983, 34.1357739], [-84.0445924, 34.1366685], [-84.0441035, 34.137906], [-84.046402, 34.139541], [-84.0482506, 34.1408383], [-84.0506165, 34.142532], [-84.051638, 34.1432488], [-84.0540814, 34.1449902], [-84.0549619, 34.1455959], [-84.0566997, 34.1468586], [-84.0590226, 34.148488], [-84.0606388, 34.1496522], [-84.062736, 34.1511445], [-84.0636371, 34.1517667], [-84.0647576, 34.1525802], [-84.066785, 34.1540304], [-84.0679025, 34.1548632], [-84.0706202, 34.155388], [-84.0723041, 34.1557492], [-84.0744257, 34.1563762], [-84.0783314, 34.1593376], [-84.0785056, 34.1613178], [-84.0795001, 34.1630833], [-84.0818253, 34.1647303], [-84.085041, 34.1670216], [-84.086467, 34.1680451], [-84.0873875, 34.1686953], [-84.0887117, 34.169637], [-84.0909769, 34.1712302], [-84.0929626, 34.1703838], [-84.0942531, 34.1703952], [-84.0968254, 34.1704309], [-84.0977173, 34.1704466], [-84.0994918, 34.1696401], [-84.1010533, 34.1682331], [-84.1020073, 34.1672681], [-84.1029759, 34.1662991], [-84.1038737, 34.1653826], [-84.1058646, 34.1643228], [-84.1070918, 34.1641148], [-84.1095951, 34.163915], [-84.1113334, 34.1638936], [-84.1133018, 34.1635253], [-84.11349, 34.16327]]}}, {"type": "Feature", "properties": {"project_id": "GPC_20346", "route_mi": 5.69}, "geometry": {"type": "LineString", "coordinates": [[-81.5452676, 31.213065], [-81.5453998, 31.2129834], [-81.5434838, 31.2131862], [-81.5426551, 31.2152976], [-81.5416833, 31.2172592], [-81.5404431, 31.2203325], [-81.5399337, 31.221769], [-81.5366875, 31.2239247], [-81.5342738, 31.2256479], [-81.5323087, 31.2271032], [-81.5305342, 31.2286249], [-81.5288658, 31.2299937], [-81.5271268, 31.2313027], [-81.5257415, 31.2323374], [-81.5264955, 31.2335937], [-81.5273563, 31.2350001], [-81.5284878, 31.2360565], [-81.5296559, 31.2379162], [-81.5304773, 31.2387237], [-81.5321564, 31.2403171], [-81.5328294, 31.2409606], [-81.5340778, 31.2422415], [-81.5357243, 31.2438286], [-81.5367519, 31.244766], [-81.53808, 31.2459478], [-81.5387784, 31.247507], [-81.5393646, 31.2486702], [-81.5400774, 31.2501304], [-81.5411813, 31.252062], [-81.5419216, 31.2536602], [-81.5430079, 31.255279], [-81.5441183, 31.2570193], [-81.5452073, 31.2588055], [-81.5463472, 31.2604861], [-81.5473477, 31.2620773], [-81.5482757, 31.2635011], [-81.5491448, 31.264824], [-81.5500889, 31.2663326], [-81.5508694, 31.267644], [-81.5515909, 31.2688361], [-81.5523554, 31.2700374], [-81.5530608, 31.271202], [-81.5541659, 31.2731163], [-81.5549786, 31.2744276], [-81.5559817, 31.2760896], [-81.5569285, 31.2775957], [-81.5578099, 31.2790718], [-81.5583441, 31.2799401], [-81.5586568, 31.2799089]]}}, {"type": "Feature", "properties": {"project_id": "GPC_17706", "route_mi": 7.72}, "geometry": {"type": "LineString", "coordinates": [[-83.7399508, 32.56338], [-83.7399151, 32.563366], [-83.7411151, 32.5631013], [-83.7432709, 32.5630978], [-83.7454344, 32.5630918], [-83.7497301, 32.5630831], [-83.7522928, 32.5630711], [-83.7539362, 32.5630692], [-83.7563187, 32.563058], [-83.7586761, 32.56304], [-83.7610531, 32.5630519], [-83.7629085, 32.5630373], [-83.7649854, 32.5630328], [-83.7674515, 32.5630283], [-83.770312, 32.5629415], [-83.7728824, 32.5628671], [-83.7759262, 32.5627724], [-83.7781167, 32.5627082], [-83.7803982, 32.5626417], [-83.7826743, 32.5625695], [-83.7851177, 32.5624985], [-83.7871464, 32.5624388], [-83.789468, 32.5623667], [-83.7934479, 32.5622449], [-83.7960678, 32.5621705], [-83.7984206, 32.5621022], [-83.8009938, 32.5620235], [-83.803211, 32.5619534], [-83.8046433, 32.5619129], [-83.8060756, 32.5618724], [-83.8081863, 32.5618001], [-83.8103646, 32.5617453], [-83.8128158, 32.5617606], [-83.8153786, 32.5617747], [-83.8155614, 32.5617757], [-83.8182366, 32.5617904], [-83.8208245, 32.5618012], [-83.8246594, 32.5618276], [-83.8267861, 32.5618492], [-83.8290711, 32.5618501], [-83.8315672, 32.5618676], [-83.833971, 32.5618765], [-83.83638, 32.5618863], [-83.8385589, 32.561901], [-83.8408225, 32.5619141], [-83.843012, 32.5619256], [-83.8454419, 32.5619395], [-83.8479922, 32.5619606], [-83.8497409, 32.5619964], [-83.8513164, 32.5620286], [-83.8530885, 32.5616426], [-83.8558462, 32.5616614], [-83.8592954, 32.5616238], [-83.8615568, 32.5615886], [-83.8641834, 32.5615745], [-83.8668463, 32.5615087], [-83.8694144, 32.5614523], [-83.8704071, 32.5614288], [-83.8723692, 32.5614464], [-83.8722581, 32.561358]]}}, {"type": "Feature", "properties": {"project_id": "GPC_21006", "route_mi": 4.37}, "geometry": {"type": "LineString", "coordinates": [[-81.1444637, 32.0412308], [-81.1445322, 32.0412526], [-81.1436933, 32.0411445], [-81.1413566, 32.0407078], [-81.1408323, 32.0405646], [-81.1384827, 32.0400508], [-81.1365662, 32.0395142], [-81.1342327, 32.0388594], [-81.1319488, 32.0384023], [-81.1297252, 32.0381295], [-81.1276707, 32.037519], [-81.1255397, 32.0367857], [-81.1238834, 32.0363458], [-81.1223827, 32.0359433], [-81.1206057, 32.0354681], [-81.1182977, 32.0348485], [-81.1160594, 32.034155], [-81.115539, 32.0340254], [-81.1134125, 32.0348022], [-81.1130271, 32.0358053], [-81.1123156, 32.0376571], [-81.1120227, 32.0384194], [-81.109999, 32.0392954], [-81.1076319, 32.0386684], [-81.1055709, 32.0381738], [-81.1048809, 32.0379915], [-81.1025499, 32.0373861], [-81.1020452, 32.0372529], [-81.0999672, 32.0367047], [-81.0991505, 32.0347592], [-81.0998639, 32.0327219], [-81.0995233, 32.03107], [-81.0972837, 32.0305038], [-81.0958219, 32.0299694], [-81.0934427, 32.0292145], [-81.0914364, 32.0284299], [-81.0893175, 32.0278364], [-81.087912, 32.0267177], [-81.0874641, 32.0258945], [-81.0866246, 32.0243527], [-81.0863294, 32.0227153], [-81.0861807, 32.0226869]]}}, {"type": "Feature", "properties": {"project_id": "GPC_21023", "route_mi": 7.6}, "geometry": {"type": "LineString", "coordinates": [[-81.1887223, 32.0835097], [-81.1886867, 32.0837325], [-81.1897949, 32.0826332], [-81.190672, 32.081706], [-81.1922545, 32.0818514], [-81.1938289, 32.0820082], [-81.1953819, 32.0808765], [-81.1954973, 32.0797288], [-81.195736, 32.0781402], [-81.196189, 32.0766739], [-81.1967639, 32.0755342], [-81.1967836, 32.0745199], [-81.1977981, 32.073178], [-81.198784, 32.0722744], [-81.2005555, 32.0707172], [-81.2025382, 32.0693414], [-81.2037885, 32.0684584], [-81.2048592, 32.0677568], [-81.2056488, 32.0668366], [-81.2065247, 32.0659286], [-81.20704, 32.0648004], [-81.2077414, 32.0632643], [-81.2080724, 32.0625152], [-81.2088926, 32.0606957], [-81.2093644, 32.0596493], [-81.2102418, 32.0578766], [-81.2107607, 32.0569333], [-81.2112819, 32.0558613], [-81.2117863, 32.0547794], [-81.2122171, 32.0538288], [-81.2130801, 32.0519397], [-81.2139871, 32.0500372], [-81.2145447, 32.0489007], [-81.2153033, 32.047321], [-81.2159262, 32.045624], [-81.2163084, 32.0435555], [-81.2152997, 32.0424243], [-81.2143238, 32.0412731], [-81.213384, 32.0401007], [-81.2128337, 32.0386719], [-81.2133863, 32.0379269], [-81.2143081, 32.036688], [-81.2153628, 32.035278], [-81.2165872, 32.0335787], [-81.217744, 32.0320045], [-81.2189342, 32.0303911], [-81.2202432, 32.028788], [-81.2212076, 32.027589], [-81.2223402, 32.0258511], [-81.223854, 32.0243352], [-81.2247603, 32.0236167], [-81.22569, 32.0226112], [-81.2268308, 32.0209813], [-81.2280594, 32.019342], [-81.2292715, 32.0177481], [-81.2304987, 32.0161356], [-81.2310911, 32.0153601], [-81.232454, 32.0137161], [-81.2338619, 32.0119181], [-81.2347974, 32.0104827], [-81.2361631, 32.0090619], [-81.2370722, 32.0083015], [-81.2381156, 32.007369], [-81.2393538, 32.0063643], [-81.2408114, 32.0055923], [-81.2422635, 32.0046051], [-81.2436141, 32.0032609], [-81.2457369, 32.0036609], [-81.2466682, 32.0045927], [-81.2475973, 32.0055222], [-81.2485262, 32.0064516], [-81.2494568, 32.0073826], [-81.2514094, 32.0079122], [-81.2534079, 32.0068523], [-81.2531513, 32.0067859]]}}, {"type": "Feature", "properties": {"project_id": "GPC_21129", "route_mi": 73.62}, "geometry": {"type": "LineString", "coordinates": [[-84.4951067, 34.2394216], [-84.4957607, 34.2396518], [-84.4937751, 34.2406475], [-84.4921221, 34.240682], [-84.4895423, 34.2408085], [-84.4881565, 34.2408775], [-84.4864812, 34.2409834], [-84.4852205, 34.2419243], [-84.4834478, 34.2432494], [-84.4824654, 34.2439855], [-84.4806009, 34.2442777], [-84.4794098, 34.2450943], [-84.4784052, 34.2457983], [-84.477203, 34.2466264], [-84.4761205, 34.2474017], [-84.4749792, 34.2481922], [-84.4736883, 34.2490559], [-84.472606, 34.2494349], [-84.4713132, 34.2510176], [-84.4720235, 34.2529222], [-84.4722035, 34.2537798], [-84.4715231, 34.2550866], [-84.4706187, 34.2562492], [-84.4695826, 34.257606], [-84.4688911, 34.2585116], [-84.467967, 34.2597174], [-84.4680439, 34.2609388], [-84.4681016, 34.2620989], [-84.4661623, 34.2625393], [-84.4651933, 34.2634947], [-84.464472, 34.2642036], [-84.4631233, 34.2654976], [-84.4618899, 34.2666848], [-84.460533, 34.2680015], [-84.4591485, 34.2693181], [-84.4579701, 34.2704622], [-84.4568878, 34.2715064], [-84.4557753, 34.272571], [-84.4546821, 34.273622], [-84.4532152, 34.2750361], [-84.4514999, 34.2766705], [-84.4507143, 34.2774719], [-84.4497115, 34.2789003], [-84.4488092, 34.2797803], [-84.4454727, 34.2829706], [-84.4437844, 34.2846022], [-84.4421043, 34.2862763], [-84.4404562, 34.2879514], [-84.4419691, 34.2894897], [-84.4389941, 34.2914759], [-84.4379068, 34.2922432], [-84.4360654, 34.2936208], [-84.4339015, 34.2953199], [-84.4316101, 34.296997], [-84.4299175, 34.2980553], [-84.4283489, 34.2990589], [-84.4272929, 34.3000922], [-84.426565, 34.3013542], [-84.4248861, 34.3029507], [-84.4229971, 34.3042486], [-84.4220231, 34.3051272], [-84.4209902, 34.3061181], [-84.4199726, 34.3071132], [-84.4188551, 34.3081697], [-84.4177529, 34.3092156], [-84.416395, 34.3105297], [-84.4144473, 34.3126794], [-84.4131505, 34.3130955], [-84.4093238, 34.3167675], [-84.4079279, 34.3180999], [-84.4058, 34.3201399], [-84.4042341, 34.3215374], [-84.4025303, 34.3226903], [-84.4035946, 34.3253354], [-84.403593, 34.3260688], [-84.4036112, 34.32851], [-84.4076247, 34.3284972], [-84.4114948, 34.3284859], [-84.415998, 34.3284746], [-84.4196707, 34.3284632], [-84.4223935, 34.3284622], [-84.4267678, 34.3263083], [-84.4305183, 34.3257652], [-84.4354874, 34.3250001], [-84.4399684, 34.3242783], [-84.445778, 34.3230503], [-84.450103, 34.3221267], [-84.4537946, 34.3213533], [-84.4568174, 34.3207024], [-84.4599669, 34.3200285], [-84.4615648, 34.3196839], [-84.4639791, 34.3191675], [-84.4667771, 34.3185557], [-84.4691849, 34.3186265], [-84.4735661, 34.3187142], [-84.475803, 34.3187919], [-84.4785728, 34.3179016], [-84.481894, 34.3179632], [-84.4843819, 34.3180071], [-84.487352, 34.3180487], [-84.4904017, 34.3192597], [-84.493205, 34.3203599], [-84.4945186, 34.3208627], [-84.4962339, 34.3198034], [-84.4983635, 34.3184836], [-84.5000727, 34.3173962], [-84.5023815, 34.3159156], [-84.5035714, 34.3151395], [-84.5060657, 34.3135414], [-84.5081613, 34.3121473], [-84.5106126, 34.3109184], [-84.5123452, 34.3099902], [-84.5149397, 34.3086209], [-84.5187495, 34.3066076], [-84.5205816, 34.305637], [-84.5238315, 34.3039364], [-84.5275862, 34.3019497], [-84.5313475, 34.2999523], [-84.5351347, 34.2979548], [-84.5395433, 34.295615], [-84.5416732, 34.2944972], [-84.5448874, 34.292791], [-84.5471694, 34.2915315], [-84.5500044, 34.2900015], [-84.5543559, 34.287622], [-84.5560353, 34.2867011], [-84.5578115, 34.2857227], [-84.5620282, 34.2834017], [-84.5648313, 34.2818942], [-84.5670485, 34.2806837], [-84.5699634, 34.2790763], [-84.571818, 34.278058], [-84.5752585, 34.2761785], [-84.5790312, 34.2740169], [-84.5802304, 34.273283], [-84.581808, 34.2727871], [-84.5837657, 34.2726713], [-84.586158, 34.271895], [-84.5879855, 34.2712934], [-84.5903355, 34.2705346], [-84.594078, 34.2693089], [-84.5977209, 34.2681357], [-84.6012429, 34.2670348], [-84.6053328, 34.2658566], [-84.6082205, 34.2650578], [-84.6132076, 34.2636773], [-84.6158959, 34.2629508], [-84.618835, 34.262147], [-84.6219717, 34.2612606], [-84.6254849, 34.2603021], [-84.6278833, 34.2596306], [-84.6312353, 34.2587124], [-84.6342987, 34.2578879], [-84.6374553, 34.2570241], [-84.6406239, 34.2561503], [-84.6426809, 34.255616], [-84.6467467, 34.2540281], [-84.6489064, 34.2532117], [-84.6512625, 34.2523029], [-84.6559142, 34.2505277], [-84.6574198, 34.2499684], [-84.6616517, 34.2483484], [-84.6649716, 34.247081], [-84.6685296, 34.2457344], [-84.6702235, 34.2450854], [-84.6737289, 34.2437489], [-84.6764962, 34.2426972], [-84.6782398, 34.2420352], [-84.6807437, 34.2410769], [-84.6842944, 34.239715], [-84.6883229, 34.2382658], [-84.6901161, 34.2376625], [-84.6929443, 34.2366873], [-84.6947359, 34.2360945], [-84.6980207, 34.2350331], [-84.6998157, 34.2344419], [-84.7029739, 34.2334139], [-84.7059832, 34.2324245], [-84.7082862, 34.2316716], [-84.7101279, 34.2310683], [-84.7140023, 34.229805], [-84.7168313, 34.2288826], [-84.7211336, 34.2274804], [-84.7242684, 34.226462], [-84.7270625, 34.2255416], [-84.7296837, 34.2246992], [-84.73201, 34.2239438], [-84.7370246, 34.2222881], [-84.7396924, 34.22154], [-84.7427718, 34.2206419], [-84.74621, 34.2196064], [-84.7489374, 34.2187539], [-84.7503005, 34.2183219], [-84.7548597, 34.2168979], [-84.7561148, 34.2165648], [-84.7577811, 34.2161307], [-84.7618035, 34.2150987], [-84.764234, 34.214462], [-84.7664478, 34.2138815], [-84.7704046, 34.2128548], [-84.7720739, 34.2119154], [-84.7768774, 34.2106675], [-84.7789545, 34.2097111], [-84.7807063, 34.2081901], [-84.780656, 34.2071055], [-84.7820281, 34.2056233], [-84.7833629, 34.2052387], [-84.7847746, 34.2048338], [-84.7861758, 34.2044361], [-84.7885555, 34.2041092], [-84.7903464, 34.2044635], [-84.7919742, 34.2049336], [-84.7943079, 34.204419], [-84.7966618, 34.204458], [-84.7984393, 34.2054419], [-84.7999034, 34.2044626], [-84.8014001, 34.2045016], [-84.8028857, 34.2045079], [-84.8041451, 34.2045249], [-84.8053499, 34.203306], [-84.8058545, 34.2018779], [-84.8062723, 34.2005562], [-84.8067186, 34.1992484], [-84.8072889, 34.197485], [-84.8078761, 34.1957278], [-84.8083741, 34.1941647], [-84.8088894, 34.1925962], [-84.8088612, 34.1912004], [-84.8088373, 34.189997], [-84.8088873, 34.1888404], [-84.8089699, 34.1876928], [-84.8090351, 34.186313], [-84.8091091, 34.1849747], [-84.8090678, 34.1831794], [-84.8090539, 34.1814001], [-84.8104382, 34.179938], [-84.8126219, 34.1790258], [-84.8146092, 34.1770628], [-84.8155297, 34.1762995], [-84.8166437, 34.1753459], [-84.8182352, 34.1748477], [-84.8199032, 34.174515], [-84.8213766, 34.1740689], [-84.8249419, 34.1721964], [-84.8293886, 34.1699743], [-84.8328448, 34.1679743], [-84.835575, 34.1663632], [-84.838321, 34.164752], [-84.8428366, 34.1620825], [-84.846966, 34.1596462], [-84.8494614, 34.1581818], [-84.8528129, 34.1562033], [-84.8562625, 34.154182], [-84.8594961, 34.1522697], [-84.8636209, 34.1498582], [-84.8676041, 34.1475165], [-84.8707781, 34.1456674], [-84.8742281, 34.1436502], [-84.8768705, 34.1421092], [-84.8800333, 34.1402514], [-84.8827982, 34.1386428], [-84.8868332, 34.1362361], [-84.8886797, 34.1351629], [-84.8893685, 34.1347625], [-84.8925823, 34.1330862], [-84.8960562, 34.1312832], [-84.8987191, 34.129894], [-84.9020247, 34.1281796], [-84.9050395, 34.1266129], [-84.9086863, 34.124472], [-84.9117033, 34.1226969], [-84.9151367, 34.1206787], [-84.9173419, 34.1193872], [-84.9191356, 34.1183346], [-84.9199726, 34.1175573], [-84.9217559, 34.1190425], [-84.9236474, 34.1193901], [-84.9251783, 34.1196678], [-84.9285946, 34.1202615], [-84.9328012, 34.1209961], [-84.9367667, 34.1217006], [-84.9387242, 34.1216735], [-84.9406639, 34.1214688], [-84.9451674, 34.1209983], [-84.9491679, 34.1205818], [-84.9544062, 34.1200451], [-84.9594555, 34.1195045], [-84.9641052, 34.1190141], [-84.968737, 34.1187364], [-84.9729014, 34.1184794], [-84.9774368, 34.1181987], [-84.9817974, 34.1179358], [-84.9848592, 34.1177467], [-84.9881921, 34.1175458], [-84.9926134, 34.1172652], [-84.9970739, 34.1169993], [-85.0021125, 34.116695], [-85.006698, 34.1164144], [-85.0123254, 34.1160776], [-85.0159402, 34.1159623], [-85.0207433, 34.1158235], [-85.0249326, 34.1157053], [-85.0295894, 34.1155635], [-85.0341356, 34.1154158], [-85.0389596, 34.1152759], [-85.043515, 34.1151207], [-85.0461678, 34.1150487], [-85.0489994, 34.1149719], [-85.053557, 34.1148083], [-85.058111, 34.1146654], [-85.0616263, 34.1145523], [-85.0661803, 34.1144274], [-85.0694799, 34.1143143], [-85.0718923, 34.1142828], [-85.0767518, 34.113561], [-85.0811961, 34.1129394], [-85.0843735, 34.1124573], [-85.0875796, 34.1124187], [-85.0931041, 34.1122907], [-85.0981699, 34.1121776], [-85.1021707, 34.1120917], [-85.1073016, 34.1119678], [-85.111108, 34.1118765], [-85.1147323, 34.1117965], [-85.1195512, 34.1116997], [-85.1241565, 34.1115777], [-85.12865, 34.1114935], [-85.1323862, 34.1114177], [-85.1366001, 34.1113252], [-85.1425579, 34.1111995], [-85.1481798, 34.111066], [-85.1528848, 34.1109113], [-85.1569316, 34.1107628], [-85.1623249, 34.1105776], [-85.1652426, 34.110464], [-85.1685975, 34.1103545], [-85.1729487, 34.1101946], [-85.1778336, 34.1100263], [-85.1824687, 34.1098679], [-85.1857418, 34.1097489], [-85.1916738, 34.1095427], [-85.1939742, 34.1094725], [-85.1977344, 34.111294], [-85.2018263, 34.1134125], [-85.2061718, 34.115652], [-85.2112122, 34.1182635], [-85.2135311, 34.1194573], [-85.217543, 34.1216601], [-85.2216514, 34.1240089], [-85.2256358, 34.1263851], [-85.2290909, 34.1284682], [-85.2315226, 34.1299343], [-85.2338995, 34.131484], [-85.2395851, 34.1339695], [-85.2440271, 34.1359779], [-85.2472697, 34.1374431], [-85.2509563, 34.1391183], [-85.2541989, 34.1406085], [-85.2591593, 34.1428587], [-85.2618918, 34.1441069], [-85.2655894, 34.1458595], [-85.2695792, 34.1482624], [-85.2724772, 34.1500674], [-85.2746086, 34.1514092], [-85.2784578, 34.1537937], [-85.2821223, 34.1560845], [-85.2862721, 34.1587792], [-85.2886572, 34.1598287], [-85.2907307, 34.1608304], [-85.2942407, 34.1625096], [-85.2973813, 34.1640382], [-85.3015173, 34.1660368], [-85.3052176, 34.1678277], [-85.3099906, 34.1701182], [-85.3145015, 34.1722923], [-85.3188085, 34.1743637], [-85.3225198, 34.1761567], [-85.3272404, 34.1784127], [-85.3313819, 34.180509], [-85.3352146, 34.1830341], [-85.338937, 34.1855888], [-85.340845, 34.1869665], [-85.342811, 34.1883532], [-85.3453946, 34.1912111], [-85.3466326, 34.1925385], [-85.347046, 34.1938349], [-85.3468769, 34.1967705], [-85.3467557, 34.1988363], [-85.3465555, 34.2021843], [-85.3463272, 34.2059566], [-85.3460735, 34.2101623], [-85.3458677, 34.2138573], [-85.3456591, 34.217291], [-85.3451432, 34.2202724], [-85.3444807, 34.2241022], [-85.3438267, 34.2278991], [-85.3431079, 34.2320501], [-85.3423778, 34.2362941], [-85.3430712, 34.2394147], [-85.343604, 34.2418243], [-85.344306, 34.2451917], [-85.3451691, 34.2466571], [-85.345682, 34.2487699], [-85.346211, 34.2509619], [-85.3457246, 34.2510027], [-85.34558, 34.2512064]]}}, {"type": "Feature", "properties": {"project_id": "GPC_18669", "route_mi": 15.46}, "geometry": {"type": "LineString", "coordinates": [[-84.1335754, 34.3781185], [-84.1334865, 34.3780955], [-84.1335613, 34.3773711], [-84.1346185, 34.3760068], [-84.1357712, 34.3760271], [-84.13741, 34.3760286], [-84.1408695, 34.3760209], [-84.1465649, 34.3760057], [-84.1479459, 34.3760032], [-84.1506743, 34.3759954], [-84.1549667, 34.3759779], [-84.1565536, 34.375976], [-84.1615447, 34.3759476], [-84.165264, 34.3759451], [-84.1682908, 34.3759494], [-84.1715757, 34.3759323], [-84.1754967, 34.3759339], [-84.1809762, 34.375902], [-84.1820615, 34.3759068], [-84.1875839, 34.375878], [-84.1933188, 34.3758514], [-84.1976097, 34.3758646], [-84.201733, 34.3758575], [-84.2045251, 34.3758393], [-84.207032, 34.3758403], [-84.2092641, 34.3758225], [-84.2120446, 34.375804], [-84.2138101, 34.3758149], [-84.218461, 34.3758247], [-84.2236254, 34.3758198], [-84.2263618, 34.3758112], [-84.2316535, 34.3757938], [-84.2363185, 34.375764], [-84.2405939, 34.375764], [-84.2457097, 34.3757698], [-84.2493439, 34.3757599], [-84.2520142, 34.3757622], [-84.2548018, 34.3757566], [-84.2587799, 34.3755875], [-84.2617935, 34.3754522], [-84.2647057, 34.3753297], [-84.2673745, 34.3752195], [-84.2711432, 34.3750733], [-84.2763877, 34.3748377], [-84.2788152, 34.374738], [-84.2825153, 34.3745855], [-84.2855908, 34.3744608], [-84.2867223, 34.3744193], [-84.2883676, 34.3743583], [-84.2901672, 34.3742558], [-84.2917251, 34.3742114], [-84.2938807, 34.3741366], [-84.2963787, 34.3740147], [-84.2995147, 34.3738844], [-84.3022612, 34.3737819], [-84.3052058, 34.3737459], [-84.3069484, 34.3737348], [-84.3105779, 34.3737071], [-84.3129484, 34.3736794], [-84.3146238, 34.37366], [-84.3170178, 34.3736156], [-84.3194655, 34.3735962], [-84.3234005, 34.3735408], [-84.3250189, 34.3735214], [-84.3266943, 34.3735103], [-84.3293804, 34.3734771], [-84.3333054, 34.373441], [-84.3356994, 34.3734189], [-84.3387077, 34.3733717], [-84.3410816, 34.3733551], [-84.3429047, 34.3733801], [-84.3478236, 34.3734577], [-84.3508622, 34.3734881], [-84.3537032, 34.373552], [-84.3573908, 34.3736345], [-84.3603077, 34.3736756], [-84.3620597, 34.373273], [-84.36532, 34.3725253], [-84.3689262, 34.3717036], [-84.3707332, 34.3713048], [-84.3725508, 34.3711158], [-84.3744955, 34.3711323], [-84.3761109, 34.3711285], [-84.3792634, 34.3711502], [-84.3821886, 34.3711711], [-84.3817352, 34.372714], [-84.3810745, 34.3749496], [-84.3803764, 34.3773235], [-84.3796703, 34.3797729], [-84.3790586, 34.3817733], [-84.3791523, 34.3831194], [-84.3793334, 34.3863305], [-84.3779351, 34.3861963], [-84.3703566, 34.3829368]]}}, {"type": "Feature", "properties": {"project_id": "GPC_20480", "route_mi": 11.03}, "geometry": {"type": "LineString", "coordinates": [[-84.4629659, 33.6763499], [-84.4625148, 33.6758927], [-84.4642031, 33.6750503], [-84.4662706, 33.6726463], [-84.4679565, 33.670877], [-84.470154, 33.6687295], [-84.4724067, 33.6665252], [-84.4753253, 33.6637339], [-84.4782897, 33.6609201], [-84.4792588, 33.659976], [-84.4803041, 33.6589552], [-84.4815941, 33.657691], [-84.4829928, 33.6563139], [-84.4846531, 33.6547056], [-84.4863935, 33.6529994], [-84.4884742, 33.650977], [-84.4912001, 33.6482898], [-84.4940313, 33.6455241], [-84.4957063, 33.6439149], [-84.4982567, 33.6413673], [-84.5013536, 33.6383501], [-84.5041687, 33.6355778], [-84.506138, 33.6336355], [-84.5085408, 33.6313008], [-84.5110318, 33.6288464], [-84.5130532, 33.6268626], [-84.515965, 33.6239972], [-84.5171972, 33.6228109], [-84.5200464, 33.6199653], [-84.5226539, 33.6174083], [-84.5250988, 33.6150011], [-84.5269193, 33.6131931], [-84.528066, 33.6120705], [-84.5308483, 33.6093409], [-84.5325138, 33.6074334], [-84.5359836, 33.6042316], [-84.5378139, 33.602401], [-84.5365014, 33.6003104], [-84.534581, 33.5978748], [-84.5329799, 33.5958157], [-84.531325, 33.5936702], [-84.5291682, 33.5908613], [-84.5270072, 33.588028], [-84.5251476, 33.5855943], [-84.5242334, 33.5844248], [-84.52296, 33.5827593], [-84.5207824, 33.5799224], [-84.5186949, 33.5772237], [-84.516159, 33.5740132], [-84.5119275, 33.5727357], [-84.5084819, 33.571709], [-84.5085112, 33.5687033], [-84.5085288, 33.5644852], [-84.5085606, 33.5610916], [-84.5086024, 33.5581261], [-84.5086415, 33.5558444], [-84.5117275, 33.5558859], [-84.5115339, 33.5540282], [-84.5092184, 33.5530377], [-84.5090666, 33.5531702]]}}, {"type": "Feature", "properties": {"project_id": "GPC_12120", "route_mi": 2.56}, "geometry": {"type": "LineString", "coordinates": [[-83.8631294, 34.304997], [-83.8632382, 34.3049436], [-83.86438, 34.3029953], [-83.8653581, 34.301398], [-83.8660706, 34.3002503], [-83.8673531, 34.2981821], [-83.8694617, 34.2947679], [-83.8717311, 34.291124], [-83.8725098, 34.289887], [-83.8735368, 34.2882056], [-83.8745148, 34.286636], [-83.8753612, 34.2852747], [-83.8764108, 34.2835962], [-83.8774189, 34.2819458], [-83.8782164, 34.2806682], [-83.8788973, 34.2795586], [-83.8787386, 34.277432], [-83.8779259, 34.2763308], [-83.877087, 34.2751393], [-83.8763223, 34.2740706], [-83.8757523, 34.2732565], [-83.8738826, 34.2728493], [-83.8738012, 34.2728832]]}}, {"type": "Feature", "properties": {"project_id": "GPC_20428", "route_mi": 32.57}, "geometry": {"type": "LineString", "coordinates": [[-83.3169141, 32.8824706], [-83.3170137, 32.8826786], [-83.3170294, 32.8842425], [-83.3169004, 32.8866726], [-83.3168359, 32.8882732], [-83.3167862, 32.8893278], [-83.3168458, 32.8909533], [-83.3168756, 32.8924663], [-83.3167704, 32.8939286], [-83.3149091, 32.8944871], [-83.3127796, 32.8951414], [-83.310948, 32.8957083], [-83.3088186, 32.896396], [-83.3068728, 32.8971003], [-83.3050412, 32.8976421], [-83.302971, 32.8983131], [-83.301368, 32.8988758], [-83.2991112, 32.8995876], [-83.2969092, 32.9002089], [-83.2934638, 32.901309], [-83.290663, 32.9021972], [-83.2892908, 32.90264], [-83.288015, 32.9038206], [-83.2867505, 32.9049822], [-83.285435, 32.9062152], [-83.2842783, 32.907272], [-83.2835468, 32.907948], [-83.281857, 32.9095285], [-83.2810978, 32.9102508], [-83.2795317, 32.9117213], [-83.2781014, 32.9130337], [-83.2768995, 32.9141417], [-83.2751079, 32.9157798], [-83.2737994, 32.91699], [-83.2724909, 32.9182193], [-83.2706081, 32.9199819], [-83.2691893, 32.921307], [-83.2676982, 32.9226671], [-83.2663403, 32.923906], [-83.2648454, 32.9253427], [-83.2623235, 32.9276256], [-83.2599347, 32.9298445], [-83.2587023, 32.9310034], [-83.2565266, 32.9329923], [-83.2554159, 32.9340459], [-83.2544574, 32.9348631], [-83.2518061, 32.9369478], [-83.2501173, 32.9382598], [-83.2469678, 32.9408232], [-83.245199, 32.9422597], [-83.2426087, 32.9443091], [-83.2408437, 32.94572], [-83.2390065, 32.9471755], [-83.2368384, 32.9489566], [-83.2354158, 32.9500898], [-83.2336737, 32.9515134], [-83.2312165, 32.9534827], [-83.2302237, 32.9542711], [-83.2278768, 32.956151], [-83.2260814, 32.9575745], [-83.2240882, 32.9591447], [-83.2217337, 32.9610245], [-83.2198394, 32.962566], [-83.2182343, 32.9638107], [-83.2163742, 32.9652978], [-83.2154613, 32.9660127], [-83.2129318, 32.9680041], [-83.2099573, 32.9703464], [-83.2076789, 32.972092], [-83.206241, 32.9731929], [-83.2045674, 32.9745012], [-83.2023878, 32.9761541], [-83.2006571, 32.9775358], [-83.1993448, 32.9785537], [-83.1974658, 32.9799864], [-83.1956888, 32.9815106], [-83.1943121, 32.9829982], [-83.1932965, 32.9841546], [-83.1921377, 32.9855595], [-83.1908691, 32.9870314], [-83.1897536, 32.9884111], [-83.1886248, 32.9897294], [-83.1861142, 32.9914163], [-83.1841929, 32.9928183], [-83.1823782, 32.9940164], [-83.1802771, 32.9954798], [-83.1782326, 32.9967672], [-83.1768541, 32.9978172], [-83.1755921, 32.998736], [-83.1741603, 32.9997469], [-83.1735643, 33.0014057], [-83.1729649, 33.003084], [-83.1725727, 33.0041593], [-83.1712414, 33.0052151], [-83.169777, 33.0063826], [-83.1682289, 33.0076522], [-83.1666427, 33.0089345], [-83.1649729, 33.0102965], [-83.1635997, 33.0114097], [-83.1621162, 33.0126281], [-83.1604844, 33.0138019], [-83.1587385, 33.0150267], [-83.1572665, 33.0159931], [-83.1557069, 33.0171063], [-83.1542463, 33.018111], [-83.1526563, 33.0192336], [-83.1509751, 33.0204296], [-83.149115, 33.0217181], [-83.1471409, 33.0217149], [-83.1446799, 33.021699], [-83.1424014, 33.0216767], [-83.1401268, 33.0216607], [-83.1373462, 33.0216129], [-83.1352314, 33.0216065], [-83.1328046, 33.0215778], [-83.1309141, 33.0215587], [-83.1279624, 33.0215332], [-83.1241929, 33.0214662], [-83.1220476, 33.0214694], [-83.1192252, 33.0214407], [-83.116787, 33.0214279], [-83.1145884, 33.0213801], [-83.1125078, 33.0213258], [-83.1108417, 33.0213641], [-83.1083579, 33.0213514], [-83.1063572, 33.021333], [-83.1047955, 33.0213358], [-83.101842, 33.0213135], [-83.0987986, 33.02128], [-83.0974733, 33.0212632], [-83.0961814, 33.0212632], [-83.0935875, 33.0211432], [-83.0914431, 33.0210483], [-83.0893354, 33.0209589], [-83.0868847, 33.0208221], [-83.0846238, 33.0207328], [-83.0832519, 33.0206686], [-83.0808678, 33.020501], [-83.0787367, 33.0203866], [-83.0757632, 33.0201884], [-83.0723735, 33.0200292], [-83.0696831, 33.0198701], [-83.066976, 33.0197919], [-83.0639292, 33.0196998], [-83.0620513, 33.0196383], [-83.059454, 33.019563], [-83.0566903, 33.0194876], [-83.0550941, 33.0194313], [-83.052993, 33.0193615], [-83.051448, 33.0193252], [-83.0488341, 33.0192443], [-83.0470427, 33.0192024], [-83.0439427, 33.0191019], [-83.0416618, 33.0189679], [-83.0396207, 33.0188311], [-83.0375962, 33.0186915], [-83.0357248, 33.0185602], [-83.033677, 33.0184262], [-83.0303639, 33.0182196], [-83.0280997, 33.0180577], [-83.0252627, 33.0178985], [-83.023398, 33.0177478], [-83.0214668, 33.0176054], [-83.0191692, 33.017449], [-83.0147872, 33.0171419], [-83.0130125, 33.0170665], [-83.0104153, 33.0168878], [-83.008454, 33.0167426], [-83.0060052, 33.0165627], [-83.0035214, 33.0163969], [-82.9999953, 33.0161545], [-82.9970702, 33.0159503], [-82.9945179, 33.0158196], [-82.9922471, 33.0156665], [-82.990136, 33.0155198], [-82.9863855, 33.0152614], [-82.9847917, 33.0151498], [-82.9820797, 33.0149552], [-82.9799001, 33.0147638], [-82.9775646, 33.0146235], [-82.9755182, 33.0144863], [-82.9732702, 33.0143524], [-82.9709119, 33.0142184], [-82.9689643, 33.0140781], [-82.9664463, 33.0138931], [-82.9638559, 33.0137496], [-82.9614025, 33.0136028], [-82.9598201, 33.0134561], [-82.9579297, 33.0133062], [-82.9541145, 33.0130893], [-82.9519616, 33.0129521], [-82.9499494, 33.012815], [-82.94769, 33.0126683], [-82.9448182, 33.0124514], [-82.9420947, 33.0122504], [-82.9388653, 33.0120335], [-82.9364879, 33.0118453], [-82.9344149, 33.0116348], [-82.9327983, 33.0114977], [-82.9314898, 33.0113733], [-82.9288158, 33.0111021], [-82.9257842, 33.01078], [-82.9194662, 33.0101006], [-82.9169595, 33.009839], [-82.9147457, 33.0096062], [-82.9124635, 33.0093861], [-82.9100139, 33.0091341], [-82.9075338, 33.0088598], [-82.9052782, 33.0086173], [-82.9027829, 33.0083685], [-82.9004855, 33.0081325], [-82.8985532, 33.007855], [-82.8957878, 33.0074658], [-82.8924405, 33.0069682], [-82.8900328, 33.0066301], [-82.8864458, 33.006142], [-82.8823302, 33.0055136], [-82.8800898, 33.0051787], [-82.8790399, 33.0050511], [-82.8766072, 33.0046596], [-82.87401, 33.0042799], [-82.8710765, 33.0038833], [-82.8696014, 33.0036907], [-82.8664781, 33.0032606], [-82.8644969, 33.0030735], [-82.862479, 33.0029032], [-82.859712, 33.002677], [-82.8577174, 33.002529], [-82.8562157, 33.0024033], [-82.8538549, 33.002233], [-82.8514974, 33.0020515], [-82.8489135, 33.0018337], [-82.8463496, 33.0016633], [-82.8443251, 33.0014734], [-82.842557, 33.0013422], [-82.8408576, 33.0011937], [-82.8376097, 33.0009543], [-82.8355533, 33.0008062], [-82.8334062, 33.0006504], [-82.8325999, 33.0018129], [-82.8327291, 33.0018214]]}}, {"type": "Feature", "properties": {"project_id": "GPC_20284", "route_mi": 54.86}, "geometry": {"type": "LineString", "coordinates": [[-84.3430254, 33.5496013], [-84.3430724, 33.549386], [-84.3420817, 33.550533], [-84.340045, 33.5511315], [-84.3391028, 33.5514086], [-84.3370799, 33.5520091], [-84.3357428, 33.5524055], [-84.3342072, 33.5528943], [-84.3326831, 33.5533947], [-84.3314038, 33.5537892], [-84.3302283, 33.5541664], [-84.3289282, 33.5545821], [-84.3276974, 33.554967], [-84.3264504, 33.5553672], [-84.3252658, 33.5558022], [-84.3237856, 33.556341], [-84.3221991, 33.5569125], [-84.3211184, 33.5572916], [-84.3189928, 33.5584439], [-84.3195268, 33.5601935], [-84.3199667, 33.5616745], [-84.3203566, 33.5627656], [-84.3207082, 33.5637826], [-84.3211184, 33.5649528], [-84.3217125, 33.56665], [-84.3218984, 33.567539], [-84.3222217, 33.5688574], [-84.322929, 33.571164], [-84.3235776, 33.5733156], [-84.3241131, 33.5750413], [-84.3247718, 33.5771828], [-84.3252149, 33.5786266], [-84.3256396, 33.5800214], [-84.3261156, 33.5815956], [-84.3266431, 33.5833008], [-84.327219, 33.5852744], [-84.3273845, 33.5856959], [-84.3279436, 33.5875662], [-84.328555, 33.5895642], [-84.3289243, 33.590752], [-84.3294187, 33.5923483], [-84.3296853, 33.5932371], [-84.3302267, 33.5950091], [-84.330652, 33.5964118], [-84.3312325, 33.5982742], [-84.3318015, 33.6003015], [-84.3323616, 33.6020044], [-84.3337576, 33.6023161], [-84.3355899, 33.6013522], [-84.3360566, 33.5994436], [-84.3360582, 33.598615], [-84.3361094, 33.5971188], [-84.3361359, 33.5960865], [-84.3378321, 33.5950029], [-84.3400101, 33.5948861], [-84.3428051, 33.5947011], [-84.3458828, 33.594742], [-84.3483179, 33.594777], [-84.3509587, 33.5948082], [-84.3528482, 33.594832], [-84.3560328, 33.5948629], [-84.3579929, 33.5948921], [-84.3616268, 33.5949289], [-84.3653956, 33.5949361], [-84.366364, 33.5949394], [-84.3709875, 33.5951248], [-84.374605, 33.5952694], [-84.3773206, 33.595137], [-84.3800469, 33.5950222], [-84.383272, 33.5948781], [-84.3851364, 33.5948144], [-84.3865687, 33.5944307], [-84.3885959, 33.5939134], [-84.3909853, 33.5933065], [-84.3930425, 33.5927878], [-84.3949247, 33.5923203], [-84.4010716, 33.5907484], [-84.4032293, 33.5902143], [-84.4053895, 33.5896588], [-84.4084417, 33.5888916], [-84.4108377, 33.5883014], [-84.4128844, 33.5873849], [-84.4160747, 33.5860064], [-84.4178727, 33.5852409], [-84.4193681, 33.5845586], [-84.4219266, 33.583444], [-84.4247645, 33.5822087], [-84.4278955, 33.5808444], [-84.4298343, 33.5800057], [-84.4317396, 33.5791755], [-84.4338973, 33.578236], [-84.4362867, 33.5771956], [-84.439088, 33.5759921], [-84.4416963, 33.5748509], [-84.4434626, 33.5741001], [-84.4458726, 33.5730489], [-84.4480226, 33.57212], [-84.4496807, 33.5713949], [-84.4521139, 33.570363], [-84.4536279, 33.5692946], [-84.4548766, 33.5684493], [-84.4562696, 33.5675075], [-84.4583198, 33.5663063], [-84.4607866, 33.5646325], [-84.4638173, 33.5625623], [-84.4661159, 33.5619578], [-84.4668669, 33.5617772], [-84.4700814, 33.5609881], [-84.4742394, 33.5599439], [-84.4781196, 33.5589857], [-84.482007, 33.5580186], [-84.486439, 33.5569151], [-84.4912306, 33.5557463], [-84.4937795, 33.5551322], [-84.4983374, 33.5540346], [-84.5027633, 33.5529646], [-84.5049579, 33.5524285], [-84.5081699, 33.5516587], [-84.5109227, 33.5510304], [-84.515612, 33.5499719], [-84.5208974, 33.5487706], [-84.5231308, 33.5480932], [-84.5258699, 33.5474852], [-84.5289118, 33.5467937], [-84.5315877, 33.5461967], [-84.5341188, 33.5456128], [-84.5365899, 33.545058], [-84.5391134, 33.5444837], [-84.54153, 33.5437876], [-84.5428971, 33.5434065], [-84.5449778, 33.5427589], [-84.5474798, 33.5419247], [-84.5500636, 33.541062], [-84.5525841, 33.540241], [-84.5566224, 33.5388844], [-84.5578319, 33.5384919], [-84.5594971, 33.5379513], [-84.5611107, 33.5374107], [-84.5639314, 33.5364754], [-84.5654601, 33.5359756], [-84.5677507, 33.535214], [-84.5695805, 33.5346369], [-84.5721798, 33.5337617], [-84.5753994, 33.5327255], [-84.5770054, 33.5322106], [-84.5812673, 33.5308376], [-84.5838975, 33.5299902], [-84.5865818, 33.5291342], [-84.5878902, 33.5287616], [-84.5898029, 33.5282306], [-84.5918236, 33.5276347], [-84.594683, 33.5268155], [-84.5980157, 33.5258819], [-84.6013125, 33.524955], [-84.6026637, 33.5245753], [-84.6046994, 33.5238844], [-84.6069204, 33.5231163], [-84.6089613, 33.5224255], [-84.6126004, 33.5211767], [-84.614492, 33.5205288], [-84.6182032, 33.5192575], [-84.6202204, 33.5185853], [-84.6222113, 33.5179025], [-84.6244693, 33.517124], [-84.6265988, 33.5164019], [-84.6284321, 33.5157808], [-84.6299557, 33.5152532], [-84.6309678, 33.5149108], [-84.6327604, 33.5141873], [-84.6341884, 33.513637], [-84.6356687, 33.5130655], [-84.6374392, 33.5123714], [-84.6419551, 33.5106318], [-84.644235, 33.5097057], [-84.6474894, 33.5084198], [-84.6502836, 33.5079765], [-84.6520846, 33.5076789], [-84.6538529, 33.5074114], [-84.6557041, 33.5070895], [-84.6575448, 33.5067872], [-84.6595929, 33.5064515], [-84.6616397, 33.5061194], [-84.6633391, 33.5058449], [-84.6649529, 33.5055783], [-84.6664825, 33.5053124], [-84.6681965, 33.5053203], [-84.6700228, 33.5052945], [-84.6723587, 33.5052758], [-84.6739401, 33.5052627], [-84.6779853, 33.5052694], [-84.6806598, 33.5053594], [-84.6831053, 33.5053852], [-84.6860404, 33.5054339], [-84.6908515, 33.5043636], [-84.6944956, 33.5036058], [-84.6976843, 33.5029491], [-84.7000764, 33.5024626], [-84.7031551, 33.5018376], [-84.7047438, 33.501512], [-84.707266, 33.501018], [-84.7089131, 33.5006849], [-84.7106162, 33.5003369], [-84.7130621, 33.4998167], [-84.7155103, 33.4992778], [-84.7183467, 33.4986678], [-84.7207163, 33.4981738], [-84.7222242, 33.4978463], [-84.724062, 33.4974889], [-84.7273921, 33.4968283], [-84.7291356, 33.4964822], [-84.7320528, 33.4959152], [-84.7334126, 33.4956513], [-84.7372158, 33.4949153], [-84.7417886, 33.4940461], [-84.7444122, 33.4935321], [-84.7467788, 33.4930584], [-84.7493017, 33.4925688], [-84.7534385, 33.4917647], [-84.755494, 33.4913642], [-84.7600561, 33.4904627], [-84.763792, 33.4897434], [-84.7660106, 33.4893295], [-84.767743, 33.4889998], [-84.7704277, 33.4885181], [-84.7721255, 33.4879464], [-84.7751815, 33.4869512], [-84.7765524, 33.4865066], [-84.7782153, 33.4859746], [-84.7806113, 33.4852018], [-84.7820996, 33.4846962], [-84.7850541, 33.4837408], [-84.787907, 33.4828197], [-84.7909376, 33.4818324], [-84.7938191, 33.4809034], [-84.7960215, 33.480194], [-84.7976336, 33.4796593], [-84.7990825, 33.4791963], [-84.8008945, 33.4786072], [-84.803595, 33.4777278], [-84.8056281, 33.4770719], [-84.8082885, 33.4762031], [-84.8108178, 33.4754408], [-84.8140515, 33.4744879], [-84.8160857, 33.4739029], [-84.8198284, 33.4727697], [-84.8226535, 33.4718357], [-84.8252273, 33.4709859], [-84.8279669, 33.470075], [-84.8296125, 33.4695361], [-84.8327797, 33.4684758], [-84.8346359, 33.4681497], [-84.8370049, 33.4677142], [-84.8398115, 33.4672084], [-84.8419674, 33.466812], [-84.8449286, 33.4662653], [-84.8466959, 33.4659411], [-84.8487582, 33.4655603], [-84.8513097, 33.4650917], [-84.8563356, 33.464166], [-84.8589971, 33.4636778], [-84.8607409, 33.4633541], [-84.8628165, 33.4629702], [-84.8645736, 33.4626457], [-84.8667178, 33.4622552], [-84.8692773, 33.4617748], [-84.8709617, 33.461462], [-84.8736194, 33.4610666], [-84.8766725, 33.4606039], [-84.8788218, 33.4602942], [-84.8822807, 33.4597679], [-84.8852297, 33.4593374], [-84.8863745, 33.4590668], [-84.8881278, 33.4586938], [-84.8898415, 33.458306], [-84.8919142, 33.4578576], [-84.894567, 33.4572841], [-84.8976992, 33.4565813], [-84.9003383, 33.4560218], [-84.904249, 33.4575428], [-84.9050501, 33.4588754], [-84.9061085, 33.4606685], [-84.9071909, 33.461092], [-84.909245, 33.4618877], [-84.9101674, 33.4601615], [-84.9106201, 33.4576121], [-84.9108792, 33.4560294], [-84.9110691, 33.4552177], [-84.9108534, 33.45359], [-84.9116832, 33.4525985], [-84.9137931, 33.4500183], [-84.9154533, 33.4479818], [-84.9174301, 33.4455356], [-84.9187364, 33.4439376], [-84.9194606, 33.4430424], [-84.9207105, 33.4415093], [-84.9214105, 33.4406744], [-84.9238701, 33.4376259], [-84.9255476, 33.4368918], [-84.9290478, 33.4353675], [-84.9313776, 33.4343334], [-84.9356933, 33.432442], [-84.9386502, 33.4312019], [-84.9407047, 33.4302841], [-84.9430238, 33.4293126], [-84.9442522, 33.4292835], [-84.9470846, 33.4292902], [-84.9521087, 33.4289975], [-84.9540664, 33.4288739], [-84.9576901, 33.4289701], [-84.9588971, 33.428997], [-84.9636017, 33.429091], [-84.966308, 33.4290731], [-84.9684016, 33.4290915], [-84.9711467, 33.4291156], [-84.974204, 33.4291653], [-84.9782565, 33.4292163], [-84.9800642, 33.4292575], [-84.984957, 33.4293518], [-84.9870016, 33.4293848], [-84.9895433, 33.4294468], [-84.9907026, 33.4294838], [-84.9922148, 33.4281719], [-84.9933735, 33.4272137], [-84.9955819, 33.4253312], [-84.9965432, 33.4253464], [-85.0000648, 33.4253573], [-85.0017891, 33.4253781], [-85.0048393, 33.4253599], [-85.0072994, 33.4253674], [-85.009884, 33.4253977], [-85.0119577, 33.4253758], [-85.0144385, 33.4262311], [-85.016746, 33.4270096], [-85.0170885, 33.4266108], [-85.0185849, 33.4252966], [-85.020017, 33.4240793], [-85.0200358, 33.4221236], [-85.0200947, 33.4195288], [-85.0201283, 33.4179851], [-85.020141, 33.417252], [-85.020178, 33.4153641], [-85.0202309, 33.4129071], [-85.0202654, 33.4110983], [-85.0202865, 33.4094771], [-85.0203489, 33.4066463], [-85.020324, 33.4038833], [-85.0202196, 33.4013221], [-85.0201659, 33.3996897], [-85.0200912, 33.3973395], [-85.0200663, 33.396264], [-85.0198883, 33.3945674], [-85.0197424, 33.3923002], [-85.0196428, 33.39118], [-85.0194613, 33.3888415], [-85.0193758, 33.3876766], [-85.0191267, 33.3844435], [-85.0190057, 33.3828151], [-85.0188847, 33.3811628], [-85.0187922, 33.3797304], [-85.0186463, 33.378084], [-85.018568, 33.3768655], [-85.0184612, 33.3754835], [-85.0183224, 33.3738519], [-85.0187032, 33.3717477], [-85.018511, 33.369269], [-85.0178384, 33.3672806], [-85.0176142, 33.3638892], [-85.0174932, 33.362617], [-85.0172583, 33.3597426], [-85.0171587, 33.358625], [-85.0169914, 33.3563777], [-85.0166889, 33.3536726], [-85.0164825, 33.3508485], [-85.0163437, 33.3480094], [-85.0162547, 33.3461751], [-85.0161301, 33.3438383], [-85.0156426, 33.3422507], [-85.0155714, 33.3408028], [-85.0154575, 33.3388554], [-85.0152582, 33.335332], [-85.0150589, 33.3320316], [-85.0149059, 33.3296231], [-85.0147812, 33.327438], [-85.0146504, 33.325278], [-85.0144651, 33.3253597]]}}, {"type": "Feature", "properties": {"project_id": "GPC_20690", "route_mi": 11.03}, "geometry": {"type": "LineString", "coordinates": [[-84.4629659, 33.6763499], [-84.4625148, 33.6758927], [-84.4642031, 33.6750503], [-84.4662706, 33.6726463], [-84.4679565, 33.670877], [-84.470154, 33.6687295], [-84.4724067, 33.6665252], [-84.4753253, 33.6637339], [-84.4782897, 33.6609201], [-84.4792588, 33.659976], [-84.4803041, 33.6589552], [-84.4815941, 33.657691], [-84.4829928, 33.6563139], [-84.4846531, 33.6547056], [-84.4863935, 33.6529994], [-84.4884742, 33.650977], [-84.4912001, 33.6482898], [-84.4940313, 33.6455241], [-84.4957063, 33.6439149], [-84.4982567, 33.6413673], [-84.5013536, 33.6383501], [-84.5041687, 33.6355778], [-84.506138, 33.6336355], [-84.5085408, 33.6313008], [-84.5110318, 33.6288464], [-84.5130532, 33.6268626], [-84.515965, 33.6239972], [-84.5171972, 33.6228109], [-84.5200464, 33.6199653], [-84.5226539, 33.6174083], [-84.5250988, 33.6150011], [-84.5269193, 33.6131931], [-84.528066, 33.6120705], [-84.5308483, 33.6093409], [-84.5325138, 33.6074334], [-84.5359836, 33.6042316], [-84.5378139, 33.602401], [-84.5365014, 33.6003104], [-84.534581, 33.5978748], [-84.5329799, 33.5958157], [-84.531325, 33.5936702], [-84.5291682, 33.5908613], [-84.5270072, 33.588028], [-84.5251476, 33.5855943], [-84.5242334, 33.5844248], [-84.52296, 33.5827593], [-84.5207824, 33.5799224], [-84.5186949, 33.5772237], [-84.516159, 33.5740132], [-84.5119275, 33.5727357], [-84.5084819, 33.571709], [-84.5085112, 33.5687033], [-84.5085288, 33.5644852], [-84.5085606, 33.5610916], [-84.5086024, 33.5581261], [-84.5086415, 33.5558444], [-84.5117275, 33.5558859], [-84.5115339, 33.5540282], [-84.5092184, 33.5530377], [-84.5090666, 33.5531702]]}}, {"type": "Feature", "properties": {"project_id": "GPC_19632", "route_mi": 8.09}, "geometry": {"type": "LineString", "coordinates": [[-84.3857643, 34.2169889], [-84.3857219, 34.2172639], [-84.3873474, 34.2158154], [-84.3873939, 34.214087], [-84.3864933, 34.2131067], [-84.385262, 34.2117418], [-84.3837719, 34.2104418], [-84.3821869, 34.2090633], [-84.3807685, 34.2078026], [-84.3789156, 34.2061873], [-84.3779167, 34.2053149], [-84.3766148, 34.2041639], [-84.3739513, 34.2018527], [-84.3726531, 34.2006986], [-84.3705482, 34.1988432], [-84.3694056, 34.1978625], [-84.3673628, 34.1960704], [-84.3661022, 34.1949535], [-84.3649782, 34.1939885], [-84.3638457, 34.1930058], [-84.3627304, 34.1920125], [-84.3616107, 34.1910051], [-84.3597944, 34.1894037], [-84.3581833, 34.188018], [-84.3572517, 34.1872191], [-84.3554184, 34.1856], [-84.3538585, 34.1842354], [-84.3521791, 34.1827471], [-84.3507461, 34.1814988], [-84.3492626, 34.1802038], [-84.3476972, 34.1788004], [-84.3463709, 34.1776571], [-84.3447073, 34.1762104], [-84.342857, 34.1745766], [-84.3416355, 34.1734847], [-84.3404107, 34.1724335], [-84.3386194, 34.171114], [-84.3375004, 34.1704441], [-84.3358489, 34.1694341], [-84.3344374, 34.1685968], [-84.3330686, 34.1677379], [-84.3318634, 34.1661121], [-84.3304067, 34.165735], [-84.3291142, 34.1661919], [-84.328958, 34.1676826], [-84.3274137, 34.1682504], [-84.3250452, 34.1691377], [-84.3234458, 34.1700149], [-84.3221804, 34.1706968], [-84.3194258, 34.1716272], [-84.3188454, 34.1698408], [-84.3177886, 34.1698586], [-84.3144734, 34.1698431], [-84.3130411, 34.1698364], [-84.3096052, 34.169792], [-84.3077679, 34.1697609], [-84.3063259, 34.1697643], [-84.2998737, 34.1697313], [-84.2980081, 34.1696978], [-84.2960897, 34.1697167], [-84.2939521, 34.1704385], [-84.2927602, 34.1708742], [-84.2901114, 34.171809], [-84.2887807, 34.1722701], [-84.2888034, 34.1740246], [-84.287157, 34.1749774], [-84.2851511, 34.17496], [-84.2831179, 34.1746205], [-84.2834055, 34.1741923]]}}, {"type": "Feature", "properties": {"project_id": "GPC_20784", "route_mi": 12.71}, "geometry": {"type": "LineString", "coordinates": [[-81.226912, 32.1077199], [-81.2270451, 32.1077345], [-81.227063, 32.1058023], [-81.2285919, 32.1046481], [-81.2302549, 32.1033439], [-81.2319071, 32.1020761], [-81.2338329, 32.1015671], [-81.2357212, 32.1010491], [-81.2358017, 32.0988405], [-81.2358499, 32.0966092], [-81.2358818, 32.0947895], [-81.2362702, 32.0927036], [-81.2365996, 32.0906095], [-81.237621, 32.0888215], [-81.2393379, 32.0893192], [-81.2413625, 32.0899093], [-81.2434847, 32.0905278], [-81.2449519, 32.0911096], [-81.2476811, 32.0925244], [-81.2503994, 32.0939205], [-81.2532184, 32.0953929], [-81.2555922, 32.0965927], [-81.2565155, 32.0971003], [-81.2587307, 32.0982332], [-81.2614736, 32.099649], [-81.2641806, 32.1010388], [-81.2668983, 32.1024404], [-81.2696069, 32.1038341], [-81.2723125, 32.1052461], [-81.275021, 32.1066424], [-81.2777572, 32.1080439], [-81.2808273, 32.1081919], [-81.2839005, 32.1083294], [-81.2869891, 32.1084644], [-81.2900684, 32.1086253], [-81.2931539, 32.1087602], [-81.2962301, 32.108903], [-81.2993186, 32.1090509], [-81.3023214, 32.1091937], [-81.3054834, 32.1093416], [-81.3085597, 32.1094791], [-81.3116482, 32.1096219], [-81.3147245, 32.1097802], [-81.3178069, 32.1099126], [-81.3208525, 32.1100579], [-81.3239472, 32.1102162], [-81.327048, 32.1103486], [-81.3301457, 32.1104913], [-81.3332342, 32.110647], [-81.3363166, 32.1107872], [-81.339402, 32.1109299], [-81.3424814, 32.1110804], [-81.3455791, 32.1112102], [-81.3486492, 32.111353], [-81.3517439, 32.1114879], [-81.3549948, 32.1116436], [-81.3556268, 32.1116737], [-81.3583775, 32.1118045], [-81.3615886, 32.1119525], [-81.364818, 32.1120952], [-81.3673183, 32.1122146], [-81.3690208, 32.1123202], [-81.3688573, 32.1145543], [-81.3687847, 32.1165094], [-81.3686727, 32.1185341], [-81.3685094, 32.1204999], [-81.3683422, 32.1225125], [-81.3681788, 32.12448], [-81.3680133, 32.1264727], [-81.3678494, 32.1284448], [-81.3676828, 32.1304506], [-81.3675178, 32.1324361], [-81.3673751, 32.1341536], [-81.3672615, 32.1355213], [-81.3671866, 32.1364231], [-81.3670206, 32.1384213], [-81.3668552, 32.1404115], [-81.3667329, 32.1418833], [-81.3665839, 32.1436768], [-81.3664312, 32.1455145], [-81.3662799, 32.1473353], [-81.3661293, 32.1491473], [-81.3659782, 32.1509663], [-81.3658243, 32.1528188], [-81.367447, 32.1535863], [-81.3688426, 32.155097], [-81.368377, 32.1552821]]}}, {"type": "Feature", "properties": {"project_id": "GPC_20793", "route_mi": 8.82}, "geometry": {"type": "LineString", "coordinates": [[-82.1686481, 33.5439942], [-82.1685432, 33.5439481], [-82.1692561, 33.544547], [-82.1700824, 33.5459569], [-82.1715248, 33.5484084], [-82.1729595, 33.5508011], [-82.1743216, 33.5531408], [-82.1754671, 33.5550484], [-82.1766038, 33.5570181], [-82.1776605, 33.5588003], [-82.1788994, 33.5609493], [-82.1810633, 33.5647558], [-82.1821321, 33.5666118], [-82.1833217, 33.5687329], [-82.1843748, 33.5705711], [-82.1854966, 33.5725472], [-82.1864243, 33.5741675], [-82.1877528, 33.576516], [-82.1887918, 33.5783378], [-82.19011, 33.580615], [-82.1923652, 33.5845232], [-82.1940017, 33.5873961], [-82.1949825, 33.5891244], [-82.1954285, 33.5899022], [-82.1964787, 33.5917234], [-82.197509, 33.5935139], [-82.1990956, 33.5962301], [-82.1995274, 33.5982664], [-82.2000302, 33.6005593], [-82.2005737, 33.6030709], [-82.2009404, 33.6047542], [-82.2013921, 33.6068346], [-82.2021799, 33.610421], [-82.20261, 33.6123057], [-82.2026452, 33.6134146], [-82.202794, 33.6160866], [-82.2030817, 33.6178891], [-82.2032605, 33.6210065], [-82.2033952, 33.6236556], [-82.2035429, 33.6263287], [-82.2037546, 33.6302288], [-82.2038593, 33.6321513], [-82.2040907, 33.6364411], [-82.204182, 33.6380422], [-82.2043037, 33.6404444], [-82.204389, 33.6421638], [-82.2045627, 33.6450278], [-82.2046669, 33.6467891], [-82.2048479, 33.6499583], [-82.2050128, 33.6522745], [-82.2052266, 33.6550901], [-82.2053546, 33.6568612], [-82.202011, 33.6578129], [-82.1972805, 33.6592189], [-82.1958368, 33.6600134], [-82.1959307, 33.6601273]]}}, {"type": "Feature", "properties": {"project_id": "GPC_20794", "route_mi": 8.82}, "geometry": {"type": "LineString", "coordinates": [[-82.1686481, 33.5439942], [-82.1685432, 33.5439481], [-82.1692561, 33.544547], [-82.1700824, 33.5459569], [-82.1715248, 33.5484084], [-82.1729595, 33.5508011], [-82.1743216, 33.5531408], [-82.1754671, 33.5550484], [-82.1766038, 33.5570181], [-82.1776605, 33.5588003], [-82.1788994, 33.5609493], [-82.1810633, 33.5647558], [-82.1821321, 33.5666118], [-82.1833217, 33.5687329], [-82.1843748, 33.5705711], [-82.1854966, 33.5725472], [-82.1864243, 33.5741675], [-82.1877528, 33.576516], [-82.1887918, 33.5783378], [-82.19011, 33.580615], [-82.1923652, 33.5845232], [-82.1940017, 33.5873961], [-82.1949825, 33.5891244], [-82.1954285, 33.5899022], [-82.1964787, 33.5917234], [-82.197509, 33.5935139], [-82.1990956, 33.5962301], [-82.1995274, 33.5982664], [-82.2000302, 33.6005593], [-82.2005737, 33.6030709], [-82.2009404, 33.6047542], [-82.2013921, 33.6068346], [-82.2021799, 33.610421], [-82.20261, 33.6123057], [-82.2026452, 33.6134146], [-82.202794, 33.6160866], [-82.2030817, 33.6178891], [-82.2032605, 33.6210065], [-82.2033952, 33.6236556], [-82.2035429, 33.6263287], [-82.2037546, 33.6302288], [-82.2038593, 33.6321513], [-82.2040907, 33.6364411], [-82.204182, 33.6380422], [-82.2043037, 33.6404444], [-82.204389, 33.6421638], [-82.2045627, 33.6450278], [-82.2046669, 33.6467891], [-82.2048479, 33.6499583], [-82.2050128, 33.6522745], [-82.2052266, 33.6550901], [-82.2053546, 33.6568612], [-82.202011, 33.6578129], [-82.1972805, 33.6592189], [-82.1958368, 33.6600134], [-82.1959307, 33.6601273]]}}, {"type": "Feature", "properties": {"project_id": "GPC_12217", "route_mi": 164.78}, "geometry": {"type": "LineString", "coordinates": [[-83.3980855, 34.0534411], [-83.3979507, 34.053507], [-83.3978582, 34.0526698], [-83.3976045, 34.0507382], [-83.3970906, 34.0483792], [-83.3966021, 34.0462103], [-83.3960501, 34.0437348], [-83.395737, 34.0418988], [-83.3953194, 34.0399849], [-83.3949428, 34.038336], [-83.3943991, 34.0359009], [-83.3938022, 34.0331742], [-83.3932123, 34.030521], [-83.3926616, 34.0280091], [-83.3921358, 34.0258186], [-83.392755, 34.0234], [-83.3931885, 34.0215858], [-83.3936042, 34.0198806], [-83.3941159, 34.0177277], [-83.3947377, 34.0152684], [-83.3952778, 34.0125705], [-83.3954886, 34.0111577], [-83.3959887, 34.0080521], [-83.3962626, 34.0063158], [-83.396475, 34.0049677], [-83.3968971, 34.0024942], [-83.3971423, 34.0002763], [-83.3963314, 33.9987291], [-83.3954132, 33.996871], [-83.3943865, 33.9948329], [-83.3934808, 33.9929365], [-83.391757, 33.9909433], [-83.3900708, 33.9889881], [-83.3897021, 33.9874573], [-83.3890698, 33.9849996], [-83.3883013, 33.9821093], [-83.3864439, 33.9805699], [-83.3846621, 33.9791068], [-83.383303, 33.9797455], [-83.3812104, 33.9807625], [-83.379295, 33.9816949], [-83.3774713, 33.9825873], [-83.3756145, 33.9835033], [-83.3735165, 33.983519], [-83.3715202, 33.9835503], [-83.3696847, 33.9835719], [-83.3659285, 33.9836366], [-83.364145, 33.983668], [-83.3621442, 33.9837313], [-83.3606136, 33.982977], [-83.359143, 33.9822817], [-83.3566788, 33.9809575], [-83.3541392, 33.9797969], [-83.3512037, 33.9782811], [-83.3490773, 33.9772209], [-83.3469632, 33.9768606], [-83.3452251, 33.9764055], [-83.3424824, 33.9756573], [-83.3395052, 33.9748044], [-83.3366298, 33.9739764], [-83.3342021, 33.9732873], [-83.3326233, 33.9727911], [-83.3297785, 33.9718907], [-83.3261066, 33.9708333], [-83.3239023, 33.9703021], [-83.3206905, 33.9695314], [-83.3168442, 33.9685388], [-83.3151752, 33.9676709], [-83.3119274, 33.9660572], [-83.3104959, 33.9640569], [-83.3089712, 33.9619418], [-83.306759, 33.9588991], [-83.3051336, 33.9566523], [-83.3027578, 33.9533841], [-83.3018119, 33.9524399], [-83.3009717, 33.9515674], [-83.3000499, 33.9505932], [-83.2993407, 33.9498238], [-83.2980839, 33.9484997], [-83.296897, 33.9472324], [-83.2957484, 33.9459748], [-83.294752, 33.9446205], [-83.292547, 33.9422556], [-83.2897997, 33.9393512], [-83.2875774, 33.9369727], [-83.2851367, 33.9343692], [-83.2821782, 33.9312308], [-83.2804419, 33.9293752], [-83.2783005, 33.9269847], [-83.2774059, 33.9240331], [-83.2767579, 33.9216103], [-83.2763394, 33.9199968], [-83.2756843, 33.9175912], [-83.2747975, 33.9141174], [-83.2764016, 33.9125157], [-83.2796731, 33.9092909], [-83.2820275, 33.9069835], [-83.2842099, 33.9048256], [-83.2863803, 33.902683], [-83.2887566, 33.90144], [-83.291676, 33.8998801], [-83.2950049, 33.8981026], [-83.2978956, 33.8965426], [-83.3011098, 33.8948501], [-83.3033332, 33.8936673], [-83.3072025, 33.8915974], [-83.3098072, 33.8902049], [-83.3129775, 33.8885153], [-83.3157568, 33.8870212], [-83.3163192, 33.8867219], [-83.3183858, 33.8856072], [-83.3218508, 33.8837426], [-83.3253412, 33.8818779], [-83.3276995, 33.8806317], [-83.3304737, 33.8791453], [-83.3328104, 33.8778916], [-83.3369773, 33.8756568], [-83.338869, 33.8746448], [-83.341777, 33.8730862], [-83.3447107, 33.8714966], [-83.3479252, 33.8710518], [-83.351336, 33.8705533], [-83.35483, 33.8700217], [-83.3579225, 33.8695772], [-83.3608311, 33.8691377], [-83.3652172, 33.8684862], [-83.3694305, 33.8678822], [-83.3695685, 33.8676489], [-83.3728072, 33.8671772], [-83.3771111, 33.8665503], [-83.3806521, 33.8660307], [-83.3834753, 33.865557], [-83.3840719, 33.8625475], [-83.384454, 33.8605325], [-83.3846726, 33.8591774], [-83.3842494, 33.8554658], [-83.3836842, 33.8504241], [-83.3832204, 33.8463165], [-83.3827966, 33.8425601], [-83.3849542, 33.8407511], [-83.3878708, 33.8383207], [-83.3914715, 33.835318], [-83.3949535, 33.8324336], [-83.3974379, 33.830358], [-83.3997988, 33.8282824], [-83.4018224, 33.826475], [-83.4051856, 33.8234719], [-83.4078743, 33.8210607], [-83.4108812, 33.8183494], [-83.4140449, 33.8155237], [-83.41718, 33.8127294], [-83.4196549, 33.8105033], [-83.4233564, 33.8070844], [-83.4264193, 33.8053735], [-83.4295117, 33.8036249], [-83.4326725, 33.8018192], [-83.4375799, 33.7990336], [-83.4418349, 33.7965924], [-83.4448574, 33.7953747], [-83.4491469, 33.7936061], [-83.4535884, 33.7917586], [-83.4590275, 33.7895202], [-83.4639108, 33.7875265], [-83.467724, 33.7859542], [-83.4740099, 33.7833599], [-83.4785611, 33.7813447], [-83.4832773, 33.7792625], [-83.4858872, 33.7781142], [-83.4893911, 33.7765609], [-83.4924118, 33.7752251], [-83.4966125, 33.7733403], [-83.5004145, 33.7716764], [-83.5041884, 33.7699823], [-83.5092711, 33.7677577], [-83.5140371, 33.7656344], [-83.5169336, 33.7626145], [-83.5193698, 33.7600952], [-83.5224596, 33.7575619], [-83.5259426, 33.7546464], [-83.5292145, 33.7519343], [-83.5314261, 33.7500841], [-83.5337463, 33.7481549], [-83.53608, 33.7462032], [-83.5391012, 33.7437098], [-83.5439088, 33.7443792], [-83.5498185, 33.7451915], [-83.5527878, 33.7455793], [-83.5544059, 33.744479], [-83.5579834, 33.7420645], [-83.5620584, 33.7392927], [-83.5646001, 33.7375551], [-83.5674766, 33.7356182], [-83.5720039, 33.7338053], [-83.5773136, 33.7316237], [-83.580588, 33.7302621], [-83.5838263, 33.7289494], [-83.5869425, 33.7276667], [-83.5914969, 33.7257972], [-83.595314, 33.7241986], [-83.5992443, 33.7226186], [-83.6042148, 33.7207528], [-83.608136, 33.7193083], [-83.6125968, 33.717652], [-83.6157693, 33.7166412], [-83.6183117, 33.7158432], [-83.6208094, 33.7146115], [-83.6230992, 33.7135474], [-83.6259506, 33.7112598], [-83.6295462, 33.7084155], [-83.63278, 33.7059097], [-83.6341885, 33.7028086], [-83.6353134, 33.7003899], [-83.6365188, 33.6978352], [-83.6387982, 33.692951], [-83.6403631, 33.6895905], [-83.6448044, 33.6873364], [-83.6483343, 33.6855896], [-83.6531406, 33.6832043], [-83.6570392, 33.681315], [-83.6603634, 33.6796817], [-83.6636062, 33.6780708], [-83.6678576, 33.675997], [-83.6709518, 33.6744516], [-83.673942, 33.6729878], [-83.677548, 33.6711984], [-83.6774462, 33.6705495], [-83.6765684, 33.6685081], [-83.6753196, 33.6663291], [-83.6730685, 33.662354], [-83.6716267, 33.6597193], [-83.6690395, 33.6569118], [-83.6664543, 33.6540669], [-83.6635334, 33.6508417], [-83.6613754, 33.6483888], [-83.6598199, 33.6462595], [-83.6576565, 33.6432683], [-83.6551589, 33.6397892], [-83.6526832, 33.6363236], [-83.6504486, 33.6331953], [-83.6484768, 33.6304135], [-83.6466639, 33.627887], [-83.644243, 33.6245213], [-83.6421124, 33.6215568], [-83.6409512, 33.6185146], [-83.6397517, 33.6153401], [-83.638458, 33.6118528], [-83.6382461, 33.6112875], [-83.6370014, 33.6079657], [-83.6355517, 33.6041154], [-83.6342262, 33.6006504], [-83.6325759, 33.5962899], [-83.6316431, 33.5937752], [-83.6308083, 33.5922978], [-83.6294557, 33.588683], [-83.6281841, 33.5852542], [-83.6271051, 33.5818913], [-83.6262485, 33.5792768], [-83.6253524, 33.5764019], [-83.624498, 33.5737141], [-83.6228877, 33.5696024], [-83.6211405, 33.5650934], [-83.6196617, 33.5612962], [-83.6179692, 33.5569556], [-83.6164959, 33.5531489], [-83.614798, 33.548808], [-83.6136533, 33.5458409], [-83.6121744, 33.5420109], [-83.6109859, 33.5389887], [-83.6096221, 33.5354552], [-83.6083236, 33.5321074], [-83.6070811, 33.5288575], [-83.6044501, 33.526355], [-83.601235, 33.5233186], [-83.5971655, 33.5194556], [-83.5946625, 33.5171085], [-83.5917924, 33.5143778], [-83.5894263, 33.5121538], [-83.5865015, 33.5093818], [-83.5846065, 33.5075825], [-83.582076, 33.5049291], [-83.5798633, 33.5026318], [-83.5774807, 33.500129], [-83.5752187, 33.4977722], [-83.5731648, 33.4952539], [-83.5697882, 33.4925701], [-83.5675206, 33.4907202], [-83.564081, 33.4878927], [-83.5598417, 33.4844575], [-83.5562761, 33.4815795], [-83.5541674, 33.4798527], [-83.5512809, 33.4775045], [-83.5478194, 33.4744756], [-83.5445605, 33.4716476], [-83.5416905, 33.4691164], [-83.5387219, 33.4665258], [-83.5346688, 33.463003], [-83.5318207, 33.460499], [-83.5281237, 33.4572547], [-83.52504, 33.4545769], [-83.5211239, 33.4511587], [-83.5189057, 33.4491479], [-83.5163533, 33.4468446], [-83.513905, 33.4446235], [-83.5111993, 33.4423109], [-83.5082716, 33.4398195], [-83.5057032, 33.4376274], [-83.5020133, 33.434478], [-83.4987672, 33.4317073], [-83.4974916, 33.4304126], [-83.4946283, 33.4279855], [-83.4921672, 33.4259476], [-83.4893104, 33.4221992], [-83.4868075, 33.4188534], [-83.4844121, 33.415766], [-83.4810872, 33.4129803], [-83.4783665, 33.4107092], [-83.4754931, 33.4082564], [-83.4748506, 33.4050318], [-83.4741227, 33.4013703], [-83.4733356, 33.3975237], [-83.472519, 33.3935922], [-83.4716786, 33.3895152], [-83.4693692, 33.3873123], [-83.4665211, 33.3846036], [-83.4635638, 33.3818379], [-83.4623627, 33.37968], [-83.4613514, 33.3783088], [-83.4591718, 33.3757212], [-83.4566502, 33.3727274], [-83.4541437, 33.3697514], [-83.4516808, 33.3668272], [-83.4496434, 33.3643748], [-83.4472248, 33.361522], [-83.4449221, 33.3588058], [-83.4426943, 33.3561779], [-83.4408475, 33.3537489], [-83.4384977, 33.3506582], [-83.4362458, 33.3476961], [-83.4344205, 33.3452952], [-83.4322525, 33.3424433], [-83.4304544, 33.340078], [-83.4281078, 33.336991], [-83.4252682, 33.3332553], [-83.4231925, 33.3307056], [-83.4199109, 33.3266745], [-83.4178498, 33.3241426], [-83.4155787, 33.3214035], [-83.4129148, 33.3181528], [-83.4102924, 33.3149527], [-83.4079958, 33.31215], [-83.4055754, 33.3092337], [-83.4028146, 33.3058283], [-83.4015354, 33.3042744], [-83.4005923, 33.3030734], [-83.3983558, 33.3010673], [-83.395656, 33.2985931], [-83.3932879, 33.2964278], [-83.3906045, 33.2939633], [-83.3877097, 33.2912905], [-83.3855158, 33.2892656], [-83.3815738, 33.2856494], [-83.3782515, 33.2826363], [-83.3762451, 33.2802257], [-83.3749514, 33.2786473], [-83.3722768, 33.2762674], [-83.3689639, 33.2732976], [-83.3663901, 33.2709877], [-83.3654183, 33.2697902], [-83.3627269, 33.2673538], [-83.3599305, 33.2647769], [-83.3573104, 33.2621473], [-83.354069, 33.2588646], [-83.35126, 33.2560241], [-83.3482953, 33.2530394], [-83.3457348, 33.2504251], [-83.3431147, 33.247781], [-83.340671, 33.2452948], [-83.337459, 33.242043], [-83.3350783, 33.2397218], [-83.3322231, 33.2369263], [-83.329116, 33.2338253], [-83.3268644, 33.2321361], [-83.3248069, 33.2305442], [-83.3234319, 33.228716], [-83.3219668, 33.2271244], [-83.3188009, 33.2240546], [-83.3152277, 33.2205597], [-83.3128974, 33.2182484], [-83.3098617, 33.215259], [-83.3067709, 33.2122099], [-83.3059811, 33.2114119], [-83.3047143, 33.2098216], [-83.3021152, 33.2072741], [-83.2998469, 33.2050259], [-83.2974906, 33.2027121], [-83.2960589, 33.2012357], [-83.2924865, 33.2008972], [-83.2883191, 33.2005111], [-83.2861441, 33.198984], [-83.2842654, 33.1984831], [-83.2810117, 33.196231], [-83.2784424, 33.1964988], [-83.2722273, 33.1977015], [-83.2687534, 33.1981386], [-83.2647078, 33.1981241], [-83.2615026, 33.1980718], [-83.2561415, 33.1979967], [-83.2537272, 33.1977292], [-83.2491599, 33.1976428], [-83.2439293, 33.1975359], [-83.239324, 33.1974426], [-83.2367491, 33.1972206], [-83.2349494, 33.1971956], [-83.229678, 33.1970932], [-83.2263287, 33.197025], [-83.2248824, 33.1970113], [-83.2205652, 33.1969272], [-83.2168947, 33.1968951], [-83.2141468, 33.1954736], [-83.2116131, 33.1941905], [-83.2099866, 33.1938573], [-83.2074556, 33.1925605], [-83.203375, 33.1904834], [-83.1998544, 33.188702], [-83.195733, 33.1866248], [-83.1916741, 33.1845816], [-83.1885314, 33.1829912], [-83.1831649, 33.1802768], [-83.1795765, 33.1784849], [-83.1762339, 33.1767953], [-83.1727884, 33.1750463], [-83.1697699, 33.1735327], [-83.1654609, 33.1713868], [-83.1623644, 33.1697894], [-83.1575443, 33.1673794], [-83.1540345, 33.165618], [-83.1510849, 33.1641388], [-83.1477691, 33.1625511], [-83.14415, 33.1608192], [-83.1410037, 33.1594363], [-83.1363754, 33.1602381], [-83.1310917, 33.1611272], [-83.126248, 33.1619527], [-83.122383, 33.1626005], [-83.1189275, 33.1631943], [-83.1134283, 33.1642546], [-83.1099818, 33.1649259], [-83.1052346, 33.1658285], [-83.0991785, 33.1669959], [-83.0949998, 33.1678042], [-83.0898073, 33.16881], [-83.085339, 33.1696721], [-83.081289, 33.1704623], [-83.0754153, 33.1716028], [-83.0710864, 33.1725232], [-83.0664143, 33.17352], [-83.0616295, 33.1745392], [-83.0565818, 33.1756167], [-83.0524436, 33.1765088], [-83.0479641, 33.1774644], [-83.0429952, 33.1785279], [-83.0386408, 33.1794613], [-83.0350412, 33.1802422], [-83.0298524, 33.1813565], [-83.0240946, 33.1825787], [-83.0185559, 33.1836583], [-83.0151818, 33.1843361], [-83.0103756, 33.1852834], [-83.0074701, 33.1858484], [-83.0031764, 33.1868642], [-82.9998651, 33.1876324], [-82.9972929, 33.188236], [-82.9934593, 33.1891426], [-82.9890498, 33.1900816], [-82.9848946, 33.1909819], [-82.980828, 33.1918551], [-82.9767466, 33.1927282], [-82.9725197, 33.1936376], [-82.9674453, 33.1947477], [-82.9642542, 33.1947005], [-82.9589045, 33.1946481], [-82.955461, 33.1946388], [-82.9508229, 33.1946141], [-82.9461811, 33.1945833], [-82.9402157, 33.1945586], [-82.9354781, 33.194537], [-82.9306557, 33.1944969], [-82.9268102, 33.1944876], [-82.9212947, 33.1944413], [-82.9171248, 33.1944074], [-82.9114286, 33.1943858], [-82.907915, 33.1943611], [-82.9042133, 33.1943334], [-82.9000361, 33.1943025], [-82.8947528, 33.1941174], [-82.8903322, 33.1939693], [-82.8851632, 33.1938058], [-82.8803961, 33.1936546], [-82.8762852, 33.1934973], [-82.8710314, 33.1933306], [-82.8660502, 33.1931697], [-82.8622179, 33.1930366], [-82.8574522, 33.1928381], [-82.8532153, 33.1932413], [-82.8486067, 33.193627], [-82.8446193, 33.1939497], [-82.8400989, 33.1943379], [-82.8356984, 33.1947087], [-82.829742, 33.195031], [-82.822902, 33.195532], [-82.819314, 33.195794], [-82.816047, 33.196033], [-82.809528, 33.196508], [-82.806298, 33.196734], [-82.804016, 33.196856], [-82.79721, 33.197218], [-82.796774, 33.197241], [-82.790073, 33.197571], [-82.78898, 33.197646], [-82.783107, 33.197938], [-82.777141, 33.198245], [-82.769573, 33.198628], [-82.765401, 33.198841], [-82.764707, 33.198904], [-82.760018, 33.199312], [-82.7573116, 33.1994933], [-82.7535887, 33.1997896], [-82.7469261, 33.2002564], [-82.7400743, 33.2008], [-82.7335171, 33.2012646], [-82.7229535, 33.20206], [-82.7196373, 33.2023015], [-82.7149327, 33.2026354], [-82.7102334, 33.2030573], [-82.7057305, 33.2035295], [-82.7004917, 33.2040179], [-82.6968546, 33.2044398], [-82.6926811, 33.204772], [-82.6873488, 33.2052926], [-82.6865382, 33.2054489], [-82.6802367, 33.2060404], [-82.6767999, 33.206318], [-82.6706745, 33.206839], [-82.6630158, 33.2072855], [-82.6577372, 33.2076715], [-82.6490362, 33.2083268], [-82.6453454, 33.2086051], [-82.6388545, 33.2091168], [-82.6333184, 33.2095593], [-82.6293225, 33.2099432], [-82.623896, 33.2103023], [-82.6202861, 33.2106041], [-82.6166837, 33.2109345], [-82.6076014, 33.2118186], [-82.6029236, 33.2122719], [-82.5988413, 33.2126696], [-82.5939822, 33.2131318], [-82.5900823, 33.2135268], [-82.5842233, 33.2140896], [-82.5788878, 33.2146031], [-82.5743721, 33.2150052], [-82.5636175, 33.2161316], [-82.55893, 33.2166245], [-82.5526054, 33.2172581], [-82.5481422, 33.2176853], [-82.5446328, 33.2179977], [-82.5410075, 33.2182903], [-82.5367947, 33.2186023], [-82.5323937, 33.2193072], [-82.5279955, 33.2199993], [-82.5241461, 33.2205961], [-82.5208405, 33.2211778], [-82.5172309, 33.2217404], [-82.5129294, 33.2225259], [-82.5082675, 33.223382], [-82.5038418, 33.2242365], [-82.4993152, 33.2251295], [-82.4947214, 33.2259978], [-82.4903352, 33.2268975], [-82.4857862, 33.2277681], [-82.4819238, 33.228513], [-82.4778683, 33.2274091], [-82.4729282, 33.2260931], [-82.46952, 33.225588], [-82.4682767, 33.2253359], [-82.4631805, 33.2245012], [-82.4616892, 33.2242679], [-82.4595756, 33.223855], [-82.456469, 33.223321], [-82.4552412, 33.2231999], [-82.4503167, 33.2230114], [-82.4453921, 33.2228229], [-82.442083, 33.222597], [-82.4404998, 33.2225985], [-82.4374099, 33.2232537], [-82.4365837, 33.2234063], [-82.433515, 33.22414], [-82.4314768, 33.2244653], [-82.4297173, 33.2248064], [-82.4278612, 33.2252013], [-82.4229367, 33.2261436], [-82.4193747, 33.2269155], [-82.4127443, 33.2282707], [-82.410633, 33.22876], [-82.4076695, 33.2292668], [-82.4027665, 33.2302361], [-82.3983462, 33.2311604], [-82.3947091, 33.231645], [-82.3901064, 33.2323271], [-82.3859436, 33.2329912], [-82.3819616, 33.2334883], [-82.380578, 33.2336786], [-82.3789201, 33.2339173], [-82.3736106, 33.2343619], [-82.3684414, 33.2347745], [-82.3642821, 33.235109], [-82.3605485, 33.235459], [-82.3558385, 33.2361321], [-82.3510535, 33.2367692], [-82.34585, 33.237514], [-82.3408396, 33.2381601], [-82.336473, 33.2394164], [-82.3263235, 33.2423417], [-82.3246069, 33.2427814], [-82.3225791, 33.2433826], [-82.3167641, 33.2450426], [-82.3076982, 33.2476178], [-82.3032887, 33.248856], [-82.2977397, 33.2504244], [-82.2938259, 33.2515387], [-82.2887973, 33.2529545], [-82.2859294, 33.2537728], [-82.2838051, 33.2543201], [-82.2786767, 33.2558094], [-82.2748144, 33.256895], [-82.2700507, 33.2582586], [-82.2653622, 33.2595326], [-82.2608302, 33.2608649], [-82.2565517, 33.2621083], [-82.2458036, 33.2624752], [-82.2411345, 33.2626799], [-82.2365661, 33.262825], [-82.2325601, 33.2629656], [-82.2279638, 33.2631157], [-82.2234637, 33.263274], [-82.217841, 33.2635347], [-82.2136675, 33.2636639], [-82.2095959, 33.2638101], [-82.2045984, 33.2639482], [-82.2007017, 33.2648238], [-82.1965797, 33.2657047], [-82.1927065, 33.2665685], [-82.1874688, 33.2676962], [-82.1827384, 33.2687287], [-82.1791306, 33.2694788], [-82.176465, 33.270104], [-82.1756799, 33.2702707], [-82.1665636, 33.2722459], [-82.1623576, 33.273206], [-82.157409, 33.2742843], [-82.1521161, 33.2754282], [-82.1404915, 33.2779509], [-82.1371809, 33.2786289], [-82.1274925, 33.280193], [-82.1254648, 33.2804352], [-82.1212162, 33.2813097], [-82.1185608, 33.2819285], [-82.1152402, 33.2826236], [-82.1108736, 33.2835205], [-82.1060349, 33.284543], [-82.1046616, 33.2848479], [-82.098225, 33.286301], [-82.0970119, 33.2865385], [-82.094759, 33.287104], [-82.0894588, 33.2881618], [-82.087989, 33.2884219], [-82.0855213, 33.2889331], [-82.0838262, 33.2893367], [-82.0818306, 33.2896775], [-82.0656408, 33.2931392], [-82.064669, 33.293367], [-82.063086, 33.293697], [-82.0591928, 33.2944844], [-82.0516611, 33.2960716], [-82.049687, 33.296491], [-82.048363, 33.296767], [-82.0427562, 33.2979728], [-82.040783, 33.298345], [-82.035712, 33.299779], [-82.0263089, 33.3026536], [-82.0230044, 33.3037207], [-82.0195819, 33.3047519], [-82.0162023, 33.305792], [-82.0148398, 33.3061686], [-82.0133699, 33.3066618], [-82.0073403, 33.3084909], [-82.0061387, 33.3088406], [-82.0049049, 33.3096207], [-82.0027333, 33.311155], [-82.000373, 33.3127554], [-81.9979697, 33.3143917], [-81.995315, 33.3157252], [-81.9949609, 33.3161331], [-81.9922465, 33.3139858], [-81.9890547, 33.3116771], [-81.9865817, 33.3099197], [-81.984275, 33.3082161], [-81.9817992, 33.306377], [-81.9803804, 33.3053379], [-81.9790179, 33.3043067], [-81.9764429, 33.3024685], [-81.9735783, 33.3004778], [-81.9730741, 33.2968819], [-81.9726675, 33.2938681], [-81.9722962, 33.2904698], [-81.971851, 33.2863174], [-81.9715023, 33.2829452], [-81.971218, 33.2802858], [-81.9817556, 33.2782112]]}}, {"type": "Feature", "properties": {"project_id": "GPC_20773", "route_mi": 145.07}, "geometry": {"type": "LineString", "coordinates": [[-81.9817556, 33.2782112], [-81.971218, 33.2802858], [-81.9715023, 33.2829452], [-81.971851, 33.2863174], [-81.9722962, 33.2904698], [-81.9726675, 33.2938681], [-81.9730741, 33.2968819], [-81.9735783, 33.3004778], [-81.9764429, 33.3024685], [-81.9790179, 33.3043067], [-81.9803804, 33.3053379], [-81.9817992, 33.306377], [-81.984275, 33.3082161], [-81.9865817, 33.3099197], [-81.9890547, 33.3116771], [-81.9922465, 33.3139858], [-81.9949609, 33.3161331], [-81.995315, 33.3157252], [-81.9979697, 33.3143917], [-82.000373, 33.3127554], [-82.0027333, 33.311155], [-82.0049049, 33.3096207], [-82.0061387, 33.3088406], [-82.0073403, 33.3084909], [-82.0133699, 33.3066618], [-82.0148398, 33.3061686], [-82.0162023, 33.305792], [-82.0195819, 33.3047519], [-82.0230044, 33.3037207], [-82.0263089, 33.3026536], [-82.035712, 33.299779], [-82.040783, 33.298345], [-82.0427562, 33.2979728], [-82.048363, 33.296767], [-82.049687, 33.296491], [-82.0516611, 33.2960716], [-82.0591928, 33.2944844], [-82.063086, 33.293697], [-82.064669, 33.293367], [-82.0656408, 33.2931392], [-82.0818306, 33.2896775], [-82.0838262, 33.2893367], [-82.0855213, 33.2889331], [-82.087989, 33.2884219], [-82.0894588, 33.2881618], [-82.094759, 33.287104], [-82.0970119, 33.2865385], [-82.098225, 33.286301], [-82.1046616, 33.2848479], [-82.1060349, 33.284543], [-82.1108736, 33.2835205], [-82.1152402, 33.2826236], [-82.1185608, 33.2819285], [-82.1212162, 33.2813097], [-82.1254648, 33.2804352], [-82.1274925, 33.280193], [-82.1371809, 33.2786289], [-82.1404915, 33.2779509], [-82.1521161, 33.2754282], [-82.157409, 33.2742843], [-82.1623576, 33.273206], [-82.1665636, 33.2722459], [-82.1756799, 33.2702707], [-82.176465, 33.270104], [-82.1791306, 33.2694788], [-82.1827384, 33.2687287], [-82.1874688, 33.2676962], [-82.1927065, 33.2665685], [-82.1965797, 33.2657047], [-82.2007017, 33.2648238], [-82.2045984, 33.2639482], [-82.2095959, 33.2638101], [-82.2136675, 33.2636639], [-82.217841, 33.2635347], [-82.2234637, 33.263274], [-82.2279638, 33.2631157], [-82.2325601, 33.2629656], [-82.2365661, 33.262825], [-82.2411345, 33.2626799], [-82.2458036, 33.2624752], [-82.2565517, 33.2621083], [-82.2608302, 33.2608649], [-82.2653622, 33.2595326], [-82.2700507, 33.2582586], [-82.2748144, 33.256895], [-82.2786767, 33.2558094], [-82.2838051, 33.2543201], [-82.2859294, 33.2537728], [-82.2887973, 33.2529545], [-82.2938259, 33.2515387], [-82.2977397, 33.2504244], [-82.3032887, 33.248856], [-82.3076982, 33.2476178], [-82.3167641, 33.2450426], [-82.3225791, 33.2433826], [-82.3246069, 33.2427814], [-82.3263235, 33.2423417], [-82.336473, 33.2394164], [-82.3408396, 33.2381601], [-82.34585, 33.237514], [-82.3510535, 33.2367692], [-82.3558385, 33.2361321], [-82.3605485, 33.235459], [-82.3642821, 33.235109], [-82.3684414, 33.2347745], [-82.3736106, 33.2343619], [-82.3789201, 33.2339173], [-82.380578, 33.2336786], [-82.3819616, 33.2334883], [-82.3859436, 33.2329912], [-82.3901064, 33.2323271], [-82.3947091, 33.231645], [-82.3983462, 33.2311604], [-82.4027665, 33.2302361], [-82.4076695, 33.2292668], [-82.410633, 33.22876], [-82.4127443, 33.2282707], [-82.4193747, 33.2269155], [-82.4229367, 33.2261436], [-82.4278612, 33.2252013], [-82.4297173, 33.2248064], [-82.4314768, 33.2244653], [-82.433515, 33.22414], [-82.4365837, 33.2234063], [-82.4374099, 33.2232537], [-82.4404998, 33.2225985], [-82.442083, 33.222597], [-82.4453921, 33.2228229], [-82.4503167, 33.2230114], [-82.4552412, 33.2231999], [-82.456469, 33.223321], [-82.4595756, 33.223855], [-82.4616892, 33.2242679], [-82.4631805, 33.2245012], [-82.4682767, 33.2253359], [-82.46952, 33.225588], [-82.4729282, 33.2260931], [-82.4778683, 33.2274091], [-82.4819238, 33.228513], [-82.4857862, 33.2277681], [-82.4903352, 33.2268975], [-82.4947214, 33.2259978], [-82.4993152, 33.2251295], [-82.5038418, 33.2242365], [-82.5082675, 33.223382], [-82.5129294, 33.2225259], [-82.5172309, 33.2217404], [-82.5208405, 33.2211778], [-82.5241461, 33.2205961], [-82.5279955, 33.2199993], [-82.5323937, 33.2193072], [-82.5367947, 33.2186023], [-82.5410075, 33.2182903], [-82.5446328, 33.2179977], [-82.5481422, 33.2176853], [-82.5526054, 33.2172581], [-82.55893, 33.2166245], [-82.5636175, 33.2161316], [-82.5743721, 33.2150052], [-82.5788878, 33.2146031], [-82.5842233, 33.2140896], [-82.5900823, 33.2135268], [-82.5939822, 33.2131318], [-82.5988413, 33.2126696], [-82.6029236, 33.2122719], [-82.6076014, 33.2118186], [-82.6166837, 33.2109345], [-82.6202861, 33.2106041], [-82.623896, 33.2103023], [-82.6293225, 33.2099432], [-82.6333184, 33.2095593], [-82.6388545, 33.2091168], [-82.6453454, 33.2086051], [-82.6490362, 33.2083268], [-82.6577372, 33.2076715], [-82.6630158, 33.2072855], [-82.6706745, 33.206839], [-82.6767999, 33.206318], [-82.6802367, 33.2060404], [-82.6865382, 33.2054489], [-82.6873488, 33.2052926], [-82.6926811, 33.204772], [-82.6968546, 33.2044398], [-82.7004917, 33.2040179], [-82.7057305, 33.2035295], [-82.7102334, 33.2030573], [-82.7149327, 33.2026354], [-82.7196373, 33.2023015], [-82.7229535, 33.20206], [-82.7335171, 33.2012646], [-82.7400743, 33.2008], [-82.7469261, 33.2002564], [-82.7535887, 33.1997896], [-82.7573116, 33.1994933], [-82.760018, 33.199312], [-82.764707, 33.198904], [-82.765401, 33.198841], [-82.769573, 33.198628], [-82.777141, 33.198245], [-82.783107, 33.197938], [-82.78898, 33.197646], [-82.790073, 33.197571], [-82.796774, 33.197241], [-82.79721, 33.197218], [-82.804016, 33.196856], [-82.806298, 33.196734], [-82.809528, 33.196508], [-82.816047, 33.196033], [-82.819314, 33.195794], [-82.822902, 33.195532], [-82.829742, 33.195031], [-82.8356984, 33.1947087], [-82.8400989, 33.1943379], [-82.8446193, 33.1939497], [-82.8486067, 33.193627], [-82.8532153, 33.1932413], [-82.8574522, 33.1928381], [-82.8622179, 33.1930366], [-82.8660502, 33.1931697], [-82.8710314, 33.1933306], [-82.8762852, 33.1934973], [-82.8803961, 33.1936546], [-82.8851632, 33.1938058], [-82.8903322, 33.1939693], [-82.8947528, 33.1941174], [-82.9000361, 33.1943025], [-82.9042133, 33.1943334], [-82.907915, 33.1943611], [-82.9114286, 33.1943858], [-82.9171248, 33.1944074], [-82.9212947, 33.1944413], [-82.9268102, 33.1944876], [-82.9306557, 33.1944969], [-82.9354781, 33.194537], [-82.9402157, 33.1945586], [-82.9461811, 33.1945833], [-82.9508229, 33.1946141], [-82.955461, 33.1946388], [-82.9589045, 33.1946481], [-82.9642542, 33.1947005], [-82.9674453, 33.1947477], [-82.9725197, 33.1936376], [-82.9767466, 33.1927282], [-82.980828, 33.1918551], [-82.9848946, 33.1909819], [-82.9890498, 33.1900816], [-82.9934593, 33.1891426], [-82.9972929, 33.188236], [-82.9998651, 33.1876324], [-83.0031764, 33.1868642], [-83.0074701, 33.1858484], [-83.0103756, 33.1852834], [-83.0151818, 33.1843361], [-83.0185559, 33.1836583], [-83.0240946, 33.1825787], [-83.0298524, 33.1813565], [-83.0350412, 33.1802422], [-83.0386408, 33.1794613], [-83.0429952, 33.1785279], [-83.0479641, 33.1774644], [-83.0524436, 33.1765088], [-83.0565818, 33.1756167], [-83.0616295, 33.1745392], [-83.0664143, 33.17352], [-83.0710864, 33.1725232], [-83.0754153, 33.1716028], [-83.081289, 33.1704623], [-83.085339, 33.1696721], [-83.0898073, 33.16881], [-83.0949998, 33.1678042], [-83.0991785, 33.1669959], [-83.1052346, 33.1658285], [-83.1099818, 33.1649259], [-83.1134283, 33.1642546], [-83.1189275, 33.1631943], [-83.122383, 33.1626005], [-83.126248, 33.1619527], [-83.1310917, 33.1611272], [-83.1363754, 33.1602381], [-83.1410037, 33.1594363], [-83.14415, 33.1608192], [-83.1477691, 33.1625511], [-83.1510849, 33.1641388], [-83.1540345, 33.165618], [-83.1575443, 33.1673794], [-83.1623644, 33.1697894], [-83.1654609, 33.1713868], [-83.1697699, 33.1735327], [-83.1727884, 33.1750463], [-83.1762339, 33.1767953], [-83.1795765, 33.1784849], [-83.1831649, 33.1802768], [-83.1885314, 33.1829912], [-83.1916741, 33.1845816], [-83.195733, 33.1866248], [-83.1998544, 33.188702], [-83.203375, 33.1904834], [-83.2074556, 33.1925605], [-83.2099866, 33.1938573], [-83.2116131, 33.1941905], [-83.2141468, 33.1954736], [-83.2168947, 33.1968951], [-83.2205652, 33.1969272], [-83.2248824, 33.1970113], [-83.2263287, 33.197025], [-83.229678, 33.1970932], [-83.2349494, 33.1971956], [-83.2367491, 33.1972206], [-83.239324, 33.1974426], [-83.2439293, 33.1975359], [-83.2491599, 33.1976428], [-83.2537272, 33.1977292], [-83.2561415, 33.1979967], [-83.2615026, 33.1980718], [-83.2647078, 33.1981241], [-83.2687534, 33.1981386], [-83.2722273, 33.1977015], [-83.2784424, 33.1964988], [-83.2810117, 33.196231], [-83.2842654, 33.1984831], [-83.2861441, 33.198984], [-83.2883191, 33.2005111], [-83.2924865, 33.2008972], [-83.2960589, 33.2012357], [-83.2974906, 33.2027121], [-83.2998469, 33.2050259], [-83.3021152, 33.2072741], [-83.3047143, 33.2098216], [-83.3059811, 33.2114119], [-83.3067709, 33.2122099], [-83.3098617, 33.215259], [-83.3128974, 33.2182484], [-83.3152277, 33.2205597], [-83.3188009, 33.2240546], [-83.3219668, 33.2271244], [-83.3234319, 33.228716], [-83.3248069, 33.2305442], [-83.3268644, 33.2321361], [-83.329116, 33.2338253], [-83.3322231, 33.2369263], [-83.3350783, 33.2397218], [-83.337459, 33.242043], [-83.340671, 33.2452948], [-83.3431147, 33.247781], [-83.3457348, 33.2504251], [-83.3482953, 33.2530394], [-83.35126, 33.2560241], [-83.354069, 33.2588646], [-83.3573104, 33.2621473], [-83.3599305, 33.2647769], [-83.3627269, 33.2673538], [-83.3654183, 33.2697902], [-83.3663901, 33.2709877], [-83.3689639, 33.2732976], [-83.3722768, 33.2762674], [-83.3749514, 33.2786473], [-83.3762451, 33.2802257], [-83.3782515, 33.2826363], [-83.3815738, 33.2856494], [-83.3855158, 33.2892656], [-83.3877097, 33.2912905], [-83.3906045, 33.2939633], [-83.3932879, 33.2964278], [-83.395656, 33.2985931], [-83.3983558, 33.3010673], [-83.4005923, 33.3030734], [-83.4015354, 33.3042744], [-83.4028146, 33.3058283], [-83.4055754, 33.3092337], [-83.4079958, 33.31215], [-83.4102924, 33.3149527], [-83.4129148, 33.3181528], [-83.4155787, 33.3214035], [-83.4178498, 33.3241426], [-83.4199109, 33.3266745], [-83.4231925, 33.3307056], [-83.4252682, 33.3332553], [-83.4281078, 33.336991], [-83.4304544, 33.340078], [-83.4322525, 33.3424433], [-83.4344205, 33.3452952], [-83.4362458, 33.3476961], [-83.4384977, 33.3506582], [-83.4408475, 33.3537489], [-83.4426943, 33.3561779], [-83.4449221, 33.3588058], [-83.4472248, 33.361522], [-83.4496434, 33.3643748], [-83.4516808, 33.3668272], [-83.4541437, 33.3697514], [-83.4566502, 33.3727274], [-83.4591718, 33.3757212], [-83.4613514, 33.3783088], [-83.4623627, 33.37968], [-83.4635638, 33.3818379], [-83.4665211, 33.3846036], [-83.4693692, 33.3873123], [-83.4716786, 33.3895152], [-83.472519, 33.3935922], [-83.4733356, 33.3975237], [-83.4741227, 33.4013703], [-83.4748506, 33.4050318], [-83.4754931, 33.4082564], [-83.4783665, 33.4107092], [-83.4810872, 33.4129803], [-83.4844121, 33.415766], [-83.4868075, 33.4188534], [-83.4893104, 33.4221992], [-83.4921672, 33.4259476], [-83.4946283, 33.4279855], [-83.4974916, 33.4304126], [-83.4987672, 33.4317073], [-83.5020133, 33.434478], [-83.5057032, 33.4376274], [-83.5082716, 33.4398195], [-83.5111993, 33.4423109], [-83.513905, 33.4446235], [-83.5163533, 33.4468446], [-83.5189057, 33.4491479], [-83.5211239, 33.4511587], [-83.52504, 33.4545769], [-83.5281237, 33.4572547], [-83.5318207, 33.460499], [-83.5346688, 33.463003], [-83.5387219, 33.4665258], [-83.5416905, 33.4691164], [-83.5445605, 33.4716476], [-83.5478194, 33.4744756], [-83.5512809, 33.4775045], [-83.5541674, 33.4798527], [-83.5562761, 33.4815795], [-83.5598417, 33.4844575], [-83.564081, 33.4878927], [-83.5675206, 33.4907202], [-83.5697882, 33.4925701], [-83.5731648, 33.4952539], [-83.5752187, 33.4977722], [-83.5774807, 33.500129], [-83.5798633, 33.5026318], [-83.582076, 33.5049291], [-83.5846065, 33.5075825], [-83.5865015, 33.5093818], [-83.5894263, 33.5121538], [-83.5917924, 33.5143778], [-83.5946625, 33.5171085], [-83.5971655, 33.5194556], [-83.601235, 33.5233186], [-83.6044501, 33.526355], [-83.6070811, 33.5288575], [-83.6083236, 33.5321074], [-83.6096221, 33.5354552], [-83.6109859, 33.5389887], [-83.6121744, 33.5420109], [-83.6136533, 33.5458409], [-83.614798, 33.548808], [-83.6164959, 33.5531489], [-83.6179692, 33.5569556], [-83.6196617, 33.5612962], [-83.6211405, 33.5650934], [-83.6228877, 33.5696024], [-83.624498, 33.5737141], [-83.6253524, 33.5764019], [-83.6262485, 33.5792768], [-83.6271051, 33.5818913], [-83.6281841, 33.5852542], [-83.6294557, 33.588683], [-83.6308083, 33.5922978], [-83.6316431, 33.5937752], [-83.6325759, 33.5962899], [-83.6342262, 33.6006504], [-83.6355517, 33.6041154], [-83.6370014, 33.6079657], [-83.6382461, 33.6112875], [-83.638458, 33.6118528], [-83.6397517, 33.6153401], [-83.6409512, 33.6185146], [-83.6421124, 33.6215568], [-83.644243, 33.6245213], [-83.6466639, 33.627887], [-83.6484768, 33.6304135], [-83.6504486, 33.6331953], [-83.6526832, 33.6363236], [-83.6551589, 33.6397892], [-83.6576565, 33.6432683], [-83.6598199, 33.6462595], [-83.6613754, 33.6483888], [-83.6635334, 33.6508417], [-83.6664543, 33.6540669], [-83.6690395, 33.6569118], [-83.6716267, 33.6597193], [-83.6730685, 33.662354], [-83.6753196, 33.6663291], [-83.6765684, 33.6685081], [-83.677683, 33.6704704], [-83.6787976, 33.6724327], [-83.679611, 33.6740269], [-83.6804469, 33.6757929], [-83.6812235, 33.6771613], [-83.6828565, 33.680033], [-83.6841139, 33.6822417], [-83.6852035, 33.6841403], [-83.6860314, 33.685582], [-83.6869759, 33.6872485], [-83.6888806, 33.6906039], [-83.6905502, 33.6935889], [-83.6924222, 33.695795], [-83.6943197, 33.6981051], [-83.6959858, 33.7001169], [-83.6953387, 33.7023479], [-83.6942363, 33.7061301], [-83.6931661, 33.7098217], [-83.6921327, 33.7133898], [-83.6909748, 33.7173085], [-83.6910801, 33.7214188], [-83.6911171, 33.7236123], [-83.6911683, 33.7255242], [-83.6912052, 33.7271236], [-83.6912394, 33.7290946], [-83.6912797, 33.7307239], [-83.6913207, 33.7323551], [-83.6913932, 33.7363334], [-83.6914857, 33.7402077], [-83.6915469, 33.7432085], [-83.6916237, 33.7468302], [-83.6916326, 33.7509368], [-83.6912383, 33.7529305], [-83.6909848, 33.7543689], [-83.6906066, 33.7562756], [-83.6902083, 33.7582792], [-83.6897979, 33.760236], [-83.6893876, 33.7622496], [-83.6890174, 33.7640323], [-83.6885789, 33.7661461], [-83.6881725, 33.7681328], [-83.6877461, 33.7701897], [-83.6873598, 33.7720559], [-83.6869219, 33.7741879], [-83.6864867, 33.7762736], [-83.686151, 33.7779313], [-83.6854139, 33.781457], [-83.684718, 33.7848306], [-83.6844362, 33.7861298], [-83.6840264, 33.7882109], [-83.6834469, 33.7908808], [-83.6838116, 33.792142], [-83.6844304, 33.7944827], [-83.6852326, 33.7974996], [-83.6856544, 33.7990818], [-83.686251, 33.8012885], [-83.6866802, 33.8027222], [-83.6877373, 33.8064995], [-83.6882539, 33.8077367], [-83.6892774, 33.8103893], [-83.6900467, 33.8121662], [-83.6911815, 33.8148845], [-83.6918072, 33.8163408], [-83.6925382, 33.8180857], [-83.6936893, 33.8208044], [-83.6949733, 33.8238185], [-83.6955786, 33.8252909], [-83.6965802, 33.8275461], [-83.6968174, 33.829192], [-83.6971013, 33.8308872], [-83.6974258, 33.8328027], [-83.6978564, 33.8353375], [-83.6982297, 33.8375791], [-83.6984559, 33.8388304], [-83.6987582, 33.8406337], [-83.6990977, 33.8426263], [-83.6994472, 33.8442979], [-83.699945, 33.8467027], [-83.7005988, 33.8498174], [-83.7009539, 33.8515012], [-83.7013599, 33.8534032], [-83.7015901, 33.8545251], [-83.7019458, 33.8562276], [-83.7025917, 33.8593344], [-83.7033744, 33.8630343], [-83.7041324, 33.8666542], [-83.7047649, 33.8695216], [-83.7054868, 33.872611], [-83.7061563, 33.8744729], [-83.7068801, 33.8765357], [-83.7081395, 33.8798428], [-83.7092821, 33.8828044], [-83.7103905, 33.8857115], [-83.7119177, 33.8897586], [-83.7125389, 33.8912653], [-83.7131832, 33.8928399], [-83.7165141, 33.8935069], [-83.7191217, 33.8940373], [-83.7196355, 33.8955933], [-83.7202789, 33.8975601], [-83.720942, 33.8997222], [-83.7218844, 33.9028007], [-83.7227728, 33.9056895], [-83.7239113, 33.9093532], [-83.7243398, 33.910746], [-83.7251115, 33.9132651], [-83.7257666, 33.9153746], [-83.726223, 33.9168638], [-83.7267878, 33.9187069], [-83.7278063, 33.9220348], [-83.728866, 33.925489], [-83.7296529, 33.9280242], [-83.7302398, 33.9299671], [-83.7309601, 33.9322916], [-83.7314265, 33.9340159], [-83.7319531, 33.9358269], [-83.7321816, 33.9374695], [-83.7326734, 33.940494], [-83.7332064, 33.9422444], [-83.7339584, 33.9448687], [-83.7359136, 33.9454617], [-83.7378591, 33.9460545], [-83.7422761, 33.9474095], [-83.7464735, 33.9486852], [-83.7485339, 33.9492992], [-83.7504146, 33.9498708], [-83.7526741, 33.9505854], [-83.7539591, 33.9509412], [-83.7559808, 33.9528922], [-83.7580309, 33.9548459], [-83.7598398, 33.9565645], [-83.7620005, 33.9586047], [-83.7648162, 33.9612745], [-83.7627235, 33.9632846], [-83.7601364, 33.9657248], [-83.758095, 33.9686063], [-83.7571514, 33.9699106], [-83.7559082, 33.9716223], [-83.754722, 33.9732643], [-83.7536256, 33.9747921], [-83.7529583, 33.9760813], [-83.7510701, 33.9787223], [-83.7521356, 33.9810468], [-83.7538012, 33.9846708], [-83.7535645, 33.9868715], [-83.7531901, 33.9901948], [-83.7533047, 33.9922425], [-83.7536638, 33.9943567], [-83.7534281, 33.995251], [-83.7531307, 33.9954594]]}}, {"type": "Feature", "properties": {"project_id": "GPC_12147", "route_mi": 22.78}, "geometry": {"type": "LineString", "coordinates": [[-83.7036557, 33.6814192], [-83.6990311, 33.6918073], [-83.7036927, 33.6927129], [-83.7073168, 33.6934258], [-83.713155, 33.69453], [-83.7180275, 33.6955046], [-83.7225885, 33.6963444], [-83.7275008, 33.6972481], [-83.7318376, 33.6980819], [-83.7360404, 33.6988888], [-83.740622, 33.6997649], [-83.7431714, 33.7002413], [-83.7485313, 33.7034187], [-83.751868, 33.7053645], [-83.7557142, 33.7076449], [-83.7596893, 33.709952], [-83.7633585, 33.7121118], [-83.767498, 33.7145693], [-83.7710868, 33.7166576], [-83.7737582, 33.718197], [-83.7782375, 33.7208385], [-83.7796162, 33.7216594], [-83.784074, 33.7244347], [-83.7858872, 33.7255367], [-83.7909083, 33.7284055], [-83.7953178, 33.7309306], [-83.7996362, 33.7333754], [-83.8031874, 33.7354186], [-83.8060306, 33.7370424], [-83.8090293, 33.7387421], [-83.8125966, 33.7407673], [-83.8169364, 33.7431137], [-83.819109, 33.7442601], [-83.8232933, 33.7464681], [-83.8251976, 33.7474851], [-83.8298218, 33.7499963], [-83.8339846, 33.7522041], [-83.8372247, 33.7539258], [-83.8418059, 33.7562539], [-83.845738, 33.7582386], [-83.8487743, 33.7597773], [-83.8496738, 33.7602019], [-83.8528495, 33.7618164], [-83.8576185, 33.7643718], [-83.8607137, 33.7660619], [-83.8644152, 33.7680464], [-83.8686209, 33.7702761], [-83.8732826, 33.7727599], [-83.8759755, 33.7742135], [-83.8783519, 33.7754888], [-83.8827293, 33.7780527], [-83.8873856, 33.7808083], [-83.8923638, 33.7837777], [-83.8956951, 33.7858108], [-83.9006196, 33.7872063], [-83.9039885, 33.7881961], [-83.9099698, 33.789917], [-83.9149534, 33.7913347], [-83.9189016, 33.792476], [-83.92279, 33.7936724], [-83.9273346, 33.7950657], [-83.9308724, 33.7961557], [-83.9333017, 33.796931], [-83.9347427, 33.7973877], [-83.9364217, 33.797927], [-83.9397234, 33.7990164], [-83.9427428, 33.8000007], [-83.9453685, 33.800857], [-83.9490178, 33.8033831], [-83.9518832, 33.8053601], [-83.9549506, 33.8074594], [-83.9587334, 33.8100621], [-83.9622184, 33.81116], [-83.9668673, 33.8126021], [-83.971595, 33.8141096], [-83.9756278, 33.8153896], [-83.980667, 33.8169681], [-83.9861957, 33.8187031], [-83.9912624, 33.82031], [-83.9949425, 33.8214704], [-83.9984035, 33.822554], [-84.0004473, 33.8231768], [-84.00321, 33.8246727], [-84.0073899, 33.8268995], [-84.0086577, 33.8275931], [-84.0115124, 33.8291003], [-84.016141, 33.8315664], [-84.0185372, 33.8328347], [-84.0222303, 33.834661], [-84.0266601, 33.8368595], [-84.0313553, 33.8371827], [-84.0355523, 33.8375034], [-84.0392424, 33.8378069], [-84.0439965, 33.8381595], [-84.046882, 33.8384581], [-84.0480294, 33.8387239], [-84.0481209, 33.8388687]]}}, {"type": "Feature", "properties": {"project_id": "GPC_21053", "route_mi": 21.26}, "geometry": {"type": "LineString", "coordinates": [[-83.8738012, 34.2728832], [-83.8738826, 34.2728493], [-83.8757523, 34.2732565], [-83.8763223, 34.2740706], [-83.877087, 34.2751393], [-83.8779259, 34.2763308], [-83.8787386, 34.277432], [-83.8808789, 34.2763719], [-83.8819104, 34.274699], [-83.8827894, 34.2732731], [-83.8833951, 34.2723203], [-83.8843473, 34.27076], [-83.885144, 34.2694967], [-83.8865625, 34.2672324], [-83.8877155, 34.2653829], [-83.8892474, 34.2628936], [-83.8898595, 34.26193], [-83.8906401, 34.26068], [-83.8918319, 34.2587848], [-83.8929428, 34.2570074], [-83.8941314, 34.2550934], [-83.8954301, 34.253], [-83.8958609, 34.2523254], [-83.8968584, 34.2507486], [-83.8983676, 34.2483152], [-83.8990024, 34.2473166], [-83.8998283, 34.2459887], [-83.9011983, 34.2438014], [-83.9021699, 34.2426501], [-83.9030184, 34.2416327], [-83.9041326, 34.2403128], [-83.905373, 34.2388081], [-83.9068077, 34.2372471], [-83.9079838, 34.235948], [-83.9094056, 34.2345369], [-83.9103934, 34.2335569], [-83.9116079, 34.2324404], [-83.9136224, 34.2305928], [-83.9151673, 34.2291709], [-83.917104, 34.2272804], [-83.918108, 34.2262949], [-83.919397, 34.2248891], [-83.9202229, 34.2239866], [-83.9220463, 34.2220076], [-83.9238697, 34.2200205], [-83.9253433, 34.2184137], [-83.9268558, 34.216772], [-83.9278069, 34.2157112], [-83.9293505, 34.2140694], [-83.9306771, 34.2126289], [-83.9320427, 34.2111699], [-83.9329906, 34.2101308], [-83.934849, 34.2080682], [-83.9362822, 34.2065158], [-83.9372415, 34.2054736], [-83.9383625, 34.2042634], [-83.9397844, 34.2027171], [-83.9420039, 34.2003184], [-83.9441632, 34.1979724], [-83.9447763, 34.1972972], [-83.9459801, 34.1959842], [-83.9474585, 34.1943756], [-83.9485908, 34.1931278], [-83.9501482, 34.1914476], [-83.9519237, 34.1904768], [-83.9539852, 34.1877665], [-83.9562348, 34.1848165], [-83.9570548, 34.1839233], [-83.9585784, 34.1822491], [-83.961396, 34.1791713], [-83.9621746, 34.1783186], [-83.9633107, 34.1770893], [-83.96509, 34.1751473], [-83.9663969, 34.173734], [-83.9679753, 34.1719745], [-83.9680366, 34.1719257], [-83.9696659, 34.1701439], [-83.9708331, 34.1688786], [-83.9716948, 34.1679312], [-83.9731793, 34.1663125], [-83.9752702, 34.1640278], [-83.9768475, 34.162319], [-83.9777874, 34.1612829], [-83.9796282, 34.1592619], [-83.9805843, 34.1582285], [-83.9817974, 34.156899], [-83.9831211, 34.1554377], [-83.9851927, 34.1534757], [-83.9867465, 34.1518912], [-83.9873332, 34.1511832], [-83.9883236, 34.1500083], [-83.9890716, 34.1491066], [-83.9898531, 34.1481803], [-83.9907727, 34.1470954], [-83.9918394, 34.1459156], [-83.9930705, 34.1445749], [-83.9944088, 34.1431105], [-83.9952063, 34.1422421], [-83.9962257, 34.1411365], [-83.9977524, 34.1394744], [-83.9992437, 34.137851], [-84.0001889, 34.1367176], [-84.0010857, 34.1356784], [-84.0023896, 34.1341113], [-84.0040807, 34.1321413], [-84.0053369, 34.1306463], [-84.00616, 34.1296818], [-84.006991, 34.1286943], [-84.0079939, 34.1275114], [-84.00907, 34.1262303], [-84.0097999, 34.1253571], [-84.0107588, 34.1242369], [-84.0119654, 34.1228213], [-84.0142665, 34.1223382], [-84.0157562, 34.1230998], [-84.0185607, 34.1242109], [-84.0229965, 34.1259684], [-84.024259, 34.1264686], [-84.0267038, 34.1278044], [-84.0291392, 34.1291021], [-84.0307472, 34.1299646], [-84.0317195, 34.1304858], [-84.0348439, 34.1321607], [-84.0364105, 34.1318672], [-84.0383802, 34.1314981], [-84.0407444, 34.1310343], [-84.0427449, 34.1307893], [-84.0438062, 34.1323699], [-84.0446088, 34.1335702], [-84.0460983, 34.1357739], [-84.0445924, 34.1366685], [-84.0441035, 34.137906], [-84.046402, 34.139541], [-84.0482506, 34.1408383], [-84.0506165, 34.142532], [-84.051638, 34.1432488], [-84.0540814, 34.1449902], [-84.0549619, 34.1455959], [-84.0566997, 34.1468586], [-84.0590226, 34.148488], [-84.0606388, 34.1496522], [-84.062736, 34.1511445], [-84.0636371, 34.1517667], [-84.0647576, 34.1525802], [-84.066785, 34.1540304], [-84.0679025, 34.1548632], [-84.0706202, 34.155388], [-84.0723041, 34.1557492], [-84.0744257, 34.1563762], [-84.0783314, 34.1593376], [-84.0785056, 34.1613178], [-84.0795001, 34.1630833], [-84.0818253, 34.1647303], [-84.085041, 34.1670216], [-84.086467, 34.1680451], [-84.0873875, 34.1686953], [-84.0887117, 34.169637], [-84.0909769, 34.1712302], [-84.0929626, 34.1703838], [-84.0942531, 34.1703952], [-84.0968254, 34.1704309], [-84.0977173, 34.1704466], [-84.0994918, 34.1696401], [-84.1010533, 34.1682331], [-84.1020073, 34.1672681], [-84.1029759, 34.1662991], [-84.1038737, 34.1653826], [-84.1058646, 34.1643228], [-84.1070918, 34.1641148], [-84.1095951, 34.163915], [-84.1113334, 34.1638936], [-84.1133018, 34.1635253], [-84.11349, 34.16327]]}}, {"type": "Feature", "properties": {"project_id": "GPC_10487", "route_mi": 10.21}, "geometry": {"type": "LineString", "coordinates": [[-83.2279869, 30.8816485], [-83.2280092, 30.8817715], [-83.2277714, 30.8808163], [-83.2272493, 30.8793562], [-83.2272541, 30.8776144], [-83.2272156, 30.8757695], [-83.2271916, 30.8738295], [-83.2271531, 30.8718895], [-83.2271483, 30.8700403], [-83.227105, 30.8679888], [-83.2270858, 30.866251], [-83.2270666, 30.8644058], [-83.2270137, 30.8604924], [-83.2269656, 30.858676], [-83.2269415, 30.8568431], [-83.2267717, 30.8549638], [-83.2266915, 30.8533298], [-83.226451, 30.8517115], [-83.2273743, 30.8505389], [-83.2306012, 30.8492632], [-83.2350062, 30.847459], [-83.2369106, 30.846691], [-83.2380359, 30.8462493], [-83.2396373, 30.8456836], [-83.2414743, 30.8449528], [-83.2439414, 30.8439908], [-83.2462304, 30.8431444], [-83.2471634, 30.8449157], [-83.2480194, 30.8464929], [-83.2502515, 30.845641], [-83.2507893, 30.8437962], [-83.2504957, 30.8432447], [-83.2495654, 30.8414556], [-83.2519102, 30.8405158], [-83.2518555, 30.8395833], [-83.2516744, 30.837682], [-83.2515903, 30.8361386], [-83.2515439, 30.8347867], [-83.2514471, 30.832635], [-83.2514038, 30.8307189], [-83.2517212, 30.8299054], [-83.2517116, 30.8283362], [-83.2516756, 30.8271489], [-83.2516316, 30.8249987], [-83.2516505, 30.8233227], [-83.2517195, 30.820752], [-83.2518987, 30.8188349], [-83.2519893, 30.8180951], [-83.2522027, 30.8164298], [-83.2523408, 30.8150985], [-83.2525981, 30.81339], [-83.2523972, 30.8112826], [-83.2522359, 30.8093103], [-83.2520746, 30.8073381], [-83.2533227, 30.8056977], [-83.2618429, 30.8057198], [-83.2636413, 30.8057072], [-83.2656018, 30.8051184], [-83.2674444, 30.8045677], [-83.2697126, 30.803904], [-83.2719514, 30.8032098], [-83.2737239, 30.8037953], [-83.2751096, 30.803751], [-83.2767716, 30.8036877], [-83.2791264, 30.8035896], [-83.2814407, 30.8034377], [-83.2829148, 30.803349], [-83.2851886, 30.8031971], [-83.2869906, 30.8030483], [-83.2880188, 30.8047449], [-83.2879635, 30.8061693], [-83.2879746, 30.8080684], [-83.2879672, 30.8091604], [-83.2879377, 30.8107461], [-83.2879358, 30.8125056], [-83.2879287, 30.8135328], [-83.2879109, 30.8156026], [-83.287904, 30.8167343], [-83.2878955, 30.8187038], [-83.2878488, 30.820871], [-83.2878709, 30.8221054], [-83.2877496, 30.8239984], [-83.2876241, 30.8240849]]}}, {"type": "Feature", "properties": {"project_id": "GPC_18700", "route_mi": 21.06}, "geometry": {"type": "LineString", "coordinates": [[-84.1335754, 34.3781185], [-84.1334865, 34.3780955], [-84.1328835, 34.3773692], [-84.1317351, 34.3759259], [-84.1277316, 34.3758424], [-84.1242341, 34.3757963], [-84.1229182, 34.3757761], [-84.1203933, 34.3757267], [-84.1191382, 34.3757108], [-84.1171932, 34.3756712], [-84.1158476, 34.3756542], [-84.1136531, 34.3756099], [-84.1124208, 34.3755823], [-84.1109837, 34.3755623], [-84.1068072, 34.3753686], [-84.1048983, 34.3752725], [-84.1000041, 34.3750452], [-84.0978159, 34.3749475], [-84.0936493, 34.3747462], [-84.0910767, 34.3746311], [-84.0864728, 34.3744265], [-84.0811177, 34.3741661], [-84.0790591, 34.3740743], [-84.0768083, 34.3739602], [-84.0749923, 34.3738014], [-84.0725176, 34.3735623], [-84.0672514, 34.3730978], [-84.0663466, 34.3730405], [-84.0628727, 34.3727066], [-84.059559, 34.372415], [-84.0564136, 34.3721097], [-84.0550383, 34.3719993], [-84.0527944, 34.3717977], [-84.0492446, 34.3714556], [-84.0457938, 34.371153], [-84.0439082, 34.3710004], [-84.0423975, 34.3708423], [-84.0400015, 34.3706338], [-84.0382126, 34.3704788], [-84.0348458, 34.3701497], [-84.0330439, 34.3697833], [-84.0308004, 34.3693048], [-84.0299141, 34.3691157], [-84.0279546, 34.3687222], [-84.0254413, 34.3681935], [-84.0238501, 34.3678861], [-84.0217284, 34.3674389], [-84.0195917, 34.366998], [-84.0170614, 34.3664761], [-84.0149634, 34.3660398], [-84.0129936, 34.3656271], [-84.0103653, 34.3650836], [-84.0073545, 34.364455], [-84.0057891, 34.3641314], [-84.0040595, 34.3653256], [-84.0015754, 34.3670177], [-83.9991945, 34.3665183], [-83.9954328, 34.3657296], [-83.9927387, 34.3651655], [-83.9893649, 34.3644649], [-83.9864947, 34.3638538], [-83.984297, 34.3633911], [-83.9817418, 34.3628565], [-83.9807649, 34.3626376], [-83.9787453, 34.3629065], [-83.9746295, 34.3634309], [-83.9728411, 34.3636468], [-83.9704336, 34.3639567], [-83.9681256, 34.3642461], [-83.9632073, 34.3648483], [-83.9608513, 34.3651509], [-83.957312, 34.3656107], [-83.9539684, 34.3655563], [-83.9521587, 34.3655255], [-83.9494255, 34.3654785], [-83.9481835, 34.3654667], [-83.9446246, 34.3654638], [-83.94116, 34.3654858], [-83.9364036, 34.3655064], [-83.9324573, 34.3655274], [-83.9295746, 34.3655465], [-83.9291351, 34.3655421], [-83.9250175, 34.3655245], [-83.9225369, 34.365545], [-83.9188873, 34.3655788], [-83.9171755, 34.36562], [-83.9143657, 34.3657096], [-83.9119439, 34.3658006], [-83.9089171, 34.3659196], [-83.9057693, 34.3660283], [-83.9040041, 34.3660856], [-83.9004986, 34.3661957], [-83.8988259, 34.3662001], [-83.8960874, 34.366231], [-83.8939609, 34.3662516], [-83.8921548, 34.3662692], [-83.888361, 34.3663059], [-83.8861634, 34.3663397], [-83.8847808, 34.3661987], [-83.8828056, 34.3660004], [-83.8795226, 34.365689], [-83.8763552, 34.3653747], [-83.8722536, 34.3649884], [-83.870282, 34.3647974], [-83.8683359, 34.3646007], [-83.8664177, 34.3644215], [-83.8656241, 34.3643275], [-83.8635048, 34.3631392], [-83.8617823, 34.3618392], [-83.8600857, 34.3605516], [-83.8584365, 34.359313], [-83.8568305, 34.3581141], [-83.8552292, 34.3558052], [-83.8543602, 34.3537857], [-83.8532367, 34.3513162], [-83.8523557, 34.3493243], [-83.8525357, 34.347378], [-83.8527374, 34.345612], [-83.8504255, 34.3442047], [-83.8482626, 34.341503], [-83.8460593, 34.3388807], [-83.8447342, 34.3391205], [-83.8417981, 34.3396525], [-83.8415264, 34.3396034], [-83.8427733, 34.337603], [-83.8438, 34.3359476], [-83.8449044, 34.3342173], [-83.8459084, 34.3326233], [-83.8468962, 34.331032], [-83.847607, 34.3298641], [-83.8485916, 34.3283449], [-83.8496506, 34.3266144], [-83.8502077, 34.325705], [-83.851189, 34.3241671], [-83.8522189, 34.3225622], [-83.8511242, 34.3205561], [-83.8498514, 34.3182103], [-83.8499097, 34.3161292], [-83.8499648, 34.3139596], [-83.8544, 34.3133755], [-83.8560213, 34.3131642], [-83.8582332, 34.312869], [-83.8598696, 34.3102373], [-83.8609455, 34.3084972], [-83.8617356, 34.3072451], [-83.8628517, 34.305449], [-83.8632382, 34.3049436], [-83.8631294, 34.304997]]}}, {"type": "Feature", "properties": {"project_id": "GPC_17993", "route_mi": 15.65}, "geometry": {"type": "LineString", "coordinates": [[-82.1686481, 33.5439942], [-82.1685432, 33.5439481], [-82.1695904, 33.543981], [-82.1716269, 33.543584], [-82.1732925, 33.5430274], [-82.1747327, 33.542552], [-82.176711, 33.541869], [-82.1784577, 33.5412797], [-82.1821788, 33.5400301], [-82.1842413, 33.5393386], [-82.1861455, 33.5386972], [-82.1881238, 33.5380342], [-82.1891114, 33.5377477], [-82.1918033, 33.5369237], [-82.1953446, 33.5358706], [-82.1971143, 33.5353334], [-82.2006433, 33.5342603], [-82.2033251, 33.5334616], [-82.2057249, 33.5327215], [-82.2071997, 33.5322679], [-82.2087991, 33.531807], [-82.2116488, 33.5309442], [-82.2143425, 33.5301418], [-82.2161772, 33.5295792], [-82.2184165, 33.5289178], [-82.2201137, 33.5284233], [-82.2233077, 33.5274448], [-82.2249665, 33.5269445], [-82.2269622, 33.5263722], [-82.2292767, 33.5256634], [-82.2333633, 33.5244484], [-82.2366015, 33.5234885], [-82.2385984, 33.5228879], [-82.2415568, 33.5220135], [-82.2439314, 33.5212965], [-82.2454014, 33.5208683], [-82.2473385, 33.5203056], [-82.2510397, 33.5192091], [-82.2539752, 33.5183728], [-82.2576063, 33.5172913], [-82.2597236, 33.5166777], [-82.2615469, 33.5161161], [-82.2654542, 33.5149637], [-82.2673526, 33.5144135], [-82.2689951, 33.5139096], [-82.2713412, 33.5132573], [-82.2733412, 33.5126644], [-82.2761957, 33.5118711], [-82.2780638, 33.5113499], [-82.2807693, 33.5105577], [-82.2846684, 33.5094699], [-82.2868528, 33.5088539], [-82.2893237, 33.5081429], [-82.2919471, 33.507402], [-82.2941779, 33.506774], [-82.2959886, 33.5062872], [-82.2984262, 33.5056096], [-82.3007574, 33.5050133], [-82.3032037, 33.5043605], [-82.3054648, 33.5037723], [-82.3078001, 33.5031653], [-82.3098832, 33.5017101], [-82.3117243, 33.5004102], [-82.3145605, 33.4984557], [-82.3183087, 33.4958564], [-82.3207541, 33.4941409], [-82.3225112, 33.4929404], [-82.3249932, 33.4912358], [-82.3266785, 33.4900788], [-82.3299803, 33.4878039], [-82.3311014, 33.487032], [-82.333922, 33.4857449], [-82.3353838, 33.4850954], [-82.3371004, 33.4843244], [-82.3390518, 33.4834304], [-82.3403995, 33.4827107], [-82.3415153, 33.4821612], [-82.3437362, 33.4809836], [-82.3458337, 33.4799173], [-82.3477863, 33.4789039], [-82.3500045, 33.4777375], [-82.3519062, 33.4766868], [-82.3539393, 33.4759306], [-82.3564606, 33.4749454], [-82.3589367, 33.4739946], [-82.3609184, 33.4732234], [-82.3647084, 33.4717393], [-82.3667147, 33.4709458], [-82.3696195, 33.4698271], [-82.3714139, 33.4688582], [-82.3729454, 33.4680385], [-82.3743724, 33.4672763], [-82.3765188, 33.4661311], [-82.3783125, 33.4651857], [-82.3801776, 33.4641967], [-82.3815756, 33.4634311], [-82.3832025, 33.4628485], [-82.3866113, 33.4615608], [-82.3895939, 33.4604383], [-82.3910343, 33.4599116], [-82.3932767, 33.4590596], [-82.3964817, 33.4578677], [-82.3986668, 33.4570434], [-82.4007526, 33.4562565], [-82.4025393, 33.4555825], [-82.4047998, 33.4547297], [-82.4069201, 33.4539341], [-82.408954, 33.4531625], [-82.4107808, 33.4525001], [-82.4126771, 33.4522898], [-82.4144358, 33.4526603], [-82.414219, 33.453955]]}}]}